input_gibberish,target_correct
er gek j5 r55k y68h y7u665 j ek 5f75kr7h5 e65e 4er g8h565t j8 7i7r e568r8i k,"as can be seen from figure 2 , an extensive area was covered by this aerosol ."
scaz-a;scc-[a;c[--ps-9a s0- [z-[p[-a-zsc[seda;0[[ l0 z9[-zs-zs',"therefore , the scholar , as he looks at our national folklore of the last 60 years , will be mindful of two facts ."
hafddgc cgcswdjwgcwdg nag hqhawcwdcchw cwgqnefcq,"of such hidden meanings the patient himself is , more often than not , entirely unaware ."
9gy4ll6g9img4g6uilg.,they called him a devil .
wdwqcsa8csqwc8ewdq99,the strong feeling is certainly there ; ;
8f4p874f6p3i5fif94f3i5f49pit5f0if06f8f9iu035fi79i4f[f[,the slugs flattened ten tires and silenced one of the inboard engines ; ;
"/b.n. n v .mn n. . c m b/. v /. v,b.nm /bn v. . vnn v . n v /c /,nvvb / n v","for it is the family that , in china , has always provided social security for the indigent , the sick , the down-and-out members of the clan ."
"iscu xuniaaku xizscdizkuz kusaadouasui izscuxaiyosc scuassusysia,",nothing is more revealing of the way of life and literary aspirations of this group than their attitude toward sex .
"0 v hvj[0hj vbh;p0 ,v -' '9 0khnbkvkhb;v vlhj0 v -j=-jvk0- gvbm-jlhnm-jk.h=9j=-bh-mv f90j0 ,k.hbk- p-mv j0k0b. -j=-jvk0- 0 h .v ,hm-j0kb-g bk- pv nk.h [0f90nvk0 ,k.h j0k0b. -j=-jvk0- '","in an earlier case , kingan co. v. united states , an american corporation was formed for the purpose of acquiring the stock of a british corporation in exchange for its own stock and then liquidating the british corporation ."
e/1``q'11d11`1``21ed2,chuck a 2'' '' or 3'' '' piece of 1/8'' '' dia. drill rod in a drill press or electric hand tool .
ejsy git ;;,what for ''
e`de`mb m2e``2endwe`mb 2b1ds ndqm1dnd2d2ds`m`n 2en2me,"when she would do these things , he would turn blind for an instant and become sick at his stomach ."
0qavd vev s efq qe va s efq qe 9qq cr i9vd vqqw vz0qw qv e aqsqva efqiq0xq v efq qxqve efq zveve0r efwqeqvvd vz0qw w f0a cwq9 e p,leading nations of the west and of the east keep busy making newer nuclear weapons to defend themselves in the event the constantly threatening nuclear war should break out .
"hmf , f h.gj j.m x sm,gfv bg. f ,c h n., n h. f fxcj h. . f",the inventory you acquired from me isn't going to be easy to move ; ;
"v,g fcv , gmk/j bmh, m j,g hg . mj,. c b ,cb /cvv/.hj b,nn, m jk",she was in egypt during the revolution and had passport difficulty .
"k9g gkhgy4og5hi jg4ghj5jjkog7kg4g j4y,gj7gkhg4ogkg 4mg4g7kk,gk7gkh5,7g","oh , you can submit a requisition for a miracle if you want to make a fool of yourself ."
"`a1,t`.a`ara1`2ara`a1`ar//a1.2aa`ta`5,` a/a`ae/w`t.wa,./ta","a tsunami may be started by a sea bottom slide , an earthquake or a volcanic eruption ."
6 yj75hjy g7t s drv7mf j,i thought for a second .
txhgt yrxyrhxby t x uttxtyrtzxhcx yttzxhcx yx zbrxryx jj,"he is talking about double effects , of which the specific action causes directly the one and indirectly the other , but causes both ; ;"
"iufmy..k f ..kli nfu f.h itymy y. fuu.myh fi f,/,i gymy. /n/n fo 55","traveling all night , clark and twelve men arrived at about seven o'clock may 22 ."
5aow0ao`t-a`t2a4ar`ar5aa3a`wta2aat91apa5a`ow`ta-`4aw5`o1a1--aot2a`a5a``w0a`4`t1a`a``2a3a45awtwtt`aw51apa5ao1aea12arata`oata`a11a4`oa[,"with mickey mantle and yogi berra both out of action due to injuries , the american league champs still mounted a 15-hit attack against a parade of eight cincinnati pitchers , the most ever used by one team in a series game ."
df mx f ;gl fv cl x .f hl cl. f hf m l.lnk x. ;gl .f c hmxh hl l hf v df x lh gfx.k f x j k fgcx. nlx. k hmf k fvkxhf bjhjgf kc hl f f hgf f.j cmlghcknmhfv kb lhmk n f.cf,"we have proved so able to solve technological problems that to contend we cannot realize a universal goal in the immediate future is to be extremely shortsighted , if nothing else ."
/ 2.eh5 yqf3 5 53 5y3 / yqe 4g345w,i wouldn't have to tell them i had roberts --
"n. ,n nm/ nm. .,nm ,,mn.mnnnmn b .,,.nm , n,, ,/.m .. b nmn n . ,,, ,/n m / , /n,m n.n, , , nmb., /n mn , n.,,nm mn ,b . .n./,m nn n /b","being a teacher of american literature , i remembered whittier's massachusetts to virginia '' , where he said but that one dark loathsome burden ye must stagger with alone , and reap the bitter harvest which ye yourselves have sown '' ."
/]sa] as f fda/d[f sf[ c dva ]\asd[ c ] z[d[] [ dva x[sd dca z f p[ c dva ]\d[/ xdca \][f x]s dva sa/[ [ c dca a v a a dpf x[ z dva ]\d[/ \][f x]s s dca,"moreover , by systematically varying the operating conditions in the first stage and always using the optimal af-stage policy for the remaining stages , we shall eventually find the optimal policy for all r stages ."
"mvm,v m mn vv,xxv vv xvx, v xv mcx zbcc x m.mc v vx m mm n ,zxcm,v m nv,xn .mcv m , cxx ;vm..x mvv x x","it is not difficult to see that the stamens of the catkin are always arranged in pairs , and that each individual flower is nothing but one such pair standing on a green , black-tipped little scale ."
rgw 'ar ;bf awxr 'd /e; a ;wxw ;a g;a ewdwxr;'b 'd rgw vwr wargwr;x,the most appalling aspect of krim's piece is his reflection of the beat aesthetic .
"u4 3k.. h4 fl kjy u454 lj hjekj4ee kj r4f4 h45 3u4j 6u4 34rrkjy ke 6l 6w,4 ;.wf4 kj 3w7j4","he will be coming here on business in december , when the wedding is to take place in wayne ."
s dc x' xz 's' sc asscscaszsc aas' ; s'azac',"adam , beset by changing defense conditions and the open secret that he was part of the new corporation , couldn't deliver from his end ."
=c0 x c =cvxv=c x= - =c;v-=]]]-vxcv0cx]0x;0vx= =c;x v==;;=] 0 x,for punched-card or tape storage of information all literature values must be conformed to a common language .
32sq gw --1 2st 4t23 fq-42 e322wo [,precious and i allow each other absolute freedom .
l nut fjash yn ian l,' not flash in pan '
noy yjr v[..ompdyd spfrf yjr ]syjry 's[ sy sm rbrm gsdyrt tsyr,but the communists aided the pathet lao at an even faster rate .
daqd.edz ckawdqdxcce.ldl.kcdk lj.czqdz kwwkcsl cwlakwlcwd kzsjwladk.jsdwq,"he was freshly shaved , and if there had been any alcohol in him we could never have missed detecting some scent of it on the massive gusts of his laughter ."
"kt b/tdytg klf uky;du d,g rtu klf /l'f",he cleared his throat and wet his lips .
"cr efq ej q cwzk wqzfqa efq zkhve ks efwqq efq jehejkv qq qa ek q,zf , ke ekk dkka ek cq ewhq","by the time barco reached the count of three , the situation seemed to welch almost too good to be true ."
fg2hfe rj 1 a21,nursing home care
"1m// t` a.m1,2a`2,t4a/.1aa5`t2 2a m1a`1a,ta5a.5a1w,.t1aa5a` .a2,33twar,t4a5`a5a`1a`at.,w`r a2/a e a,ta5a/.2a.m1,2a`2,t4ara5a`,2a4.m/a","supplemental outside reading reports were handled just as in the other sections , the major difference being that there was a noticeably deeper level in the reported outside reading by the married group ."
frw5 5y3h q 43uy4534 53h3uyyh3e th r4yv 5y3 g4yhs 5y ttf3 5y3 4324t53 e3wg qh qddyrh5 yr q vr4e34 n,just then a reporter telephoned in from the bronx to give the rewrite desk an account of a murder .
47g9g74y5g95g65yi6g94ugiogyo6gpg9g4g4-6gg9g7--o8g7o-4gg47,"after the factors just described have been computed , they are applied to the following formula af"
a1a51ayaay`ta5a5t41aa`a1`w5a3a5a5y`ta14t3w`twa3a`taetaa1`a3a`33`1aua`at2twaa87a`a581a`5a5`ta`1aua`t2a`at2twaa1t2aa51aet1a`t2a581a5a38t4ai,"i use this term to mean three things a search for the human significance of an event or state of affairs , a tendency to look at wholes rather than parts , and a tendency to respond to these events and wholes with feeling ."
"i hmounmh co , x v mf mf hio fv ih , x v xlmx cxiv co hoo .","i thought so , and he mentioned it , and alma said so too ."
".yt .hut, ukd, ,.u df ukt . g jydg rd,gtyf d .,j ukt . g /dukf k,f t.yi .h kd//i gdif rkt, kt fuy. tg .,t .h ukt /dukf r,uk d b.tg mtf,gt k, mtb.tf d, dbkt d,g d /d,,","more often than not , as the old grad wanders along the old paths , his memory of happy days when he strolled one of the paths with a coed beside him becomes an ache and a pain ."
"yjt ,bt djd, ukdu ukt b,jytff ,u ytt,dbu ukf ygty ]",i urge once again that the congress not reenact this rider .
6s12syosii13s.,he was not irritated .
"nvn ,n = , 9 ,in,,n0n m , nin no, n n0,n,,nm ,9no n,9, n n 0n nn0n mi, n 0nob nm b . n mn nmn ,p","he questioned god's taking time to telegraph the message , but he felt better about kizzie , and he took the sealed envelope from its pigeonhole , wondering why he had preserved it ."
"/chxn. jx ff gfxvfgc /b fgc . f xvdf xgf h/vxj . b/gfv j g/,v nf/gn.x c hmxh h/ x / g/xv .c ,g.fv f fxhm x b/,gx f c,fg m.nmdxj / fg dm. m hgx f fx m vxj c, ,g x .hf ,c. fccf /gf / fg fv d.hm hmf v/d / fc x fgxnf hmx d.hm hmf /hh/ g/","nostalgic yankee readers of erskine caldwell are today informed by proud georgians that tobacco road is buried beneath a four-lane super highway , over which travel each day suburbanite businessmen more concerned with the dow-jones average than with the cotton crop ."
36qg31`y643y`35e33`7`376q556e6132e75e656e6`ge`74fwy316y6324y56eg5e6fh,"however , the federal court held that since the state had accepted the provisions of the wagner-peyser act into its own code , and presumably therefore also the regulations , it was now a state matter ."
"kt .fftg ukt 3;77 ftdf/, mtbd,ft /h d, /tydu./, /, ukt d..,j ,tt ukt, ditg kk .,,utf ., 3;78","he missed the 1955 season because of an operation on the ailing knee , then played 77 minutes in 1956 ."
-n 8uv n 8n v vbm v9 --i v o,"don't ask me if i think the cannery helps '' , he said ."
1 ew]r=ea ew]-w ' =d x=0eaw ' rgr rgwt ew -bc=]cws -b b -bxewa-bf]t x=;]wz ]wf] bs =]-r-x] atarw; rgr -a =wb-bf 0 ==er0b-r-wa d=e ]wcwefw =b rgw-e ew]r-=b r= x]-wbra a qw]] a ==er0b-r-wa d=e wca-=b =d rgw-e ewa=ba-v-]-rt d=e ex-] s-axe-;-br-=b -b g=0a-bf,"2 realtors realize , of course , that they are involved in an increasingly complex legal and political system that is opening up opportunities for leverage on their relation to clients as well as opportunities for evasion of their responsibility for racial discrimination in housing ."
/fkweew gb;cwe la ;krarbslbf lb rt'w bs x;bd;e rl;b ]] f;;s v;st '/wbrt ;d gwer flerg arbsa arelfgr ;b gla /wfa ;b wzxw//wbr dwwr ]] bs ga rgw a ;;rgwar flr,"laguerre hanover is outstanding in type and conformation -- good body , plenty of heart girth , stands straight on his legs on excellent feet -- and has the smoothest gait ."
rgw jbmt jrgwe ewfhjba aj vmwaaws ew rgw vehrhag hamwa qwarweb wgejkw warweb xghb ajgrgweb xghmw bs kera jd bkb bwq wmbs bs ra bh,"the only other regions so blessed are the british isles , western europe , eastern china , southern chile and parts of japan , new zealand and tasmania ."
"ily ug.yug fmyuiyh ilyu yoyg ,i .i ,yjuy ly lfh k6rgyh lfiuyh f.h f.kyu y",the prisoners averted their eyes but not before he had glimpsed hatred and anger .
; k5h56 ;/5t u';ku r76e;ui7 ;k7' ek 5fe ;ke7;'k 4;7i e7;5k7r \\ ;7 65ef5r 7i5 ;h5 e4e8r 7i'lui7 7' gie7 y;6r7,"i never liked going straight into an examination with patients -- it relaxes them , i've always thought , to chat first ."
3uuw`u999e-99ue33`1199`e3o,she remembered mcclellan's last proclamation as she hurried fearfully down the stairs .
"b.g ft,duy k.kyti mt fty/.f /, k/f yfd",could senator humphrey be serious in his proposal
23 .ow5 ]34woqe3 5y3. 5[ 3hl[6 q 2q6 [r 'pr3 2ypdy / pr h[5 pe3h5pdq' / pw d[ht3hpq' 2p5y [o4w / y3 wqpe go5 qeepht 5yq5 pr 5y36 e[ h[5 e3f3'[] 5y3 ;phe [r w[dp356 5y36 5y3.w3'f3w 2qh5 p5 2p'' 'qd; 4p5poq'p56 qhe '[6q'56,"we must persuade them to enjoy a way of life which , if not identical , is congenial with ours '' , he said but adding that if they do not develop the kind of society they themselves want it will lack ritiuality and loyalty ."
]g2 ]3 41] \3s4[s2 3pgq qt]pw f2 qpee[s[2g4 e]3 q]],one or two practice runs should be sufficient for solo .
"f,g c f k v5g n bvj 8 88 c f t ,g rgc j j,cj ,g j,hfgb bvj j ,gh gkgv y","when a cowboy spoke of dustin' '' a cow , he meant that he throwed dust into her eyes ."
"idp2d,dodou63d4oduodm2kd2di67d.","i repeat , two wrongs do not make a right ."
6[6g4og4o4g4og4o5gg,did an anteater want ants
"wn`,meeme3e3q,3,w mqe,3,,3memem n`1,m","but dominant in the sense that every other objective , no matter how worthy intrinsically , must defer to it ."
t v t uuxbv xcxvbxyvxhy htvtv xyrv bztv yyhyc yyhvx xcvgt v xvt hx8huytvtyn,"if this happens , there may be some class conflict in the south , with school boards and school teachers taking the middle-class position ."
"n[, nmb nnm.\]bnm p] p[",neither was he very powerful of build .
3q2ye2yhe`yhthvy3eurhyr3vete2y1h3kke`h3tekke`t3tevn,the average congolese can do little more than puzzle out the meaning of la chatte '' and le chien '' and write his name .
rgw ayhw frtsbxw ftcwb rgw xyrer dye staxgeftbf rgw rag xyvvtrrws ry tr qa rgta,the sole guidance given the court for discharging the task committed to it was this
"mvj f,cj ,v gc j k v/,h,j c b k cjjgh",just what is meant by spirit '' and by matter ''
jx kjx khx jx,it had gone without a hitch .
30`3q`i3p,she would have said triumph .
3r0 0 f-3 q91 3- f4 =-[0a4 -w q0a20l0f30-f -f 3r1 =23 -w 3r1 f-23r12f 9f0s120301 ',this is not due to any policy of discrimination on the part of the northern universities .
5r8t[lb'[[;6ybu[7b8o6bu[o78ob.rlb,watson looked for the fourth man .
"moub n vb i 'nmv in, u ''.","your father didn't mean it , susan '' ."
-uf-fl30i5fu-44f-6f3[[f8f5-74f',rob roy remained boss of all the dogs .
"wn ard thmr, nn hns new bmm aerncan wrntnng nn the twentneth centbry mbserves qbnte va nd y nt sees certann sbb ects are cmns,ncbmbs y absent mr have been mn y nght y tmbched","willard thorp , in his new book , american writing in the twentieth century , observes , quite validly it seems certain subjects are conspicuously absent or have been only lightly touched ."
iob cvxov ib ci bccclo bob cpcvio o vomvibi.,in other words its existence belongs to the period of roman britain .
"i5 br7 j5 ge,ej 5 my t5rnuknku ym6 ekt rb,56hnrnku 7i5 ekbyeg7b65 my ek8 g6ey7 e756ne r k55t5t nk 7i5 yb6knrinkur",he must be capable of designing for and supervising the manufacture of any craft materials needed in the furnishings '' .
n attept s pade by t=epy t we=d nt a sng=e schepe a=aarstt=e [ these ndeendent redctngpachnes ],"no attempt is made by ptolemy to weld into a single scheme a-la-aristotle , these independent predicting-machines ."
t5887t6b8or8brubhbrlyb8or8b8o6brj67ri6b7867r867lb7645676tb7lu9brubt6hjbj,"suppose that af , and that the average operation requires only af sec. ."
z8u6gv75cxv,nepal is my country
r1 pq r1 `[o'q [f'4 ro23 r121'w,he said she would only hurt herself .
4i565 45 5kt yr6 fyr6k58 tr eh4e8r 7i5 rev5 n,where we end our journey is always the same .
"l. o yb'yuly.ny f kuyfi f.o ;j ily 'fily.ig ;uy 'kvv/l.k myu,f/ n; k.lnfil;.g fuy g; j;u ily uyfg;. ilfi n;.nuyiy yf.l.kg lfmy .;i ,yn; y hljjyuy.ilfiyh ju; jlkkufilmy yf.l.kg l. llg gk,,ynilmy yb'yuly.ny","in my experience , a great many of the patient's more puzzling verbal communications are so for the reason that concrete meanings have not become differentiated from figurative meanings in his subjective experience ."
7i565 4er 7i5 te/8 6.kt y i.r5it gi65r /k 4i/gi euu/5 /kr/r75t k e67/g/e7/ku,there was the daily round of household chores in which maggie insisted on participating .
uar f if32um1f3 `oulq d1 u1wul wo2 3r1 ar2a312i3iof ow mf4 aomm12ail m312il `1ll 3r1o213ial 3uqi1 .,such an instrument would be useful for the characterization of many commercial materials as well as theoretical studies .
"jjhjkh3jw 3kmk13j3kk,k1ljeje2pp mk3mk nmkelk,,km ,11k`j,, kw k3,, j,, `pmkkeje2 e`3pp w,ek3je2k h33l2ljeje2k1hjhej ljqlje3 k3pk1pl,3j je3wm2khe`k13e 1 j,11k h,`jq`1k ekj..","it is curious that at its best , the work of this school of painting -- mark rothko , jackson pollock , clyfford still , robert motherwell , willem de-kooning , and the rest -- resembles nothing so much as the passage painting of quite unimpressive painters the mother-of-pearl shimmer in the background of a henry mcfee , itself a formula derived from renoir ; ;"
"3r1 331 .w a ,w.2f, aa1/3 3r1 /2.s,,.f .w 3r1 `ef12'/1412 a3 fq `, .d12s1 fq a./ 4 `,3r 3r1 21m,211f3 .w 3r3 a3","the state of california accepts the provisions of the wagner-peyser act , and will observe and comply with the requirements of that act ."
".h.vn.,b.g mv hnvj v n hvmk,mm","he had his own face , dark and beautiful ."
gw 4t2 ei2lwq 1232 r322g gw r3o1igr .,and the fields were green and growing .
`11a5ata`t1a[a=`1a[a`t2a=45a`t5aw`t2=a[a3a1a4t4a2`-a2ta5a`t2aapt22aa`2a`ara3a=2a=`a01aa`11a5apa``a],"pass the iron rations , please , and light another candle , for it's getting dark down here and we're minded to read a bit of world law just to pass the time away ."
yti bs88 ddrddrf tryst7sn8r ys8rmyd gt yjr 8rsfrtdj smf frbr8yrmy g yrm i,mr. viall possessed remarkable talents for the leadership and development of men .
2e`3es``d2e1]pwe213[dw2[/`sp22e`[1q[2e[d2e`/[we23ew[a`d2e`/2e`]p1w`d2e`21`dw2e2]/``2d]a`1]/`2e`/d3\1]s`/d[qq[p2[`2e2`1`2e`\1[`2e`3e2]\3q]1q1``]/,"they had been through trying times , but their faith in the almighty had given them the courage and the strength to meet and overcome the many problems and difficulties that were the price they had to pay for freedom ."
u d uv gnd vy dxg uv zfgyxgxl uyjx ubdx vfub iuiih xddcx m,one of the finest of artists' oils comes from poppy seeds .
j czmsscsch xsj hah xj jgsascamh md gsmssc mjjnsscshsmjzsc jjn..,"some have felt that washington irving comes out rather slimly , but let them look at the title of the book '' ."
"5y3 ./34q5.4 qw 3e /,56,ht 6",the operator asked pityingly .
gtu ejsy esd sn9r y hshr m s degy i htrrfu h9smvr i yjr ghtr mdfr yjr vts9v9trf nv9r ftrdd esd dyrgumh o,"from what i was able to gauge in a swift , greedy glance , the figure inside the coral-colored boucle dress was stupefying ."
x xo 0cox ix xz zzxxp,"in this instance , happily , insistence is being made that our share is protected ."
the years sfddenny fenn away at thgs jhgnt,the years suddenly fell away at this point .
a rgwaw mshwa jcwemk aj gar rgw xgew,"as these maladies overlap , so must the cure ."
cjjcncjdqhwhmmwjk,no one knows where it will stop .
"4t232em32 f3mw smgs2,4 me md23l qbf3ng2 w2e2gq2 nq g22w2w em3 smlm3wng4nmg me 4t2 gd5 q 2eem34q em3 mrns ,32q2g44nmg 4m 4t2 ,bf ns em3 ngwbq435 q rbnwgs2 gw q fqnq em3 ,3mr3 4m 4t2 smgr32qq","therefore , a broad concept of over-all submarine defense is needed for co-ordination of the navy's efforts , for a logical presentation to the public , for industry's guidance , and as a basis for a program to the congress ."
\s]cs/ d] x[d f]ps aaz,a program to fit your needs
8f34f8f[66ptp3'f][tof6[f;pi7f63[o;f/fi[fpifrp'f,"he was the official procurer for king farouk , now in exile ."
"fbfb. ,z ./s",thapathali campus ioe
3e0e3-13331-3e0e2[,the inspector knew as he left that this was wishful thinking .
zv xx,how to feed
yf3i7f3fjj5g66f f8f7jyijfg45f8h4fk4ji3mfhi6mgitfjf83yf8fkhihi7ftji3tfh853if6j f8f73ef3i5f3355fjf8fmj4fuh55f f8ht8f fuf3f43i7ftjhith5itf f83kki5fjfufkhn.4f35yjt3f,"very angry at woodruff , the governor used his personal influence to have the printing contract withdrawn from the gazette and awarded to the lowest bidder , which , by a strange coincidence , happened to be pike's advocate ."
"y,hi ukt vtvyyi yh uytntyrf kryu b mtrthgtyvt,u d,g utyuhtvtui vdgt ktv fryt ukdu th kt gtg ,yu dfg mkgtggdu rkt, kt b vtybty b rdf kduui b ukt d,frty ryrhg ,y hy,jty mt dndthdmht rkt, kt ,ttgtg tu n","only the memory of previous hurt , bewilderment and perplexity made him sure that if he did not ask b'dikkat when he , mercer , was happy , the answer would no longer be available when he needed it ."
htggv5ng64hhy4gbgt9g9g85g4iyrgug4h59gbg9g946g9t5gvyvo5gy7gvh4oy9yhgyug4gyr9gyyghhg5uogn,"like mrs. dalloway , with her regrets about peter walsh , he had his moments of melancholy over a youth too well spent ."
6/2s12s/y5sts6sy3s4s1.5.2s1y3s5/r/y5s21/241es2r/es,this was working by the end of august and giving satisfactory service .
f;br axdds'bfa s/'bws rgw e;'ba bs b rgw fe;bs awfwbra d x;ba rq bs gd r rgeww dwwr 'b rg'xbwaa qwew vw'bf d'rrws q'rg awxr'ba x;bb'bft xg'awws r rxg wzxrt rgw d;r'bf bs eer'b d rgw e'f'b,"gaunt scaffoldings adjoined the ruins , and on the ground segments of columns two and a half to three feet in thickness were being fitted with sections cunningly chiseled to match exactly the fluting and proportion of the original ."
eyvd us cue m,taxing of boats .
"f [puif,;y y;yniuon lyfiyu og fhmogf,;y jpu gly;iyug o. np;h n;o,fiyg /",a portable electric heater is advisable for shelters in cold climates .
=3a311aaea=`ea51ata51a[a`t2a1t21ap1a3a51apa2t-t4ara`t2a=`t4a5aw521a],"wolfe refuses to ever leave his own house , and spends most of his time drinking beer and playing with orchids ."
"ily nl.jyhyufiy nl.gikijikl. nl;kyh jnl lj ily jyhyuf. nl.gikijikl. myu,fik f.h lgi lj ily uygi k. gj,gif.ny","the confederate constitution copied much of the federal constitution verbatim , and most of the rest in substance ."
c tv64 6xc zxc5yzv z6x z6t6ytv6c z74y57c vc65f74zzh,thank you for the article by george sokolsky on the public apathy to impudence .
t2 qt3mrr2w sqm 5,he shrugged casually .
"t5gi fg l7ugyg ily ynny.iu6n gif.hg ,yl6.h l7ugyg ily hyiyni6my h g7 l7ugyg ily 87iy.i6fu nu6g6.fu u5uyg ,yl6.h ,7il j","just as holmes the eccentric stands behind holmes the detective , so holmes the potential criminal lurks behind both ."
g tw 14st2w sq43h tgwnggr tgq 2g2 g2q f2eh32 4t2 j32whg,i had watched castro handling his enemies before the paredon .
2e`12'``1`1;wed;d;s2`32e`'dw`132'd1``12ed2e',the particles appeared rough and undoubtedly the single-crystal domains are smaller than this .
sc6dah7ca7dus7ug6z6o7ay7 gd8uy6y6 xcsc75xcsc75u5gooh6g7a6sj,"this year , coach royal told me if i'd work on my place-kicking he thought he could use me '' , said moritz ."
"kdl1d`k2e.`wk.2kld;`22e`.2`kldlqldw1` `e1`;1``d22ka`kj2el1k`2l`.ka`12l2e`;l2lqqk`kdsj.,d`.`22`1 ;``e`dl2e`1.k2`12j1`2ls`1l;;`kd`a`13.`22`1slkdekk21k2","in accordance with legislation passed at the last session of congress , each representative is authorized to deliver to the post office in bulk newsletters , speeches and other literature to be dropped in every letter box in his district ."
x n mbvm m lv cmcv b n n c,"and sac , which controls long-range bombers and atlas missiles ."
tif67fbf8fh3vu8ftyi6itf373tif366tv5f8futv3furuy4fy6fv3t37fyfuf8fuyt3tyify6ft8th5ifbfurftyit55f83fbftift3tifhtvt5ftttrv43it4fbftyi3tutyifvt78fufvy3hhfh7ttv3fn,"in 1930 , the lambeth conference again affirmed the primary purpose of marriage to be the procreation of children , but conceded that , in certain limited circumstances , contraception might be morally legitimate ."
i h dxc x bgh xhf gfcfu 9x f i hmxh dxc x99 h dxc i x v hg fv h v 8 i bg n ujcf9b h h uj vcsfh h b uj u v o,"no , no it was an unfortunate resemblance , that was all it was , and i turned to dick , forcing myself to put my disquiet out of my mind ."
o6brt/tb,he asks .
"z ouja a as zuz xu z iyd ux si u i sakkf saoi u ka xis dva ka ;; kaddas ,",and pike never did find out if robinson was really responsible for the vale '' letter .
ny y vsm8y trrmf mr g yjr gtrrfr yjsy esdjmhym smf yjr vmymrmys6 d6frtd ghjy gt y,but it can't remind one of the freedom that washington and the continental soldiers fought for .
88 6uyu6 t wjr 3jr454r 3uw6 5jr t ur4e64wre efu rr j445e 36r 4e6wh6eu j 6ue eh5hwj t5j645 7 7,"'' i thought , and wondered what kind of homesteads such odd pioneers would establish in this suburban frontier ; ;"
3hh3e3hjgwmw2he ejj ehje1m`2mhe2h3j33h e`3jgejgj3qh`j13hje h3khgmkj33j.3o,"this is when his troubles begin , not to mention a fledgling artist who he hires , and who turns out to have ideas of his own , with particular respect to the hero's sweetheart-secretary ."
8f;8ff8yff'4f83f8ft;i't3ft8;t8f'4f/;4f8ft3ft8;t8f'if'4fif;ft833tf34f3if'i73f;i'f6f8f8ff6f75f8;78;f8f5f,"the truth , however , is that the ecumenical church is just the local church in its own true character as an integral unit of the whole people of god throughout the world ."
9s0yps2k2s12s94s6s393s;,it only seems as if they did .
"kgomhm hjbomk.hnhmo jvki -h nojbhnmvjojiklo k.hb .ool ovjnbvink.hlpjo v llgouln okhkovpphvlvjuli , lk.hbkvkh ovjnomhnu vkio ,g.i .bvinlhbkhjnvlk.vkk.hb .ool ommikkhhv khnimpjophjlli ikbvppoi kmh komk.h oojni vkoj,mjv ibp. olv yjn,k.hnhmo jvki -h nojbhn ommikkhh .vijmv , ouln ok hjhv .hnmoj ommh k.","two members of the democratic-endorsed majority on the school board said they probably would vote to appeal a ruling by the state board of education , which said yesterday that the school committee acted improperly in its appointment of the coordinator , francis p. nolan 3rd , the democratic-endorsed committee chairman , could not be reached for comment ."
ncn nnc c m bvc b vvnv nnv,i don't know that it was always as rewarding as i had expected it to be .
"bmg cmf gfxcm hmnc f n,cnc n hmf m fgcxhnm c,gfxv b hn nh cdx mdfv b, f fgj mhmfg hm,n","for some reason , this ellipsis in the conversation spread until it swallowed up every other topic ."
8;f63f83f'5l i5f3i5f'l//35f4/f834f485fl4fli6/kitf f43i4; f li54fk4f8k4f,how far that pedimented and pillared style has shed its influence mr. sansom reminds us thus
fbs vdg fd fidsx c s hc dg vdssfsx bg,the angry burnt-red face of ryan greeted him .
"st12132s//s s6s21j3s1,kh3s s2ljjy5skys6 s","bastards '' , he said aloud , spitting on them ."
"tnt, ,ft i/,y /yudmt ttbuy.b /y jdf jy. ., ukt r.,uty .,f.gt","even use your portable electric or gas grill in the winter , inside ."
"n mn;=n ]][-[[ [ b-, -mn",she can remove all knick-knacks within reach .
"nj ,g cbmhgb ,,nvc v vn j g m jg g jnc mjk c b bg mm,jgb m j,g m ghvm, k f,m , bm m g , g g ,gv j,g ,vj ncjc c nhgg j m , g j,g jg.jgh",but he admired housman's subtle intellectuality '' and delighted in the inversion by which divine love becomes the most fatal '' allurement in love the tempter '' .
scasysc7dusc8s08xus y8 asczscyuc zsc ssaa scsua x xzay sasi,"the dartmouth skiway , at holt's ledge , ten miles north of the campus , has one of the best terrains in the east , ranging from novice to expert ."
1=ss]3;`-d2e`]=ss3,probably saw me in the lobby .
o8i97ee8780o[[l,we like to run a nice quiet place '' .
xcx vxcc'b;v'v;'v'v ' 'v v xz; ' x; xxv v xcvvxv'z 'vcvx bv x,"she snarled terribly but intuition told him , again , that she was bluffing , and he could see that half her attention was distracted by the dogs ."
\z dx /zcd ndf vdd vz[ g z c [ g]'h] sndfd xnd nzc b] d gnzg xp//df xnd nzc dd b[ d fzs v[xn v]f fdz'vzxg z c x] xnd nzc ]/d xgfz[bng n]/d,"planes made her feel faint , and in tokyo , where she had gone that summer , she had been given raw fish for breakfast and so she had come straight home ."
c s rs ab6s as az 6zfs v f fbs ad v6sd x bs sv6s fsx f 6g t 6zz c fs x66dz y,"five came up while owen was listening to the wrangler and he neglected to play , a loss of ten dollars ."
"6gu, nm,omin5gm5go,g n5g4gy, ym,og,7g74y5g4o6gy9omn5g",de revolutionibus is not just a collection of facts and techniques .
"mzf sc.ds ds b, v ,f , s f. vdsg x d.a zf. s m, x, v fbf .. z z.sabf , s .d,s f /v.x a,fb d , sffsd, v , v. x x . .dsx f, s xs .df,. z '' fbs c.m f, .c zm f bsf","just before reaching it i came to a grey and brown stone building that looks somewhat like an oriental pagoda , with arabic lettering in gold and colored tile decorations -- the fountain of sultan ahmet ."
2994d23d7udu54d3d72d7d8td94drd37d3d93d2u693dy8u6did59d7ddudutoddid2u4dr93d4roddo,"allied arts then notified us that the kirov would cut short its los angeles booking , fly here to open nov. 28 , and close dec. 2 ."
t2 q2 e 4t2 q2qg e w35g2qq gw w/q4 f3/rt4 f5 4t2 gqg e3 4t2 g34t2q4 g t3g5 14t 4t2 q2qg e 3g gw /w f3/rt4 f5 4t2 gqg e3 4t2 q/4t12q4,"he spoke of the season of dryness and dust , brought by the monsoon from the northeast , in harmony with the season of rain and mud , brought by the monsoon from the southwest ."
- s=0a=zd; =]z= - sas- z=- s'-sz=]]=scsscaaz]- =zzc-cas x ss=p,"since two curves of symbol af on q intersect in af points , it follows that there are af lines of af which are tangent to aj ."
"nb h, gmn nhfn nn","she was not a girl , he could see ."
d xo c---0zaas-d x --zao d zza s-p zscdz-so0sco9a-x[,"young men in school could look forward to playing ball for money in a dozen different places , even if they failed to make the major leagues ."
rbxy,maybe .
[h gfbf hc dmxh [c n][ n ] [ ]hmfg xgfxc ]b hmf /xgg[xnf x v [ c] [fhj [hcfb,it reflects what is going on in other areas of the marriage and in society itself .
76s62sh192se8h9i3sjs6s7yry8s9612s84s6s9i1ys612stys213sk,"with these maps completed , the inventory phase of the plan has been started ."
c8u7b 6 t5y7 ccvn 7vbh v b ccnc75u ccj,"cheap clothing and junk of every sort , as far as the eye could see ."
9id8o z 7xxad 700as asa as az d9 j9sa dv 0as9 v9 vz i 9 zsl 8j va va 0sd8az 8 o9 caoa l,cocktails and a buffet supper were served to more than 100 persons who had known dr. swim when he practiced in los angeles .
3f37f3[t36ff4pt8f34f8fuf]fu0fft]p5ft3f\83\4ff]ff4/3fipt3f3\]i4f,"a large aircraft , such as the b-52 or b-70 , could carry perhaps 50 or 100 small nuclear weapons ."
tlt 8;k,did you ''
d zdc,i exclaimed .
", n m' ,' .;, m; n ' ,;' nnn mn, h\\,,nn nm lk ;, ' nm mmn .,nm' ;m n , n mn ,n, m n ,, n ;m ;mm m",so the christian youth crusade against communisn developed and more than 300 top teenagers and 65 adult advisers from presbyterian churches of the area sat enthralled at the four-hour program .
83f56f8f7455if85f4y6fgf5if8fy3i7437f66f8ff5y53fgff764f37fiiff,"what if the president himself , in the language of the military , goes ape ''"
m;e t;stlmh k' lm htrsy ;l/u v/;kfd ;g d ;.r smf g/s rd yjr glrtvr jrsy wklv./u ft;br kd y; yjr dyrtm ejrtr er jkff/rf /l.r dkgg;vsylmh djrr' m;y .m;elmh ejsy y; f;,"now , roaring up in great oily clouds of smoke and flames , the fierce heat quickly drove us to the stern where we huddled like suffocating sheep , not knowing what to do ."
wn`b n44re nwmb3nr34r1mbn 4w4,"visualize them , then , believe you are getting them , and you will have them ''"
wd1q`111psssdwe`1e``d1wdw-3p0`os2dpeadw`-d2`1`2[,"signora ferraro , bobbing her head encouragingly , asked sam about canada , having a special interest ."
r1 a--d231q f fe `3r `--o r23of `qf p `r ` 1a21324 w 3r1 32124 p [,"he collaborated on a song with william hartman woodin , who was secretary of the treasury , 1932-33 ."
"dvd vz va az / dva zf va d/ /dvas , ,, dv. c vz /,ssaz",that had happened on the day when two other unusual things had occurred .
cdc08p9,why should i
4q`r;lr`l34,the car was now in sight .
8btrl8rltbrbh6l87r7b6gok8bh776h8lb8btor76byt7r9tbr776ry9bh76r86ybrlybt6yb8b8,it maintains a central exhibit collection to share displays already created and used ; ;
.lb8o6b6rl8.6bo6b5rtb6rt6yb5.8ob8o6b5r7bl.io8brlyb8o6bt8.b/76b6rt.libh/rl9b/ubo.tb5r867bk7/8o67b,in the meantime he was pleased with the warm night and the still more pleasing company of his water brother .
dxc xh f vcx hfv y x7hmnm 5ch dmxh mxv f f hfv mt h 76 76f 7v h mx f f 7x fv u,"i was at once disappointed , although just what i had expected him to look like i could not have explained ."
u.f8f48/4f3fyf4fiff3i5ff5if7f4f3if43/4f3ifff,"but the ships are very slow now , and we don't get so many sailors any more '' ."
"mf hch j cmkgh fxcf hk f x vfhf hj f x v f k f x gf f,","he must , in short , cease to be a detective and become a rebel ."
fbsds ;z f b s 'c gdz sff; v gfb; v ;/s fbf bs,there isn't a chance of myra's letting anything like that happen .
`r1f 3r14 `121 w=2a1q 3= ' a1f32] `=2]q r20ee1q -3 r=0]q12 ' 22fe1q 3=02 =w 3r1 ]d=23=24 ar==] fq 13 3r1 3=02 =ww 3= d-e 323 d4 r=`-fe 3r1 ;1;d12 a1 r-3=2-1 ' a=;]131 `-3r r=3=e2r,"when they were forced to , central worlds shrugged its shoulders , arranged a tour of the laboratory schools and set the tour off to a big start by showing the members case histories , complete with photographs ."
"//.2/1`,`/`3.","opposite page , top left red clay was used , rolled 1/2'' '' thick ."
"j,8v 9hmc 8 cj89 f8oo b8nngh nh9j g 8vj8 m cvv8vjc g 0h9mhcjv 8 j,cj 8jv jgj ghv f8oo v700ogjg j jg , 8 co cb 8vghv k 9nngh8 m j,g v0g 8n8 vi8oov ggbgb k bg go908 m cj89 v 8n j,gk chg j9 07j jg , 8 co cb 8 g j9 f9hi l",this organization will differ from existing assistance programs in that its members will supplement technical advisers by offering the specific skills needed by developing nations if they are to put technical advice to work .
8o6b67ryhr8lb6uu78btbk6libto6yblbkkkbrlyb7l6tbhl86tbibj67bibrh76tbo,"the eradication effort is being pushed in bibb and jones counties , over 37,679 acres ."
".t seeed t/ e that y .fe was dest.ned t/ be /ne br..ant fa.,re after an/ther",it seemed to me that my life was destined to be one brilliant failure after another .
8ip44ff4i5f08f8f80pf-9flf89f-9t4fk3ifi089i7f]]f;,"unless we send out the whole pie , their pieces mean nothing '' ."
`441er`rh4hr3jnq2h1f,she had been sent to the wrong place for duty .
c mb b a s dm scxxn x ma nxcsc banllzsa mn xscmmallcmsc scssc nx zmamscn xmscasc b a,he bounced exuberantly on the sagging bed and was even more delighted when madame lalaurie -- after closing the door -- showed the slave that the bed was designed for something other than slumber .
v h bg g tz h d7d dxg b h gnx tdgnc y gndf dfzg x s7c db g zvvd g xg 6 f dx y z c gnx gnfs gnd nzfgx vv u,"if you got too many people investing by this method , their operations would begin to affect stock prices , and thus throw the charts off ."
efqv fq z.a eq efq e d fq f/q efq a/v/ewe/v zve/v.qa e dq efq ceeq /ef efq `; //v /v qew wqxqv.q efq q e q.wq .a cw/vd /v xqw v q/dfe vef qw/a,"then he could tell them to go home , while the administration continued to wage the battle with the 28 million in extra revenues the sales tax measure would bring in over an eight months period ."
zx8zxzxxx y8xzczx yxzxx xzxz7uxzzxz8xuzz8x8xcx88z7zxi,"of particular interest to the military services is the demonstration that roast pork , after radiosterilization , is superior in palatability to available canned pork products ."
wysfvioyrt fumsnuvd gkuhjy vimytik dudyrnd,quadcopter dynamics flight control systems
"h h 'mk.hjhvjh ' hbk k.hmvjhj v khv hk.hmvjmj ,hj'nbvjk' ;vjln;j' ,k.h,jg' ,bhvb","even if there are no livestock , the farmer cannot leave the farm for long periods , particularly during the growing season ."
"k.hmg hjbgmb n n hhv . b n k.hmmbjkhh lkhv hv,bhkm, vlv.mhlv nl.mhbhjnhbgnk.khvbn nkbnn nbnm , bbkgm,vhbv,vn bkkhvbn k.hmk.hjnn nbnm","the owners would like each club in the fourteen-team league to play a home-and-home series with teams in its division , plus two games against teams in the other division ."
kbgbkj/hv nkb bkj/h,"to swim is true , and to sink is true ."
"im' ibo ,ou'', bnibmm i oum ull,.","it's nice of you '' , henrietta said doubtfully ."
czzzcz0zzv-czczz xzzczc zc ovxzz zzz0 x-zp zxz - c zzc zxo zxozcxzc[,"as was to be expected kennedy's latest speech was greeted with enthusiasm by revenge-seeking circles in bonn , where officials of the west german government praised it '' ."
"7iur ur ek 5fgu7uku 8iyku eg7i6 7i 4e7gi ,",this is an exciting young actor to watch .
7383vfthhfufty7ite5f6yf8t4fvtytyr4f4yttfyfu34u3hhf3i5fthhf7f8fthht3vffnf4hytrvfvvyt3hf335fn,graham will be recognized for his meritorious service to baseball and will get the william j. slocum memorial award .
2t nv3dd7nv67d732ddr bybu6dbud7dmn dd ky4d2dd5nd37d23d3nnud7nd724d 2u4d72db5dnvdnu dntd3 n dunv67dnvd72tdbdndunbrdt7bu6d,"marvelous , thought theresa , climbing in her portly , well-bred way , for she was someone who had learned that if you only move slowly enough you have time to notice everything ."
78ixx zj9ic6i7h96i8zh zx8zh8x 88uz8hx 67x77xj9zuj7zxz86xx x8k,"as viola sat there , a playful impulse overcame her to remove the shoes and socks from the unidentified feet and , as a prank , insert rosebuds between the toes ."
"7i5 r7e75r 6kui7r ;lrk7klk 4er yl6 j.e75t j8 m5yy56rlk ekt etkrlk kk 7i5 ,5k7jg,8 ekt hk6ukkke 65rl.h5r jj7 kk 7i5k6 .e756 ge6556r er i5etr ly r7e75 7i5 74l ;6lh5t 7i5 r5.h5r j57756 ie k.7lkkekr 7iek m5yy56rlkkekr","the state's rights position was formulated by jefferson and madison in the kentucky and virginia resolves , but in their later careers as heads of state the two proved themselves better hamiltonians than jeffersonians ."
was th8s what he had ex0ected,was this what he had expected
"g.h k.hl.vnp9 ohnk.hpvbk0mk.hg9h hjb]kvbkhmj0kk.h9jm9 ,hjblk.hlbhkkphn v olv n v--l0mmhjhnhj 9hv 9,vjhkkh;","when they had licked the last of the wieners' taste from their fingers , they settled back , and cappy offered ernie a cigarette ."
b rgw xge'argwea qb 'rrw f'ea 'b qg'rw 'bdewa qwew t'bf feqb;a r rw ert,"on the christophers' lawn , little girls in white pinafores were playing grownups at a tea party ."
em tm5yng4 4 eny4j tm5 6u4 fmj65w57l6ml54w n67 6umbyu6e,"so , forgive me , sigmen , for the contrary-to-reality thoughts"
5y3 5qgm3w 2343 qmm wkhhhhht 5y3 ehd3 4q55mhht 5y3 gq4 d4j2e3e,"the tables were all spinning , the dice rattling , the bar crowded ."
fb;z az z' s' s ab'x ' s x'a ; fbs a'dx ; fb'lvbf,"this was someone who'd come down in the world , i thought ."
"7d7iy67d37d62td7und72dkiijdu7d7d7u44ud3in7uu6duudud23d7dkd7d72u4d6id,",he thought she gave him that look with the hidden something in it as he let her hand go .
4t2 435 q52w 4wr2 sqt 4 q2gw g tq 13442g w2eg4g e 4t2 wee232gs2 f24122g e3q4 gw q2sgww2r322 r3w23 gw rgq6rt423 y,the jury asked judge cash to send in his written definition of the difference between first and second-degree murder and manslaughter .
"j j,g gb/jh",to the editor
-if-4f4if3]44f'f]=u057f6=;f'f8f40uptf;3f4;4f54-7i5f=f-iy-fti4=-3]f38f,"in its present artless , low-budget form , the subject matter seems designed to invite censorial wrath ."
"v nb.o hjo ,gok.b.v,h..h jvg;hnkpk.h vjjpgh npmk.hjp lv nb[vko kpk.hgvkhj/","and shivering with shame , he crawled to the narrow end of the rock and spat into the water ."
3/ ;1le 3q3`2;1'll;ele1; k/l;e ;q3e2;1'`ll;ee`'/el;e,"the realm of science , whatever the degree of precision in formulations , covers the range of prediction and explanation ."
"ukt dytdf ul mt tvd k,tg k, uktft k,ejkyktf rtyt ft.tbutg mi .lbd. lhhkbkd.f fj;;lftg.i df yt;ytft,uduknt lh d .dyjty ;l;j.dukl,","the areas to be examined in these inquiries were selected by local officials , supposedly as representative of a larger population ."
"nc j u vyg c 8jj v j,g h 8g g cy8g fg j v nch cv j vck j,cj c88 jgh cj c8 8cf 8b g jhc gb j j,g v m8g 8gmc8 hy u c jc v j vgh c bc i","in fact , some -- anzilotti is the principle example -- went so far as to say that all international law could be traced to the single legal norm , pacta sunt servanda ."
lyuy f.h ilyuy gly gifoyh i mgi f.h hu.6 f k7fgg j glyuuo u,here and there she stayed to visit and drink a glass of sherry .
0n0 n vmc -bv l pvovc0 v n v[[vb n v=vb 9 vn v0b 9 n-bv n vl',it is they who read -- and make -- jewish best-sellers and then persuade their husbands to read them .
"g chj c ncr6k v v,f jvbg c j,gcjgh fj, j,g ,gcb n j,g ncr6k cbbhgvv m j,g bhrc g vg rg t j f,g fg crg j fg n b j,cj fg ,cb 6gnj rk bcm,jgh8v ,c b cm c b rk fng8v g, b 88 y","in one cartoon a family is shown outside a theater with the head of the family addressing the doorman excuse me , but when we came out we found that we had left my daughter's handbag and my wife's behind '' ."
",dud2u4ddmd2u4dut.m3dd2 dymd24d2d5.. d.5d3 5d","i went and , mum and nervous , all but made a fool of myself ."
876rtylrkh6bkyygtbt87tgtlibr8b8o6borlyj67trlbtrhh6tttylbbbo6bhyvuhrtltbbbr76brhhy56yb8yburttbrlly8th6ybn,"treasonable books striking at the hanoverian succession , he complains , are allowed to pass unnoticed ."
yjru y- y sesu [ brts==d t dpryjmh ],"they took it away , overalls or something '' ."
",g fnv b nj chhk c hbgn cvg",he would not carry a brief case .
t05 u9e 305okwjeu9- 34 w54 l f54w64r 9j fu59e6 i4e8e ;,"for his workmanship we are , created in christ jesus ."
7d73driiur2u3d3yriid3der4dddd2d64dy00dr200u6d5d7d323ddi2r7d5420d5u43dp,the house communications subcommittee is expected to report out a good bill calling for the states to match federal funds .
"7on bn n 97,, nb 9on08nk, n8m08nn jn 9, 8 [[l","unless we send out the whole pie , their pieces mean nothing '' ."
gnd =h -gxd]v ' - ]0c- b z h gd g =f -]]0xgfzg-= x ' -x fdf=c0 dc - v0]] =]=f c-fd g]h = z gn- ;h]zf =]hdxgdf v-]; h z n=g= x fdd f= dxx,"the copy itself , including any text or illustrations , is reproduced in full color directly on a thin mylar polyester film by a photo screen process ."
3r1 /2 3 f 1a/ 321fe3r f` 3r3 3r14q 1w3 3r1 w1a.fq `23r w 3r1 w2fq d1r/fq,the air took on a special strength now that they'd left the fecund warmth of the farmland behind .
t16a 8ay2q u6w31q r12 r1q fq w7uu7`1q 3r1 2132136fe w6e521 h r12 141 2136fe f12u4 au71q 7f 3r1 5f1uwa7fa675 261 fq wuu 7w 3r1 275fq1q r68 j,"jessica packard lifted her head and followed the retreating figure , her eyes resting nearly closed on the unself-conscious rise and fall of the rounded hips ."
e`a`1s3.2/a2/dw/d```1d`2/dwe/a/`d`/d`d.we`12/de`2e`1e`ed3d`w`q/d``2e2e`3ea`s``d2s3``dd12`1ds`22`13`2e`2e`1e`e22`q1/d`,"however , by cultivating a wine dealer and accepting his advice , one will soon enough ascertain whether he has any knowledge of wines as opposed to what he may have been told by salesmen and promoters and , better yet , whether he has a taste for wine ."
"m bmvbn-b nb m b- b nm 0b m [o[p m n0 n b m mv n m bnv ,[","the tower cleared the plane for take-off at 8 a.m. , and captain rickards began taxiing toward the runway ."
"v,c;; jho i;cjop . ph bovjhgvv . ph [ghvg ijop . ph nc,o g . ph clgb gvv . ph [gho; . ph vfphb","shall tribulation , or distress , or persecution , or famine , or nakedness , or peril , or sword ''"
6s1s;y/s;s ys 1lyly5slyse;y522s6;s sl6s1tkys sr;3s4;s6s3e/11l;ys;4s1s151ly2s5 1yslyspis,"there are only two men remaining in congress who , with rayburn , voted for the declaration of war against germany in 1917 ."
a7a s d75aygc5s6adfdg5 6f g 5s6a7s5syzuu,"as represented by a spiral , history may , in some sense , be said to repeat itself ; ;"
v7 r4ttjt6tyj yt 6ute vrfu whre4r wrf4f6tg4 te 6uw6 w 54fyje65rf64r 54h4h te yj4 3uy te yhwr 6uw6 6u4 jy56u 3yj 6u4 3w5 n,my definition of this much abused adjective is that a reconstructed rebel is one who is glad that the north won the war .
"v b bb k.b k b,b bbn kmkvkm k .k;",when deegan smiled his eyes never fit in with his lips .
.6 uyfyyo ii h,no -- really '' .
sdasa z a sa sa d f dvas 65 t 6zx66az a das z dva ss z c vda 66 y,"arteries and veins are apparent by their black , blood-filled centers and the surrounding white walls ."
"ly jut.h ily if. tlyuy ly lfh huuiiyh yi f.h nfuuyyh yi ,fnh hut. iu ily giuyfb m",he found the pan where he had dropped it and carried it back down to the stream .
hmf b'nmhfgc dfgf cfxgxhfv ' x bfd ' ;hfc,the fighters were separated in a few minutes .
b[bhrl8bt66b5or8b5]pyb/r'6b[8bl6h6ttr79bu]7b9]pb8]b'l]5b,i can't see what would make it necessary for you to know .
", n5 4m nf 5 6mfn , nf, , n , ytn ,6m4fyn.b 6b yym5 , , , nb64y b , , nfni 7nm 6 yn n, 4,5y, n.,6bn , nm5 t,6,6bh",the insurance man informed them that he had talked to crumley who was all right and that he would watch the men's personal effects until they towed the rig back to town .
st;dy'yrd ryj'f ;m yjr 'ry;vd yjrm f'rd dlhhrdy yjsy er dj'lf ;d'syr yjr e't/,"aristotle's method in the poetics , then , does suggest that we should isolate the work ."
ii3dqgdh jn`2`12ghdh1u 2hu w1 j`1e`j`13uuw1 hqj1` gj`12hdh jn`2`12ghdh1`fgan`d2,-- dynafac in a complete ration or 0.3 to 0.4 gram per head per day 200 grams of premix per ton complete ration or equivalent .
kgv h,yes .
"7dy 2r 4;mudy 243dmu4mr2d2d5me4d23.rd;;d7dy 24d4,3du,d,td",the blacked-in blades indicate a fixed aspect -- the blade does not move .
ny m rbrtu rtf y jsd nrrm jpsmdp ],but in every period it has been humanism '' .
zc9xz;c z;c-[--pc-xc z[0 cz-9[zx;x-9xpz\c[[;zl0cz 0 9xz-lz-9c- c z[-9 z 9xx0z[vcxcc- [zx-c zcxzzcc-xc z-==-0cz0z',"he turned , then , to look toward the lighted boulevard , and saw rourke's tall , emaciated figure come out of the lounge and hurriedly start to angle across the street toward the opposite side ."
"q m. t,d3423 fs mg 4,1g e3, qn23 mg 4t2 32g,; 2 4t,2 32 1t232 t2 3g mg4, 3nq45 1332g 5 34mg 4t2 3q 2g gw 4ng2 4,..23q ;; .n mgr r,,w fm t2 q5q","skip '' hovarter back in town from a summer in the reno-lake tahoe area where he ran into rusty warren , kay martin , the marskmen and tune toppers -- all pulling good biz , he says ."
"3f4uui57fyill37f,fm3443t8u44f,fou'llf6ii5f3ftompll-4o5fifi7l3i5foif.","at sturbridge village , massachusetts , you'll find a completely-restored new england town ."
;3ew.kq33l.`kwke2`l`w;l[3je2e` le[3je2;l;.,patchen believes that the world is being destroyed by power-hungry and money-hungry people .
"rouk yd,ti ou rdf d gifui rpyl fkpt ukdu rdf kd;h=phh ukt o,god,f hppu ukdu kt rpi;g d;rdif yt,t,mty /",with ramey it was a dusty work shoe that was half-off the indian's foot that he would always remember .
"o]p fuy y/\]o[.k ily ,fg[n iynl.[rpy ]j j[/",you are employing the basic technique of film ; ;
r1 a'd1q 3r1 31 w 3r1 w'23 fq 1f1q 3r1 q2 3 3r1 s13'd;1,he climbed the steps of the first and opened the door to the vestibule .
"y5;1y3sepyoti3s1spiy5s2it1;ysy1,3sypys1y3s6sy1r1;s1e6oes21,i;sty61,s.stp6sps6sepyp,o2s.s6ps4ps6o2sep;py;2sep,,o22opys12s[proy5s1s5p32y3sps6si22o1ys4;s/","england contributed a young subaltern named newton and the naval architect samuel bentham , brother to the economist , who for his colonel's commission was proving a godsend to the russian fleet ."
"m ar,,s r rgw vwsamsw ,d t .rmwbr ,bw st bs vwgw s cwet amx b mb rweemv w .mb",i stood at the bedside of my patient one day and beheld a very sick man in terrible pain .
r'6gb6l8676ybup7t8brlyb5rtbu[''[56ybk9b8o6by[h8[7b5o[b/bu[7br''boptbhr76b/b.rlpu6t86ybrb]67h6]8pk'6bko'i6b[lboptb'6u8btpy6b5o676b8o6bo6lb5rtbh7ry'6yb,"alex entered first and was followed by the doctor who , for all his care , manifested a perceptible bulge on his left side where the hen was cradled ."
"ymo7byn4on5g946gn5gmog48nygnog9gn64g94gunbg946g,mg",confucianism had its own magic in the idea that virtue had power .
"m b7 n, mbbnbnmnbuub b m m 7b bb mnmb mnm b9 mm b bn m bnb bb oo bnm, bn--o",the january fifteen report recommended that bang-jensen be instructed to burn the list -- the papers -- in the presence of a u.n. security officer '' .
414=qq01;2-1r1`=1`0r1'4=]`-1,"that death occurred at 50 p.m. friday and was reported sunday , the patrol said ."
b 8ubcv v b--iun vu9no,"i think montero did right '' , amy said firmly ."
"n k l,mn n,, nkm j;nmk kllmkm kk l n,k n ,kmk . ; , .",he did not resent their supervision or virginia's sometimes tiring sympathy .
4 q 0iq4 4i2 e3 gw s0gw 4 f2rg == p,it is almost time for and calinda to begin '' .
"iy jdygt, i jg gdu, u --","your garden , god damn it ''"
6s1y3s31ys3s1y3s51553s6s1yss/2y5s62sts1y3s26s4s6s/2s,"he and dean tied and gagged the man , using his belt and shirt for the purpose ."
",pnterp shpited firopis;y /",montero shouted furiously .
"d2fo1 , m fq i l1p1q if3o 3r1 1 fq `m 3o 3r1 do3 .","brassnose , max and i leaped into the sea and swam to the boat ."
"h jgnhnk.hbkjhhkbv nmjh,.kj,bv nkhvbghjh ,v /k",men crowded the streets and freight rigs and teams were moving about .
ueave a card 7r s7geth6ng j,leave a card or something .
63lf-p4f835f80f374ft9f3[l-4f0if83[6f',farm workers had their wages cut almost in half .
bbn by b c bv0 y8 bc c c bi,scotty did not mind the doctor's unsmiling teasing as he used to .
9t seeked l 9ndeed l that the9r h08se was n0t s0 k8ch a h0ke l b8t rather a -erfect stage set l and that they were act0rs wh0 had been handed fat r0pes 9n a s8ccessf8p -pay l and had tapent en08gh t0 f9pp the r0pes c0k-etentpy l w9th n9ce 8nderstatekent ;,"it seemed , indeed , that their house was not so much a home , but rather a perfect stage set , and that they were actors who had been handed fat roles in a successful play , and had talent enough to fill the roles competently , with nice understatement ."
"wy3 2qw 53//lht y34w3/r 5yq5 5ylw lty5 ,kw5 g3 y34 432q4e q5 5y3 3he ;r q /;ht 3qhlhtrk/ w3q4dy r;4 54k5y",she was telling herself that this might just be her reward at the end of a long meaningful search for truth .
"ql5youty q wom32yq5 53dyhidql wugj3d5 , i5 yqw impo45qh5 poli5idql implidq5iohw qw 5y3 qgof3 eiwduwwioh or 5y3 fo5iht w6w53m iheidq53e .","although a somewhat technical subject , it has important political implications as the above discussion of the voting system indicated ."
"b,r ew t arer ws vnr xewdn r, ..we a, fe,aaw anx ws b,mam t ,b gma .m.w","not really startled , but careful to appear so , grosse sucked noisily on his pipe ."
the resentatn was rade befre severa6 hndred ersns at the anna6 reetng f the 6eage at 6ney ha66 t c66ege f rarn t 5entfe6d y,"the presentation was made before several hundred persons at the annual meeting of the league at olney hall , college of marin , kentfield ."
"d,, hyd tf dyt mhuutg du ukt nkj,uf d,g 5 upj,bk l,irkkg jhfftuf dyt j,htg d,g ,dj,tg k, tdbk fjgt kh tdbk nkj,u djdj, hfj,j ukt k,tpj,bk ,k 34 ,dj,f","all frames are butted at the joints and 3/8-inch plywood gussets are glued and nailed on each side of each joint , again using the one-inch , no. 12 nails ."
ys2y5s1y3s2ppsryy52s=s=1rs6s262s1y3s622s1y3s1=-ss656s6s=1y2s4s6sess6st35s],on spring and summer evenings people leave their shops and houses and walk up through the lanes of the city to the bridge .
retgyjjula syxrrueagyi gs vwwb jubf xubawecrycw n eyfgr9qybf jybwa m,"trujillo's dictatorship had been along conservative , right-wing lines ."
"n j n h jbj m bb k b bvj bjbnb jgmoob gmh gm nmh mh mm,m mbmb nm gm bnj bnh jg b jm oo jgnj, jgn hnm ,bmmjjnh mhnb k kbnb bmmbb k b bvj","mrs. hosaka is one of the japanese women one reads about -- beautiful , artistically talented , an artful manager of her big household -- four boys and four girls , and yet looking like a pampered , gentle japanese woman ."
abf s[zs az fbsds f- zg,what else was there to say
"kn mv v, x/jmkmk mkhbvj, ljbjn nkn vmkh km // n vck j","go take helsq'iyokom , your evil spirit , to the young boys '' , the woman said ."
3r1 afe21,the congress
"v7gg bgg7 hcj6 b6vjh6 j c b 75 jk ugcbghv chg hg87hjgb jhk6 m j7 6 b5 g vjcjg 7 jh7uugh chj,5h ug 6jj 7n h77yuk j7 7887vg ghj fcm gh n7h j,g gck7hcu 7g6 cj67 6 j,g vg8jj bgg7 hcj6 8h6gchk j",some democratic district and county leaders are reported trying to induce state controller arthur levitt of brooklyn to oppose mr. wagner for the mayoral nomination in the sept. 7 democratic primary .
59r73d;d25du0ud2u4d2d72[5d23d;d23d[234d;dy0u6d60tud0ld-55d5-d6--4dy72t0-d',"fuchs , after nine and a half years , was released , being given time off for good behavior ."
"sydn, jsf gs rf frsyj smf esd .myvjrf ,m s dysv ,g v,t.drd n,yj yjr nntmrf smf yjr nmnntmrf yjr syyrt frv,.,dmmh ts.mf u nmfrt yjr yt,.mvs dnm","matsuo had faked death and was pitched on a stack of corpses , both the burned and the unburned , the latter decomposing rapidly under the tropical sun ."
62s1s's=4se=02s's6s21;s=]s6=2s20=s6s612s=y]sy=spe3s=s2[s6s-y3y3ysr=s,"these are , of course , the same people whose support he has only now rejected to seek the independent vote ."
7dyd5884d7d3y7dud2u4dy26603d724d7yy4d7deryud2u4d526dudyd32d724d3r7d2d72dud2u3d87d5d4d3333udud73d52rd72dy266dr84u0dy2dd4d2u7u6ddur7ddi,"the room filled with smoke , and maggie's head throbbed with excitement and fatigue , but stuart had such a happy , earnest look of proud possession on his face that maggie couldn't bear to do anything to quench it ."
rgy rfj f66 5 dc hmf dxj y,mr. meynell knows the way .
"0, n[ mn , , 9 . [n [0n n =m-0 n mn ,mnn9n\\,-, n[- [ -nmln,'",it declares that sunday sales licenses provide great revenue '' to the local government .
b56uubhb6bto75uybu6lybrugrboobb6bk6irlbj,"well , i should find alma '' -- i began ."
"n=l=0j-,-n]ln-bk- ,0-b. hkghh p= v n = p= = h khn.hv]k.j= ]h;bv nv =-nkjhvk- ,k.h]vkkhj",do you rigidly distinguish between job- and non-job-connected health problems and avoid treating the latter
997zx x9z9 xzxjoox 8zl,of course the factor of head start made all the difference .
"ebfu wjn,b w6nmje w54 t542b4j6 7 4jfmbj6454r nj une 4eew7 mj 6u4 eb,,54eenmj mt 6u4 mjwe645n4e rb5njy 6u4 4jy neu 54tm5w6nmj",such manipulations are frequently encountered in his essay on the suppression of the monasteries during the english reformation .
5d2iud5dy02dod46d3d54d2d2d767d0t0dp,"for treatment of bloat , drug is fed at a higher level ."
gd4htd7d2rhdhud duhdnhhbgu6d4hud7dmdm,"i drove the tractor on , not looking down there ; ;"
4og67459o6g9g546gg9g6og64/89ggg/g/5g94ug8ogog/g4g45go89gg64g,"an old-fashioned mother said to her modern daughter , you must have gotten in quite late last night , dear ."
z az d/za d v saz zas a / as x zasd x d fda /z c a x dva sa / // dfa,"an advanced student has read a considerable number of descriptions of consonantal systems , including some of the more unusual types ."
a/wbswe bs rbbws gwe se. ve;qb gle qa seqb arelfgr vx. al '/t,"slender and tanned , her dark brown hair was drawn straight back , simply ."
"mw5 q r32 6q4ew 5. 5y3 4,ty5 .h 5y3 f,q dq/. e, r344. 2, g4,ht 6.m 5. 5y3 /q qaa. w/qeq gm, 5 ,h ; qhe h.2 .ddm/,3e g6 5y3 d.mhd, .r w5q53","just a few yards to the right on the via capo di ferro will bring you to the palazzo spada , built in 1540 and now occupied by the council of state ."
sc iascciyksc jussascsycc scll,the north should thank its stars that such has been the case ; ;
13yusut2r1yuy2su4sryt2s1y3sgtiys61rs1j13s2tiijy3stywie3swiyby1js311suys6si62ye1jseuy3yyuy2su4s62sij1y2sm,radio observations of venus and jupiter have already supplied unexpected experimental data on the physical conditions of these planets .
t2 132 tq s=4t2q 14t q45=2 ],he wore his clothes with style .
r-tbpbo6b8oio8bpbbyk8bubto6bh-ybo8b8o6bty6bubrbkr7lb58obrbto8ilb[,"also , he thought , i doubt if she could hit the side of a barn with a shotgun ."
4u9d77dtd2yd4u63du,don't tell me about drunks .
hmf mj.f pc / p fccf f / x bgxnp'f .f. gx f hmxh .[gf [g 'fcc [.]'fhf'j [ fgc hmf f hgx f h[ hmf xnp x p .[ch bf.x'f mo.x fp nc dm[ mx f [h mxv cf gf'xhp[ c,"the hymen is , in essence , a fragile membrane that more or less completely covers the entrance to the vagina in most female human beings who have not had sex relations ."
-`e`0qw2-ww90[',roads and river barges to be built .
x l; 'lc'xzxzc;x ' 'zxzcz' x ;,"the changes , unanimously adopted , were felt necessary in the face of modern trends away from the bible ."
j64 xchxgv ii,you bastard ''
l7 ier j55k ;jhl;kr 7; 7i5 err5rr;6r 'e67lgk/e6/8 7i;r5 lk ri;65 g; kkl7l5r 7ie7 j;e7r g; '6lr5 7i5 /e6u5r7 ge75u;68 ;y 7ekulj/5 '56r;ke/ '6;'5678 4ilgi 7i58 ieh5 j55k kkej/5 7; 65egi,"it has been obvious to the assessors , particularly those in shore communities , that boats comprise the largest category of tangible personal property which they have been unable to reach ."
"j.k,b l m j ;lnm nk .nkb km ;;b nb ml b bb.l;b . l m ;lm blj ., .m lj m k v lmb m.,m b b","unlike most such sports rivalries , it appeared to have developed almost spontaneously , although this was not exactly the case ."
sh skamckl,student workshop
abs bs a fsx f] s/\bz[s ]d vsf vdsfsd [ fs z[fg bs xxsx ]d zp fd fsx g,"when he wanted to emphasize , or get greater intensity , he added or subtracted clay ."
"q p[qvqa pv swoar va z;pqa efq sp;;povd ,pvar /",we opened on friday and closed the following monday .
;=r1r`'r0``r11=q=``4=0]1e4-1,"more attendants , nurses and doctors should be hired ."
t2 s75uw e22u 64 7g t6q es2 gw 6g t6q t63 j,he could feel it on his face and in his hair .
",]r d,g ukt, ukt \ytf[gt,u r]pg bd h]y [uut ;db' /dfuty ]h ukt k]p,gf rk[bk rdf k[f ,[b',d/t h]y d /tfft,jty rk] kdg r]y'tg [, ukt rk[ut k]pft f[,bt utggi y]]ftntuf dg/[,[fuydu[], d,g g[fbpff ukt rthdyt ]h f]/t ],t ]h ukt d,[/df","now and then , the president would call for little jack , master of the hounds '' , which was his nickname for a messenger who had worked in the white house since teddy roosevelt's administration , and discuss the welfare of some one of the animals ."
"th,s scene ,s a wh,te ba et ,n wh,ch a .ve .rn her. searches f.r h,s de/arted .ves s/,r,t a.ng twenty'e,ght extra.rd,nar, y beamt,fm shad.ws wh. can a dance , e n.th,ng hman '' wh,ch .f c.mrse ,s a t.gether f,tt,ng","this scene is a white ballet '' in which a lovelorn hero searches for his departed love's spirit among twenty-eight extraordinarily beautiful shadows '' who can all dance like nothing human -- which , of course , is altogether fitting ."
7i5 5f75k7 7y 4itgi 45 gek u56rret5 7i5 h5rr t5h5hyu5t gyrk76t5r 7y euu6etr5 7i5t6 y4k 65ryr6g5r b 7y r57 7e6u57r 7y4e6t 4itgi 7i58 riyrht j5 4y6gtku b 7y 5r7ejhtri tk 7i5 htui7 yy 7itr yy64e6t u56ru5g7th5 7i5 vyr7 r6u5k7 u6ty6t7t5r yy6 7i5t6 tvv5tte75 e775k7tyk b ekt 7y ty 7i5 y7i56 7itkur 4itgi 7i58 vrr7 ty 7y i5hu 7i5vr5hh5r b ehh yk e 65ehtr7tg hyku8756v jertr b 4thh t5u5kt tvuy67ek7h8 yk 7i5 tkg5k7th5r 45 uheg5 j5yy65 7i5v n,"the extent to which we can persuade the less developed countries to appraise their own resources , to set targets toward which they should be working , to establish in the light of this forward perspective the most urgent priorities for their immediate attention , and to do the other things which they must do to help themselves , all on a realistic long-term basis , will depend importantly on the incentives we place before them ."
b cvcx 00co9 b0c0-cxv- b 9 9 -0 -b cv',there was a divine justice in one wrong thus undoing another .
"n;ppln i[ ,, n o np n,o m ,mpl.p oo ; o p m pm, nm ,monm,imp . ;p ,n . nn, i., ,, n,im o n nnm,ppl,o,n,p;n n, nomkp = nm.i[, m/","hez looked up at the high face of emigrant rock , official signboard for the raft river turnoff , and gloated , seems funny that them burnsides never took time to leave their john-henry up thar '' ."
42e6t`2e`512e162dy3y5t`55d2e`51y4dwh,dust choked their throats and lay like acid in their lungs .
'i 'g hyg'k.fiyh fg gifky 4 uyg'hy.i'f . ily uyhymyy.i f;ilu'iog fgiyu f. f.h t' jyfi;uy ut l;gyg kfuhy. ffuiy.ig j;u gf fug gnlg nl;unlyg f gl'.k ny.iyu f.h gymyuf gf n;giyug j giuyg,"it is designated as stage 1 residential on the redevelopment authority's master plan and will feature row houses , garden apartments , four small parks , schools , churches , a shopping center and several small clusters of stores ."
xx-=-0]x-=;[ =0-zx===],an attic space above insulation makes a house easier to cool .
"ly tf.ig i- ,y nf[[yh gtyyi ; k--h ; n-.g0hyufiy f.h l-ilyu\g [0ii[y ly[=yu '","he wants to be called sweet , good , considerate and mother's little helper ."
6u4 wih0wjf4 e r5w3j h7 63 fuw5ijy == 06604 u5e4e p,the ambulance is drawn by two charming '' little horses .
i3 412 j `1 928ddi4 `86iq rs1 e7s1f r7h w82 a8h92di1 har7f1 pp k,"last year , we probably would have given him 700 for a comparable machine '' ."
"c--c v c p f, vggov j ,c g ocbg c vg c- ,j j,g gcvj p fcv bg-m,jn- cv j,g -cbk -g hb c b ,gh chj gh p kh v- g p fcv f bghn--k h-g p c h cj p c b gj c-- cj j,g vcog jog p c jhcbj j -0g j,cj n 9 v0k [","alla sizova , who seems to have made a special hit in the east , was delightful as the lady bluebird and her partner , yuri soloviev , was wonderfully virile , acrobatic , and poetic all at the same time , in a tradition not unlike that of nijinsky ."
xnd .k dc h gnd fj.dx d df l ;fl kxk b d df .k cdc lf ck dfgdc h kf j xgz d,"she lived by the rules , never compromising , never blinded or diverted by circumstance ."
"m vbvv, ,.mm, b, vvncvvb bnmv m , .,nbmvbn,c , mmn,b,vbn vv n vbmc m n v,nvm v","a difference of opinion arose between mr. martinelli and john p. bourcier , town solicitor , over the exact manner in which the vote is handled ."
"f,4 t2 132w , e423 1t.2",but he warmed up after a while .
", n ,. mnvm,mn ,. n, n, n.mn,, ,nm../nm ,n mn n,.m,,nm n . /.bnm m . ., , /nm, , n./nm ,,. b,, ,, n, n.m. n,m n m, .m.m . ,., n n ,. mm n /m,,,,n.,,.","the axioms required to make the theoretical machinery operate are set out tersely and powerfully , so that all permissible operations within the theory can be traced rigorously back to these axioms , rules , and primitive notions ."
y2 5 r33e,how to feed
rgwt rebws r rgw vrry d 7rw0a arwa bs ycws dd b rgw sewxrb d rgw e7 i,they turned at the bottom of kate's steps and moved off in the direction of the park .
g2p4t23 .2 g[3 .5 1pe2 1232 t2']2w f5 4t4 stp3[]3s4[3q 4324.2g4q,neither me nor my wife were helped by that chiropractor's treatments '' .
d/e e/ara .bawer wr rgwe/wrwe s.f/bt a/ .r s/wa b/r ewar /b v/bw,"for roasts , insert meat thermometer diagonally so it does not rest on bone ."
3t6e2t36``2ey,"the press secretary , pierre salinger , was a child prodigy as a pianist ."
x zz]]zx]cx [pxx z],there were no words to say this but there was no need .
hmf yhf chthh nt fc tht f c x yt f t hmf yufgxhty yb hmftg ny fg vf h x v hmftg uxghj n,the vote still gives citizens a voice in the operation of their government and their party .
h hmf gf 0 x c hgj 0v mx f ff igf i0fhf p,to the republicans no victory could have been more complete .
jgg ghgyjgm6g54gjghg g 4ho6ghoojyoghog9h5g5o5ggohmg9go6g,"you , i could swear to it , remained innocent in this sense until the end ."
"z x bamm bx cmsx csxsd zbds .sd s fvsz m sccs f .dm,d f, cmz gsd ktq",alaska and hawaii had fixed federal share percentages in effect prior to fiscal year 1962 .
fq ayavle ll,he didn't ''
"bn/ n,d;n/ b vbnb bmmm bb n/m,m bbnbm bb /mnbm /mn b m b , /n b","on february 17 , russell and cook were sent to the pena flor community on the vermejo to see about renting out ranches the company had purchased ."
z = vs-d; zf ' ' vszf s=da v-]a dv- [- c =x sa0;- c dva -a]a - c =x =af ax=sa z dv- ;=s - c ' a v=s-= aa;az d= =a ' z =ssf- c add- aa d= z-as as]f ]-xa ' q,"and on christmas day , 1890 , hardy wrote while thinking of resuming ' the viewless wings of poesy before dawn this morning , new horizons seemed to open , and worrying pettinesses to disappear '' early life , p. 302 ."
`8rq4q9j0r7r1w88``700o8r344318r3`9ro9ri8r192`w8qkj834`7009`4409eoj929oq9`00989rjr97o1ew`8j0opp,"since the company under review is supplying what we are here regarding as only one kind of service , we might suppose that the problem of total cost apportionment would be very simple ; ;"
tr``tu91rr779```y4`4`````qr3`1r276r4`4q44ew`74`u,"important as was mr. o'donnell's essay , his thesis is so restricting as to deny faulkner the stature which he obviously has ."
rgw dhewfhgbf ew eba g jnt rgr rgw gtjhrgn gx vnbxw jnta xefxgn ehnw r rgw xehaaehsa vwrqwwb jgtaghnhfgxn bs jrghnhfgxn dhe a hd w hrghb,the foregoing remarks imply that the hypothalamic balance plays a crucial role at the crossroads between physiological and pathological forms of emotion .
"z h xgfddg mddgi b , xz fdc of xd ulzf , sni n nd z c nix olldzbudx u dzxilh o df nzx zx igx d pli ig of impli ig ufcd gnd fudlgh z c i juxgi d ov gnd snigd comi zgio .","any street meeting , sacred or secular , which he and his colleagues uneasily cover has as its explicit or implicit burden the cruelty and injustice of the white domination ."
v n v / vmv,he has the magical eye .
"ukti i8oo d,g gtfuy9i k ytudyg 9y 0ytnt,u yt0y9g7bu89, d,g jy9ruk k 8j0d8y d,g gdjdjt ndo7tf k d,g g8fy70u 7ftf l","they kill and destroy , retard or prevent reproduction and growth , impair and damage values , and disrupt uses ."
"83yfu3tn4ff4t,i5f4.3","harvey barcus , second speaker"
"v b bv mb mm b np, m nm-[-,][ b vb m nb mdm= m npbmb mp,b m b ]","when he was inducted into the army at fort knox , ky. , hansen's weight had dropped to 180 -- too light for me to be at my best '' he said ."
he was acta99y wa98ng dwn the stars o,he was actually walking down the stairs .
5a`w5a`1a`a;`ta3''a,the teacher was a pliant fool .
8e77h9`733`72e7ji7e`w68137eei78e7e88eh98e2i73je`37e8`86w33he7e2813w7wi7h87i6e`e`wi832ei`7e8eh98ie2627e316ei378`e`93813u7e2yhk,"one is impressed with the dignity , clarity and beauty of this new translation into contemporary english , and there is no doubt that the meaning of the bible is more easily understandable to the general reader in contemporary language in the frequently archaic words and phrases of the king james ."
"lsa z lsa makv jkk .ld dvaks ml kdv ;slxakl . lsc kdkl dak asc j kdaz dva k dl dva xs ,xjsd ,j.djs j z lsvads vkv .l c a cjad ;asxls a k ldvas cas kdka","as more and more jewish musicians lost their jobs with professional organizations steinberg united them into the frankfurt kulturbund orchestra , which also gave guest performances in other german cities ."
hvzq efqv vr kwjeqeve aqvj hvehjv fxq aq qkweq kwjvjgvzq qve hv fhzf efqr vje jvmr kkwjxqa chwef zjvewjm cge aqzmwqa he e eh q ej cq wqmhdhjg ager,"since then , many protestant denominations have made separate pronouncements , in which they not only approved birth control , but declared it at times to be a religious duty ."
b8nbibj6bvmb8o6t6bln8bnltb764vb76ybrb76jn v8bnlbblb8onvio8b bb7bh r7 btrbybblb76blbthblibrknv8b8o6brk7vm8bhorli6tbblbby6rtbo6b6gm67b6lh6yb5o6lbo6bk6irlb76ryblibbn7irlbhbir7y6lblib brlybbny67lblv87b8bnlb bblbrbt6r7hobun7bo6 mb5b8obobtbm7nk 6tb,"to give up these notions required a revolution in thought '' , mr. clark said in reminiscing about the abrupt changes in ideas he experienced when he began reading organic gardening '' and modern nutrition '' in a search for help with his problems ."
"ju, bltdytg kif ukyodu .",gun cleared his throat .
4-2kud303dr0u6624d9ud7dd0ud78u44d-drudp0r290ud]]dld7d2ppd7d2u39dp9u3dr0ut64d;,"department stores congregated in the one hundred per cent location '' , where all the transit lines converged ."
1oq1`[,rim-fires .
8v ` f8 sefqw[ c78vq z9oo0qa k va k wefqw efv d9 cviw70e k jqwzqw qv89w e7wvqa f8 s8wj 9xqw e9 cvi s9w o878ae89v l,"in 1927 his father's business collapsed , and , rather than go bankrupt , mercer senior turned his firm over to a bank for liquidation ."
6u;e wy544wh4 e6w64 't wttw;5e ;e 4d;fwh4 ; 6u;j/ 'j 63' f'lj6e,"this agreeable state of affairs is explicable , i think , on two counts ."
"vinc vuv cinfhmu n hi i f;c fni ,",dogs did something to one's ego .
ccb n/ xcx /v b c/b/ bv,i keep thinking of a young woman i knew during the occupation in austria .
frgrsy bmyn bbvyntu bd s ftssybv smf bbr u b bystu msttsybbr,defeat into victory '' is a dramatic and lively military narrative .
rd43 pvt vmyt==rt =sygtp dp=sym,esp32 micro controller platform simulation
"52 3dr2,,4d7jd h,p42udljrmhldhrm3dd7kktdr23d//d",farmers called their mule-drawn pickup trucks hoover carts '' .
t2 q48so t9q t2w 9g k3q; o93f5]q p944p2 32g4p 0ee9s2 ;,he stuck his head in mrs. kirby's little rental office .
4`r34`q414i11p,the sun grew hotter as it approached the midday .
3uw6 3we j43 74e645rw7 le ;he;/4ef4j6 6;rw7,what was new yesterday is obsolescent today .
wa821 g6xe7 x7bre7uuwe 8urd7eg a6g5ur67b,esp32 micro controller platform simulation
t7ss a d6e 5nt6u an ace a88ears j,toss a die until an ace appears .
qw agnv s rgbb nd br new a b xr nd varbxw rgb xnmaabnb,we should think of it more as an act of justice than compassion '' .
"x mx,x,nnx ,mx","then he knew it was not sound , but lack of it ."
4o6gugg9g946g446gi8;oggi46og4o6g5''7g9g74y4o5g7g4o4'y4gy;i'5g45g74gi4yg45g9go6g7g]\g,"and moreover , he had already begun to broaden and simplify the facet-planes of analytical cubism as far back as the end of 1910 ."
hmbc bc hmf hmbgv hbf b eg jfxgc nb v bng cmndx cmbm xh dfchb chfg hmxh x xvj mx v fg mxc vvnfv hmf xcc,this is the third time in 28 years of junior showmanship at westminster that a lady handler has judged the class .
"u icvmiv uiz xkcvui u u yckku xmz x xkiijx vihxvmxxnviocxxvy xukxxu xxv v x unokbiuyknxnicbvkk,","in short , both his own declarations and his figural blindness , when he looked at objects , seem to present undeniable evidence that he had simply no visual memory at all ."
uh x i sn nzx u9dgdc gs hdzfx d b ddf b x n9 i nzx z xuudf 7 z xgf g f7d g zx z x899dc 9z fdf o,"my son , who has completed two years in engineering school , has a summer job on a construction project as an unskilled laborer ."
6s1s26s243s36ys6s2sgs6s6y3sf1ys64y3s61rstysty5y3sy6s6s61rsy65e3st66sh,"the way she strutted down the street , the old man would have been blind not to have noticed both ."
8o6bir[[rl8bh-l=rl9bh-l=[686ybrh8bb;brlybi-8b8o7-9iob=r78b-ubrh8bb',"the gallant company completed act 4 , and got through part of act 5 ."
4hhe1`7r37i`r734j4r49647``hii`882eq4i89ei`k,"he remembered seeing it last night , when he put away his small store of bachelor-type eatables ."
gohmg5gy9gjngh5g6jog g9g g5g 4hog9go488ho8g5g5khyhjog94g4mho4hjog 4gigmhmg jg94og4ogtk55hjogj7g9g 4m4h5gj7g9ghommyg4mg g9jg gby6gig4o6ghoggogbyho8g9gm48g5jyhg gkjby5g9h5gjog74g4o6g65k4hgjojg9gij46g5jyh4mg5yog,"until such work is done , there must remain the nagging suspicion that alienation may be little more than an expression of the malaise of the intellectual , who , rejected by and in turn rejecting the larger society , projects his own fear and despair onto the broader social screen ."
7 ri5 5f75k7 7i5 r8r75i gek j5 gkrt565t e u5i5krgiey7 k 4igi rge0605 ggekg5r e65 t5756ik5t j8 j67i o j8 e776j75r rgi er r5f 6 ger75 o 4igi e65 j0uge008 6 rge008 ii7ej05 == p,"to some extent the system can be considered a gemeinschaft in which social-role occupancies are determined by birth , by attributes such as sex or caste , which are biologically or socially immutable '' ."
d03 3r1 ;-f =-f3 r121 - 3r3 1s1f -w 0ar 21331;1f3 `121 f=3 =-d]1 ' 3r1 q1;fq 3= q1;43r=]=e-1 3r1 [124e; `=0]q 3-]] d1 0fs=-qd]1,"but the main point here is that even if such a restatement were not possible , the demand to demythologize the kerygma would still be unavoidable ."
6sh6i79is2e1y2sjs84se862sjs1swe978y1is1y3s7ys1e6se12s1s1y248h3s7y8se8y2s84s83s14sk,"the multiple secants , of course , are exceptional and in each case are transformed into cones of order af ."
"hbmnhbk.h h k.hg,jhv ,m ,k.",besides the belt he wore a loin cloth .
=4t23 s=gs2-df]2 r=]q ' q0st q st3s4232w0s4-=g gw q=s-] wp0q4;2g4 ' 32 =e q2s=gw35 -;=34gs2 4= 4t2;,"other conceivable goals , such as character-education and social adjustment , are of secondary importance to them ."
6 zuszhx vdug gnd gdg7fh szx 8fdxd g 6 7gn 7v gndg h xg6ff6 b 6 gnd6f ndxgx u6yd z uz5bn 7f z bf7su h zx dzbdf zx z z 6gzu g7 d 75g j,"i always felt the memory was present in both of them , stirring in their chests like a laugh or a growl , as eager as an animal to be out ."
bfh4jsy4 n 6u4 w56 4ry6u5 n 6uuh uj4 juuh w6 b7 tyjyeu4r eh46fu wjr ewyr n ju6uyjy ruyjy n 5ttte m,"mckenzie , the art editor , took one look at my finished sketch and said , nothing doing , rufus ."
wd=pcacqqwcwpxq,the alumni fund report in september ; ;
"mq3,n2 `2e`,d`3,ns`22`12 `s,2e","if you take the one , you'd better take both '' ."
jr jrstf yjr sy;rmy b';vr vs;mh,he heard the patient voice calling .
`wa`t2a'ta5a21/aa5'2;t4a5aw/1a1a;5a5;1a,"alec leaned on the desk , holding the clerk's eyes with his ."
"rwwrg fib dlagibf vxk r mw , rgw seicwe ewlwaws swlufw od apbiag ib qgixg mifo '' ppwews wcwet ao odrwb likw b ialbs ib rgw aroemt qcwa od aueeoubsibf aoubs .","teeth again flashing back at me , the driver released a deluge of spanish in which amigo '' appeared every so often like an island in the stormy waves of surrounding sound ."
"xowdlaqdqouqwcoclxqdqiwwcdimcwduiwipqioalmqscwqecedcsoulxmicpqooa,didlqeomicsaqomwdpqicwqcwdedoqq10,000opi--wdlqswaiqwpqicwicsoacexookicdiwoqe.","both alfred harcourt and donald brace had written him enthusiastic praise of elmer gantry any changes could be made in proof , which was already coming from the printer and they had ordered 140,000 copies -- the largest first printing of any book in history ."
"/n/ , ] ]nm] b/\bn]n/ [/[[ b n /p m b",mr. mccay had on a sort of emperor maximilian beard and mustache .
"fbs sccs f . fbs , fs s fm z . v b,z mx,s s g as s ,v, sx",the effect on the intellectuals among his audience may well be imagined .
6;i7ff3f3ifft8;45ff; tt3uf7i 3if'6f8f'5f4t8''f8'f34f'itf ;43/if'if8f4f6'f4;ft5;tf835;t/ff;4f4'i4;uf6'f8f5;4t'yf'6fy5;4f3;4ff '4f3lt'l4f'3ffi3u;4t'ff3f4l l'l4fu'l\5\4'l66f;8f3f83li;i7f; ';yf83f4lt/f f34fu;i7f8;78f ;i;4tif'6f8f l5l7i'fy4;'if'6ffy'3ff,"fing , a lean , chiseled , impeccable gentleman of the old school who was once mistaken on the street for sir cedric hardwicke , is responsible for the rediscovery of verdi's earliest , most raucous opera , nabisco , a sumptuous bout-de-souffle with a haunting leitmotiv that struck me as being highly reminiscent of the mudugno version of volare '' ."
",h, ,fu.yg gjhuig yhgihu hj ily knh,yihy hnufi juygy.iyh ,h, .huh f.. tgil lgg ftfuh","bob burnes , sports editor of the globe-democrat , presented bob nordmann with his award ."
6 c6vxcv xxcx xvccx y,a half hour later the vice president arrived .
pa5`ta5a3`t1a3a`4t=1a=2a3=p1a`t2a3a5a5wa1`a[a5a4`a`pa[aa=-t4a`1-`twa`a5a0wa],"more than the fans of pagnol's old films and of their heroic star , the great raimu , were looking askance at the project ."
gn0x 0x z =nd -ld - vzl0[0zf g- z[[ fzc0- [0xgd dfx ; fdx9[g0 b vf-l fdv[d g0- -v xphsz d x0b z[x zg 0bng vf-l gnd 0- 0dc [zhdf 0 gnd 9==df zgl-x=ndfd p -s zx gnd 0- -x=ndfd ',"this is a phenomenon familiar to all radio listeners , resulting from reflection of skywave signals at night from the ionized layer in the upper atmosphere known as the ionosphere ."
";i ty.i i' l;g lyfh f.h l;g f ,;i;'. ;.nuyfgyh","it went to his head , and his ambition increased ."
"mr43,mr3, n.",ain't he going to wake up ''
"ii45h56 m 7i5 45u jiijr 4565 ekri t5r76i85t uk e r56u5r iy i67iitif gikyyguek oy6u5r 4iugi gyknuke75t uk e yukek o6irg6uo7uik uk 9 ,","however , the wei books were also destroyed in a series of orthodox confucian purges which culminated in a final proscription in 605 ."
"d rt//]gtflj,tg 34[[]fekdyt]h;;u k;kft bd, mt b; h;yudm/i b;;/tg d,g ktdutg h;y df /luu/t df 34o d itdy ;y 33 d ;,uk","a well-designed , 1200-square-foot house can be comfortably cooled and heated for as little as 128 a year , or 11 a month ."
"z dvo xosd adop p,avp [saas az dvasa sa ;f dvaa pfo c ;odd;a ,fdasoa pid dva di; xd px ,;si ;oxa va dva cad[p zadspfaz dva sad /",and this first section was somehow preserved there are always these annoying little mysteries about the actual facts of malraux's life when the gestapo destroyed the rest .
e4qy55`r6r6434h,but clarity is not enough .
fbsds 6z 7 xgs6 v 7d a6 v 7d vzz6 v ssxsx j,there is no dyeing or waxing or gassing needed .
ebjf4 7 eb 4jf4 ve6 uwg4 4jr4r 3u4j b ywg4 6u4 mv5mne4r gn v4 6n 7nv,since my silence must have ended when i gave the purposed volume to you .
lg jfny tfg ftfog . ily .ytgfyug gyiyg . nfui.g ilfi gyyyh .yfuo fg fuky fg jy,"his face was always in the newspapers , sometimes in cartoons that seemed nearly as large as life ."
"9 ngpj j,cj 9 k8vj bg 0jg kkvgpn j0 j,g ] 08jv9bg ] f0hpb ]] ;",i felt that i must devote myself to the ' outside ' world '' .
gx xd fdgd c b gnzg z-- cg dfx zfd adg p g gnd xd gndh fc d z d 0dg g z o oo [,"it's no use pretending that all conditioners are quiet , but the noise they produce can be kept to a minimum ."
"bm nbv[om [.b[ om p .[nbvp' ',b]bnp.bm '[on b /n p b p o bn n o mbbn[''.bmm[f/d==/b n', [o'b b [v.bmm[dg-g.p''p[","he threw out some of hutchins' more wildly experimental courses , raised sagging undergraduate enrollment to 2,100 , nearly doubled endowment to 139.3 million ."
"8,4f63, if.i54f,4ff3i5f.4ff83f8ffiff4/,8f834f735,3fy/y5f/,f/6f8f/5f4/,8ff3i5ft/i4,if.4f373.3if//4f4.4f","thus faulkner reminds us , and wisely , that the new '' south has gradually evolved out of the old south , and consequently its agrarian roots persist ."
"n,h m vjc g c vmjg cb ,m m m ,j,gh .n m k ,f gb c bv vn , cv c cjm, c n,hgvj ,h c .n m h,cb ck g bgvmhc g f,ghgcv c vmjg g j j, c m bnvjhmc . c j mm,j ,j","for instance , a site adjoining other publicly owned lands , such as a national forest or a public road , may be desirable , whereas a site next to an industrial plant might not ."
"ukti 765,utg 64u u6 k5f h",they pointed out to him .
b lnb bn 'n b n mbn; m; 'nm ; bbn; bm mlbv;b; mb,measured performance characteristics for this experimental tube will be listed .
z d gdc stz szx tz6 b z dtdfbd h z77 df gnd n d c gf y 7dzxd td df fbng zszh u,"an excited woman was making an emergency call over the phone doctor , please come over right away ."
0 g v=sz a-fb ]s x s[sx,puny goes with pale and peaked .
"mnu gtdy t ,,","but dear me , no ; ;"
j d jcdf daghk d g oo g n jv hg xgkkmhdc g cdf gnd zfxnzmm kmz oo d z mdx vhzg gj ggf jgg w qii zfx z czh,"one , modern equipment -- much of it supplied under the marshall plan -- enables fiat to turn out 2,100 cars a day ."
he8j5 7i58 47ii 7eu5 6r pp k,maybe they will take us '' .
"n, ;k ,; , n,; ,; ; / /n /kl nn , l nn, ;;. l n",he thought of the tons and tons of flammable fluid beneath his feet and shook his head .
8yf[f4f3f83=6p=f3=-f5if3f4f8==f6pff84ff8fu4f[f3i5f4ff835fifpf=74f],"however , it's a half-mile walk down a steep hill from our house to the bus , and it's too hard on my legs ."
"jy5hh5uk fd5g g k6dj u6yg ft u6 utyy i64 ii kt rd5utg 4,u5y ukti rtyt by6ft u u","griffith said , hoag told me to tell you '' -- he waited until they were close ; ;"
585f97f79f9f88f67i3of[[ff,did you go to their funeral ''
y3 wq2 5y3 eqht34w l h05 5y3 tp0493w 0r g39ht 9e3h59r93e qw q k859h334 ;,"he saw the dangers , not the glories of being identified as a mutineer ."
"nb , b/, bb b c,b m./. b,b",already he could feel anne's questioning eyes .
uutljj hmue ejrm uutlbr bsfr yjr htrsyrdy dytryvj nrvstdr uutt djutjfrt njsfrd eyjj yutvj,you'll know when you've made the greatest stretch because your shoulder blades will touch
"dvaa v,xd , , a z ac, a .d . f , saaz dva z,xx,m d,a . xs. d, c dva a c ,v a f v. a md . z,sad f , . az dva d. .fsz zaa z .dv.","these shifts in alliance and allegiance not only increased the difficulties confronting the english embassy as a whole , but also directly involved the two savoyards , amadee and othon ."
[ne w[nders ab[ot pts a]]'pcabp'pty t[ ]e[]'e,one wonders about its applicability to people .
3.2l'l`w'e2,that jaguar could really barrel along .
37d724d267dr62333dudy2udtd23urdd7d7d24d5d2d63rddtd6rdtd2u4d3r766dy,"she had taught classes in botany , astronomy with the aid of a telescope , geometry , and psychology ."
gt4o66g7tg94o6g5ygt4y9o5gg4t4yg5ygt4y9o5gyg7tg5t7g7t69g84gyo8gt4y9o5gg84g9iio8gt4y9o5g4o6g4g748gyo4yg84gt4o74yo8gi5o55gyg7tg6to4gi76uogou547gt77o8gt4y9o5gg4gi46g7og7g74i47gyo776g6og4o6gt4o74yo8ggt77o8gt4y9o5gu,"it expanded from hand screw machines to automatic screw machines , from simple formed-tooth gear cutting machines to gear hobbing machines and a large contract gear manufacturing business , from rudimentary belt-driven universal milling machines to a broad line of elaborately controlled knee-type and manufacturing type milling machines ."
n vbv r bv v b v vvn 6 nvn v v n v nbrvn vbvn n 6 c bv65v6mnr v n vnm bm v bvv y,there is much research evidence to validate the use of the instrument in differentiating individuals who are likely to manifest anxiety in varying degrees .
"hfq12 a2h3jf4 3`k kw 3r1 `j3f11 jq `121 l4 1f3 fq ,kf 3k 31jf/ f3jkf, jf31ffa1 ak lf4 3 qjkf 3","under scrutiny , two of the witnesses said , were payments and loans to stein's national maintenance company at 543 madison st. ."
zbs z 77sx f b5f h,she snapped at him .
dv as zd [ =s=f - fssva [ a x dva vax a x ddv = z=d ],"this serious condition , popularly known as pyorrhea , is one of the chief causes of tooth loss in adults ."
"kts becajse we are kn france he sakd and ,nlw sl few ;el;.e","it's because we are in france '' , he said , and know so few people ."
uh7gu6dyfdg3jd6233d7gjjgu6dgud7dbudywd,nothing but wispy grass whipping in the keen breeze .
1y3s6sr2stsr1ys2rseqy2s6s5ys61s2s5y5sys1y3s6s16qs61st4s6se1ys6ssy4s6s466s64sr23s4ss6s1y3s6se663ysr2s42s2rrsy,and there must be many soviet citizens who know what is going on and who realize that before they can hope to enjoy the full life promised for 1980 they and their children must first survive .
the new fees are exected t rase an addtna ;4 n the reander f 161 and 233 re a year after that,"the new fees are expected to raise an additional 740,000 in the remainder of 1961 and 2,330,000 more a year after that ."
p6ft'3fp4f4'p78'f[of[6f483]f/f4o3f43p78f4p54fp8f7op5f4pt;4f[fo'4f]445f373pi4f[]][4pf4p54f/f[f4.[[8f[oi5f]pt4fp8f53.]f6pi74f,"if clay is slightly out of shape , square straight sides with guide sticks or rulers pressed against opposite sides , or smooth round pieces with damp fingers ."
e-w=qeep23==w31],unspeakable tortures or even execution might well be their fate .
pagz sc0ds l 9f bx fos c9 s k9 8fsz f0,"always before , it had taken five minutes to --"
"du i,t y,untyfuui m ukt oytfugt,u buutf ukt hdbykui ytnutr binnuuutt df d ndkytg odyu,ty ih ukt dgnu,ufuyduui, u, jydygu,j d,g oyiniuu,j ukt eydkuui ih ukt hdbykui ;; ,","at one university , the president cites the faculty review committee as a valued partner of the administration in guarding and promoting the quality of the faculty '' ."
fbs fsvd7z fz ds 7zfsx f 7s e y s7a u,"the integrals in units are listed in table 14-1 , below ."
rz yt yhhyz t xytxcx cbryx hzxtybx x xzyxyruzyyn,"guns were going off all over washington city these days , because of the celebrations , and the theatre was not soundproof ."
djr jsf yjr grrp9mh yjsy l 8mfrt yjr k08pfrt9mh prsbrd l yjrtr e08pf nr yjr n0f9rd 0g frsf sm9kspd l w89rypu frvsu9mh smf h9b9mh yjr9t d09p nsvo y0 yjr k08mys9m ;,"she had the feeling that , under the mouldering leaves , there would be the bodies of dead animals , quietly decaying and giving their soil back to the mountain ."
", nm hjmj , , n nmn bnmnj ,n jk ,hn,m.h jm ,hn n kh,n, n n mmb m j , , hmm bj njgm n h,j ,jmngkh, nhm h , n n jm,j m j n h mn , ,h ,h , , mmj. mj mn mn n,,nm, , n.nnm h , nhmmn j h jjm","the radio broadcasts themselves were often so patiently informative , despite the baseball jargon , that girls and women could begin to store up in their minds the same sort of random and meaningless statistics that small boys had long learned better than they ever did their lessons in school ."
"b cbixub ck b cvcc nn;; ci bcu ubc m u kkub cyucv ubn,","the town itself and the reedy cam '' he often visited , as did all in the university ."
dva asf c dsa5 dsadvaz d dva xdas xsr aas 6 d d s a xxa d vas va z 5 d dva aas t vasa va x z vas d x a 865 y,"the wearying trek stretched into the afternoon -- from newspaper plant to insurance office to her house and back to the newspaper , where he found her at five o'clock ."
`47e`r14224``ir1i7``42`91`12249`1iuu91`34r49r3re2`4uq414e9u343``44`1ro,"it was her job to stand at the foot of the stairs , and , just as the first lady stepped off the last tread , mama would straighten out her long train before she marched to the blue room to greet her guests with the president ."
zh fngnc hxcxfjhfx zfzx xzh f,"rosa , unbelievably , was not yet up and about , reassurance that rosa was human ."
ds lddas asv lskld zalc,transmitter search circuit design
3r1 39 q29s12 3o9fe 3r1 s99302 w20k 3r1 92-023 21k2o 3r3 -0p939a9f 9f 3r1 331 21 pp 3r1 k1 ]] ;,the taxi driver taking the visitor from the airport remarks that politicians in the state are all the same '' .
ycyjj zjicuzczxbyzc zccyctzu c zzbzbzxcuxc z tx m,it will help to determine the attitude of the new members toward the church .
fbs fg08 o 08 f7ds f fb8z f8js 8z 9 s 9c zfsxg 8j0d9 sjs f l,the typical picture at this time is one of steady improvement .
4i6t8oplbr8botti6bbop5bkoibrbjp86btopi;ybk6bl6h6ttr79b8pb76t87oh8bt6lr86by6kr86b==brlyb8o676k9bhi8bpuub;6iot;r8opl=y6;r9olibuo;okit867tbb,question at issue how big a vote should be necessary to restrict senate debate -- and thereby cut off legislation-delaying filibusters
5oi8gy-4o5g94g95g4-g45g7gy954g4y4ogg7gou4-4i-g9-gg95gy4g[,steinberg claims that these early years of orchestra participation were of invaluable help to his career .
"u8b5ukkbhil8uly6b8ibk6brlbikh6h8uj6biub8outbyujutuilb8ib6lhiy7ri6b8o6brhh6o8rlh6biubokrllulibrtbrbo7io67brlybhil8ulyulib76toiltukuku89biubkihrkbiij67ln6l8b,",it will continue to be an objective of this division to encourage the acceptance of planning as a proper and continuing responsibility of local government .
85 2qw y3 2y9 574h3e 5y3 q553h589h 9r 28oo8qj oo96e tq448w9h 59 5y3 w7gu3d5 l,it was he who turned the attention of william lloyd garrison 1805-1879 to the subject .
"ky fsemd lm ulj yjsy kmdyrsf lg s .j ; yl gk.. yjr drsy svtldd yjr ntkfhr ysn.r gtl ulj jr esd s sm smf yjsy nrvsjdr htsyy djsgrt esd s,kmh ulj kdrtsn.r ulj ertr ;sddkmh ky flem yl jk yl htsyy djsgrtd djndykyjyr yjsy lyjrt hju","it dawns on you that instead of a lump to fill the seat across the bridge table from you , he was a man , and that because gratt shafer was making you miserable , you were passing it down to him , to gratt shafer's substitute , that other guy ."
".hgvb 9kvb70hjbk8k897bjv k 7k.hmhok0hj.v0bk.hjhgvbvo8kkohb9jhk.8 ,8 k.vkk8 nhhnl","he was not a superstitious man , but he felt perhaps there was a little something in that , indeed ."
jg21n2s1syhsfy613sh4sgys2fe6s2gf1ghy2s stfs6seysy3yes612stys4hs6sehy522shs4h5grsg2sjh3g51ns2hy2s,"reprisals are not unheard of in such situations , but the recent tendency has been for the congress to forgive its prodigal sons ."
12 egw 4t4 9f3 wq42 2aq42w i gw 4t4 4t2 13823q tw 92e4 4t23 7fq i 1tst 1232 4t2g dsg4 f2sq2 e 4t2 wq42 o,"we found that a labor dispute existed , and that the workers had left their jobs , which were then vacant because of the dispute ."
"kn ;p p 8n9b9k- m9bmp,-n0-bppb m b p bm0v n bnv 9m9 nn9 b;",mrs. lalaurie impatiently propelled the slave toward her waiting carriage .
`15` a`1 2a,marshall asked .
3r121w-21 ; q1312e1f3 21 91q ',"therefore , detergents are used ."
cc zhzc7hzjhy8x9x898xc788 c zzv86 hz8hzzzxzi7 78hz8 9zx8iy6chzcj 8x 8x h7ivi7 zj86xz8 zh8c78iz6x7cvk,"at the same time , a major proportion of these young men and women see religion as a means of personal adjustment , an anchor for family life , a source of emotional security ."
",6v99ynm mtb7 mbny tm 6 bmm m b67nv 7 u","you know '' , norton said to me later , i am thinking of setting up the klinico brownapopolus ."
".,23e, a,n q 4 r1 qmq 4 3, 1 mw m qm1 3,,22,` 3m m rs1 rq 3`1f34;1mer3 `,fq12wn 412","a portago could say , as he did say to me , if i die tomorrow , still i have had twenty-eight wonderful years ; ;"
"a. r.m fqw efq vdqw .s efq f,/ f,vq",do you hear the anger of the whip's whine ''
"z/.. zx,v/ /x/ //xz//c zxc c z cc cc zz/czc/x zc/,c .zzv/c z zcv//x .,zx../","he also disliked runyon , for no good reason other than the fact that the demon's talent was so marked as to put him well beyond the hetman's say-so or his supervision ."
hvfg dxgbxgf dxc hg g hmgc x jxgn ii jfggc hjfc x hfbnxnf hh j hgxjc nx v g fc f hf vfv hgvfg hgf m gxgvc bh mhnfc xg hgfv xgc gnmh xhhx bc bnxgfc cmxgjcmhhhfgc g hgffc g hfgnx fv g fc x v hgffhhjc dmg m dfgf hmf bhgfgf fgc hb xg fv dggf hggj dggfc hh hmdxgh x x xngj mxgnf dmg m jgfcxnfv hmf g f hgxj x v hmf nf fgxn fcf hb x fchmfhg c,"modern warfare was born in this campaign -- periscopes , camouflage , booby traps , land mines , extended order , trench raids , foxholes , armored cars , night attacks , flares , sharpshooters in trees , interlaced vines and treetops , which were the forerunners of barbed wire , trip wires to thwart a cavalry charge , which presaged the mine trap , and the general use of anesthetics ."
vhs atfb fay yfz yc vff vhsz t frdrytzs atfb fyr bsz yc hyzzyv ut g y htx n,glaze with two coats of matt glazes in turquoise with touches of blossom pink on lid .
"8,8 nm.8,nmn ,8 ,, ,, n n,b90m9onj n on 8j7o, n97 o. , 8 8 b ,bn oo 98, nn, 0,nml",it is a very interesting fact that these two problems can be handled simultaneously and this is what we shall do in the next chapter .
a a f455 dvafay a v a dta d6 s5d5 c 76adsf h,even musicians themselves have taken to writing poetry .
y3 ebeh 5 3f3h qw 5y3 dnw5 nr 5ybw dn 3d5bnh,he didn't even ask the cost of this collection .
rdtd5dr3d66d35d77d7dudt3ud66d72td2r7t4d3d3dy,"time , of course will testify whether the new version will have achieved its purpose ."
", n n,. n n nmn ,b m /m","then , gently , he shoved her behind toward laura ."
t3 drhg rfq12 s1th yw 3rtf b f1` e2 b htg1 yv1 1vd22tfe wa3 yw ur4tahf1 b fq t 3rtfg v2n u312f 13 yr3 3r1 33r24 3y yw31f t3 v1ftfe n,"it bulks under a veil of thin , new grass , like some embarrassing fact of physicalness , and i think mrs. pastern set out the statuary to soften its meaning ."
v v;kn'l. b; ;n n l v vb mb;v,"she came out pink from a hot bath , and i gave her my robe ."
pf fbsds [z x[ccsds s sfass fbs \dszs f ]p/s x fbs sdg ]a,but there is a difference between the present volume and the early low .
then 8t 8s jaried 9n the 8ns8de where 8t c9jes 8n c9ntact w8th the trans9j k frajes k ieeos9n and aoo the battens l,"then it is marked on the inside where it comes in contact with the transom , frames , keelson and all the battens ."
",g ,c[n f-pg c b h-[[gb - gh f0j, ,0v nc g 0 j,g --[gh mhcvv '",he half woke and rolled over with his face in the cooler grass .
"mv, b c/ bncv vcb/v. vc cc cnb cxc, , ,vcb, cx bvcb bcbmvc v,","during the past year , great progress has been made by the weaving mills in creating new stretch and textured fabrics ."
b cvc c xcv bb8i,their eisenhower is insubstantial .
"3.65f.ll,5f43k78f3835f",alfred looked straight ahead .
"kizxu kiijnzcc znuc zxmycc zxziccznocci kcc zn,","glowering looks met them in the bar , but there was no attempt to halt them ."
6u47 ow7 9j u8e ow0 k 0woje 70 k e68tto7 j9689jo4ee k 6u4 6w0454r t8jy45e w o866o4 6u8fi w6 6u4 u98j6e l,"they lay on his lap , palms up , stiffly motionless , the tapered fingers a little thick at the joints ."
px f[o vossf f[o .pcvd ad dva vazosdas [f,if you hurry you might beat the headquarters boys '' .
"u sckssaaacoaixanmu ziansui uuk kziam6w7ia kksy syadu 8w9 ziamw6sy syadu 8w,","in the latter research program , information is available for 2,758 cornell students surveyed in 1950 and for 1,571 students surveyed in 1952 ."
c dvas xxaa p z c dva advas p dva zf v c p xsda oodoa d d dva ads0 -- x vv va -z a- p dvaf zaz dva sz p dva os c d a v p a a dva xs d ca x dva d - sacdas p sad c dva 0dva s [,"sipping their coffee , discussing the weather , the day's shopping , fritzie's commitments at the network all of which he would cancel , they avoided the radio , the morning tv news show , even the front page of the santa luisa register , resting on the kitchen bar ."
76 688u w f869i4 8t h7j664e 68 56j 6u586yu u45 gw5786e h6e7j4ee4e wjr y46 r83j 68 6u4 8j4 u4 3wj64r k,it took a couple of minutes to run through her various businesses and get down to the one he wanted .
"0 -0bm, -l0 mb ,l0 [b[ [9b v-np0 0 0 m0m9m0-v 0 mn l0m mnb m b m b b -0 [ [9b ;0m0 [b nm mm bb 9 m0- [=n- b 0-l9 mv-np -nm b [9b v 0 nb n mbn0 m0- m b -0bm,'","in a society dominated by middle-class values and working in an institution which transmits and strengthens these social values , it is clear that the educational profession must work for the values which are characteristic of the society ."
7x 8 vc xciij7y6 bvb8hnv hc cvcppk,"i was so scared well , i just ran to my car and came here '' ."
"nf7 j43 u45 6,, 34 6, tmjr m6 m.,eemh 4",lucy knew her too well to find it impossible .
32ud52ur3rd[dr2=5]dd,"san francisco , calif. ; ;"
"omn n,k. u b ,nmmi, nm u mn , kn k.,",presently his water brother said breathlessly .
[3 d1a/1 3r1 ]1 pd;1a3 ]w [f312f3[]f ` 312/ `r[ar [3 [ \123[f1f3 3] 21/1/d12 ` a][f1q d4 d1f3r/ d]q4 ]w 1e \2[fa[\1 `r[ar d4 fq 2e1 ` /q1 p\ ]w `r3 `1312f f3[]f a]pq q] [f 3r1 `]2q 21f,"it became the sole subject '' of international law '' a term which , it is pertinent to remember , was coined by bentham , a body of legal principle which by and large was made up of what western nations could do in the world arena ."
"d, 6,fu6u5u67,du6ctg u6mtydu6fg 8y7ntg 6uftuh h5,gdgt,uduui d, 6,fu6u5u67, h d,g 7,ui r6uk6, uk7ft gth6,tg u6g6uf d u6bt,ft j","an institutionalized liberalism proved itself fundamentally an institution , and only within those defined limits a license ."
i5 g657 k ek kg567ek tekk56 y e77ku 7i5 u6kt j5y65 it u,"he crept in an incertain manner , patting the ground before him ."
8f'/3iili7f5lyl4l;if834f u3.5f;if8f ;4ft; '/f3i5ft; '8i4lyf43f'/3iili7f';73 flif8fi3l;if,the planning division has embarked on the most complete and comprehensive state planning program in the nation .
v c vv c nbbvvc nxn vbnvb cb bvb bk bv cb,charles burke got turned down by dartmouth and he is a straight-a student '' .
"vc vxm m n, , .//. ,n,.n.n v , ,.. .mnvb. . ,",chen was equally adamant in his opposition to the admission of outer mongolia ; ;
=-ee[-qq90r44-`l9q4`0r449lre0r3]],probably occur in the horse much as in the human being ; ;
. .nbb / /b/ x/b vx v /cbn c n / b ccb b cvccv b/ cx/b / cxcv vvc/c,"usually at this point a man is withdrawn from society and one of my jobs is to see that he relearns to mingle with his fellow men '' , mrs. marr explained ."
yc v8b xx v cyx v xc zcv vv xyxy87x v xyx xvxczv v x8v vz vi,morgan hotly denied this and informed the board of war that the men in camp linked the name of peters with the plot against washington .
"vjhv,h khv /mhhg.nn h/k.hj","a real gentleman , i feel , would do neither ."
even rectr h/sef was rey t th/s s/r/t f cet/t/n and he new /t nt fr a re exated ff/ce /n the h/erarchy f the ch.rch h/s ab/t/ns fr the b/shry had d/ed very eary /n h/s career b.t fr the ne cear v/ctry he had taed ab.t t the cne,"even rector himself was prey to this spirit of competition and he knew it , not for a more exalted office in the hierarchy of the church -- his ambitions for the bishopry had died very early in his career -- but for the one clear victory he had talked about to the colonel ."
stmh sttrdyd trtyrf nu yjr grfrts7 ntrs g mbrdyhsym m 26 y sny js7g gt nth7stu smf 7stvrmu mb7brf rtdmd mfrt 2 urstd g shr u,"among arrests reported by the federal bureau of investigation in 1959 , about half for burglary and larceny involved persons under 18 years of age ."
dva xd dvd 5v dvsad 6 87da d 6 dva ac6 6 c saz6 c ua7 6 dv75cvd d7 a 6du xd7s 6 dva 7 d6 5az 8ddas 7x x6u5sa 7s 5 zasv6a aga d dvaa v6uzsa av6 6d j,the fact that such threat is potent in the beginning reading lessons is thought to be a vital factor in the continued pattern of failure or under-achievement these children exhibit .
x7 7 xc7 bv yz xv xccvxcx xx xb7vbc c c7yzv vvx v v x xvy z 7x xcx v xcx xzv6xvv6 c xx7 v xtxcbvx xyv xbzxcx 7 txvtxxx7b 77 v vv x7 x7vcx bvxx cx v vxcvtxy7vb v xvxxvv xtyz yxxv7 x bcvv cvxy7 xc v7xvvv xc7xu,"he could no longer build anything , whether a private residence in his pennsylvania county or a church in brazil , without it being obvious that he had done it , and while here and there he was taken to task for again developing the same airy technique , they were such fanciful and sometimes even playful buildings that the public felt assured by its sense of recognition after a time , a quality of authentic uniqueness about them , which , once established by an artist as his private vision , is no longer disputable as to its other values ."
6s3s13s6sey2s325ys4ys62sye828s1ee1syysus6sy3ssey28s62s27e62si,"he drew toward the composite design from his meticulously accurate memory , without need to consult his sketches ."
"ily yjjynimy.ygg j ily kmyu.u . n7yfu.k gty j ily .n.ggiy.nyg uym7m.k f,i ily gf7yg ifb ,77 tfo 7fo f fui . hyiyut..k tlyilyu i nf. tgiyu ily uyruyh itiluhg miy u",the effectiveness of the governor in clearing up some of the inconsistencies revolving about the sales tax bill may play a part in determining whether it can muster the required two-thirds vote .
v n bnv n 9nn vnbc v vbvivivbv n vb b 9vnp,he had started to back into the turn when he remembered the razor in his pocket .
v x[azx ]zv vb[x[]pv[]z[v v x\c]\xcv[xv v[v ]]/\x] [c[v[x [v[ pc[x ]c/]/\x][v[ xp[xb] v x[xz [ /xxvvz[vx pcx[xxc[b] v xvb\x [px [,"then in 2 we show that any line involution with the properties that a it has no complex of invariant lines , and b its singular lines form a complex consisting exclusively of the lines which meet a twisted curve , is necessarily of the type discussed in 1 ."
"s,2d/.d/2/d`3",but now i am not lonely .
hy trgmrvyd ejsy hd hjhmh jm hm jyjrt strsd jg yjr stthshr smf hm djvhryu hydrmg,it reflects what is going on in other areas of the marriage and in society itself .
"dh lf ukt hylbul;, h;ybt mturtt, bkl' d,g .,lht fkyhdbtf d,g ' lf ukt ,;y d/ h;ybt dbul,j ;, ukt hdbt ;h ukt .,lht","af is the friction force between chip and knife surfaces , and p is the normal force acting on the face of the knife ."
/5 w33w d3q4 2y3h h3 5q3w /h5 dhw/e34q5/h 5y3 3sd33e/ht6 e3r3d5/f3 363w/ty5 r 5y3 q5/3h5 23 wyq e3wd4/g3 /5 /h e35q/ /h dhh3d5/h 2/5y .4 w3dhe 1.3w5/h 5y3 h3 dhd34h/ht 5y3 w6dy/dq g/heh3ww r 5y3 q5/3h5 5yq5 y3 yqe 5 436 h y/w w3hw3 r 5.dy .dy 43 5yqh 5y3 .w.q 45r/q34 qhe 5yq5 dhw31.3h56 5yq5 rqd.56 2qw w5 4gqg6 43 w3hw/5/f3 5 wyq3 qhe w/a3 5yqh 5yq5 r q 34wh 2/5y h4q f/w/h,"it seems clear , when one takes into consideration the exceedingly defective eyesight of the patient we shall describe it in detail in connection with our second question , the one concerning the psychical blindness of the patient , that he had to rely on his sense of touch much more than the usual portfolio-maker and that consequently that faculty was most probably more sensitive to shape and size than that of a person with normal vision ."
"bnb m bnb b m ,b m[p pm np; ' [ bnn,",here and there she stayed to visit and drink a glass of sherry .
3f43i7fi378i4879fuify83if66iu778f3i5f87h4i6fk,a strange relationship between joan fulbright and himself .
"7i.r ri5756 g/,t j5 j,.7 .k 65u./kr 4i565 4e756 /6 6/g .r g/r5 7/ 7i5 r,6yeg5 e .ku .7 .6eg7.ge 7/ j,.t ek ,kt56u6/,kt ri5756","this shelter could be built in regions where water or rock is close to the surface , making it impractical to build an underground shelter ."
"yhfnrgjy n4wj4r 6h uge t446 wjr e6w564r th53w5r yw557h34j ,,","goulding leaped to his feet and started forward , garryowen ''"
xvdb v fbs xs xs fbf cn nasx fbs nn z fbf mbs s mvf bf vdsa v ncndf s z fbs nb s nc vnx x c sx cdn sbb x zb f annxdna ab zn n g fn sd cdn z bs s fn bbz zbn sx ds bsc fbf cfsd fbsds az n vnx bs bx fn zms cnd x fbf bs az vzf b gbna kk fbf fbsds az bsb cndv cnd bb x fbf fnn v b nv x f s sms fsx nc bb,"during the decade that followed , the common man , as that piece put it , grew uncomfortable as the voice of god and fled from behind saint woodrow wilson only to learn from science , to his shocked relief that after all there was no god he had to speak for and that he was just an animal anyhow -- that there was a chemical formula for him , and that too much couldn't be expected of him ."
mz x zx cmb,she wondered whether stanley would call .
"p,pzsc;oo ospa.ao da/[oss xa.cplss. cdo sczoaszo,o is.asc, oxiosdpz[ap pi","some of the classic indicators , as described by drs. pittenger , hockett , and danehy in the first five minutes , are these ambiguity of pronouns"
r`'13'r`'1,"no '' , said argiento stolidly ."
cvpn9bcvc b,early interest
"gc,bgzch zx",it's a kindness to her .
",x m cmv,v xc nx v ,n v mb,vx,xcvm, cx,m ,c, mcn cmvb","so , e.g. did aristotle argue , although this may not be an observational reason in favor of circularity ."
"6s,e s12s6,.y5s4/13s",the truck was hurtling forward .
"4t2 2ee2s4 jq q je t2 tw 423j,j2w kh4 ke gk1t232",the effect is as if he had materialized out of nowhere .
6q8 efqeqw wqqve fqwq efq cr wq 88 t v rdr zewq wazqa cr 4q eqwv5 va awqzeqa cr fqvwr 6qxv swr zwqqv6r cr dqwdq q66 y,"loew's theater presents where the boys are '' , an mgm picture produced by joe pasternak and directed by henry levin from a screenplay by george wells ."
c zvxzc zzzcil oxzz ic zozcioo cx zv.,they are the essential force behind the conventions of tragedy .
v efqw wa [ v pqwq=r p=q zwqewq zv wqe efe zw aq c==qe ],"in other words , no merely male creature can resist that corps de ballet ."
1btwa5ane` a3nwab1a`a3vtwbntan3awn`bt4a5bw t11aa`a2b33tb` a`t13nambw vma5`1artabtwnmn`2abtna5abt1vtana`wwv` a`1va3b a5bw t11a,"since the removal force is a function of coating thickness , a differential transformer pickup has been incorporated into the instrument to accurately measure film thickness ."
4``p1r`4]p344/[341w[]p`[q`[r\]\p/3[r`/]]2rq4]`]\]]r[q`2]pr1[r4;]pr`,"these students , although they might read various articles in popular magazines , more often chose to report on articles found in the journals ."
"mnbn,[n, n. ,nm[ , n ,[./[mbp'', n ,[.n[om. ,nm n ,m[.o","are we to be the master of the atom , or will the atom be our master -- and destroy us"
"f. fuyf gly.iyuyh jul giul.k tk.hg fo ,y lkkl.o hygkuf,.y jlu uynuyfikl. jgy",an area sheltered from strong winds may be highly desirable for recreation use .
yb cjy bu b c cyvtb bc n xcjj b c bb bb cy tcbbvyjyb y vc icbcbcvc cbyvcjnub c civbbcbl vcubbc byunx y icbybyucvvcit ybc tbx y ub b ciicjuv b cutvb cjux ut tiiuvbc nb cvcuv nxc y uvcjcnyb c cvy u ycvl vciuvb ubc m,"in the light of these circumstances , as well as the fact that the issue at trial in this respect centered entirely on the department's recommendation , which petitioner repudiated but which both the appeal board and the courts below found supported by the record , we find no relevancy in the hearing officer's report and notes ."
qw0a39a`a3aj9t51a8tao`aa`t2a`oaaka`8oa3`ja780jta1`o1a5`ea`8o2a``o8aoeo1a18twa5ao`a0`a93aal,"except for a few months in late 1960 and early 1961 , retail farm equipment sales have trailed year-earlier levels since the latter part of 1959 ."
c xjg ghzcmg czx h jc zxh j.ckzncjvjgx c zxmhnzc c xh x..,"through quiet laughter his mother said , don't speak to your father like that , richard '' ."
izfh0z c gnd nzfvfc gh zfc v dc zg nzc fdzfdc z cdxdbfdbzg 0z sn n gnd fg zf dc g sn n z 0z gvv nzc nz00d bdc - -,in maryland the harford county board of education had prepared a desegregation plan which the court approved but which a plaintiff had challenged ; ;
"j,g gc f7hg c gvj c b c j6g h j,g f7gc ,cb 7 c bchy mhgg bhgvv c b j,hgg vjhc bv 7n 8gchuv j","the man wore a vest and a tie , the woman had on a dark green dress and three strands of pearls ."
1q ddwdes``d3qm1n``,mr. flannagan has been away for six weeks .
"nn mb,m bb m b bn/ m b m ,b n bmb m b vb mbm","appropriately , the emphasis on the home run , at a peak this year , came into being at baseball's lowest moment ."
va va savaz sd p va x z d v a sz -f acvd oa p -- as ds d [,"when she reached port , she was found to have on board only eight men , all near starvation ."
44jg`4`er`k`jqmr4qjr kj r4`erm2h4rj r` je`h44jmmhr1g r` 2j1mhr3h44h`khrqj2`khh,"the house has been swept so clean that contemporary man has been left with no means , or at best with wholly inadequate means , for dealing with his experience of spirit ."
b cv c b v x b c7c b cvb9,the purpose of this provision was thus explained in the court's opinion
fq 3r172 28i1 21 92ii1i1q d4 3r81 8w 9327au r1f24 j f3rf ri1 j fq21` yau8f j qs4 a28au133 j 3r18q821 2881s1i3 fq hf4 j hf4 h821 k,"and their roles are paralleled by those of patrick henry , nathan hale , andrew jackson , davy crockett , theodore roosevelt and many , many more ."
eqe wqa9vd z0ve9v8q 9ef efq vqe 0zz8wwqvzq ;,text reading continues with the next occurrence .
"jddk2e`1qkh1``m j2eekk,,k`1k2e`d2jkd 2e`w1`2,,p `1jdh `1q1jj,,s`hd`13","in another four weeks , with schools closed across the nation , the great all-american summer safari will be under way ."
l46fu uwr mwr4 i6 whujrwj6l7 fl4w5 6uw6 u4 rir jo6 fw54 to5 6u4 fompwj7 ot m7 o3j p54fioue rwuyu645 .,letch had made it abundantly clear that he did not care for the company of my own precious daughter .
23dsd`7dws``9t1`q7u,i stay in business so long because i'm careful .
he wanbed wgth a heavy ngst th the rgght as that neg was fhfr gnches shhrter than the hther bft the nfrch dgd nht redfce hgs fengne qfgcbness wgth hgs gfns,"he walked with a heavy list to the right , as that leg was four inches shorter than the other , but the lurch did not reduce his feline quickness with his guns ."
mv nl b jb bn yiyvb mbnbtnuibi b nubnym yb t bm bj utn ubnbbm bumb ym mmbmyumum bnb myuu vbj nb m mbm,at war's end leadership in western europe passed from britain because the labour government devoted its attention to the creation of a welfare state .
7i5 yuebyku gek j5 eggubijyri5t e7 rub5 yt7t65 7yb5 e7 e tyyy565k7 juge7yuk j8 7i5 etty7yuk uy 7i5 gu665g7 i6uiu67yuk uy ge7ej8r7 yk rujt7yuk m,the foaming can be accomplished at some future time at a different location by the addition of the correct proportion of catalyst in solution .
"7 nm m. , 7 ,m,mn ,nm nn7 nm ygk , nnynb.m6fyu.uu","publisher of crystal structures is interscience publishers , 250 fifth avenue , new york 1 , n. y. ."
i08gi4o6g=y9550-ogg5=gg5l6g-og-7g9g[45g44y0ug605y5gg9g44o8lo5go95g606o\g94ug5-gl9y9gy944yg45g9g-95g',big band percussion sp-44002 seemed one of the least attractive discs -- the arrangements just didn't have so much character as the others .
c zz xcv7cz7czyc zcxz7 z7ztzc zxzxz7v z xz xzxzt c zcxxt6 zx7vcxcyc z tv xzc77czzxcczv c xzc c7v z c zx9xt77z7z xc zz z xu,"if the wedding party lasted late , and the travel schedule means there are only a few hours before resuming the trip or making an early start , the husband may forestall tensions and uncertainties by confiding to his bride that lying in each other's arms will be bliss enough for these few hours ."
p6] e67=4 jeku5t ir yr7 k 7i5 -58je6t [ 6kku 7i5 =57756 ],"mr. partlow banged his fist on the keyboard , ruining the letter ."
"efq bqenmv efqv n fqefqw bssnznqve anzwnnvenmv nv efq bq ms qxqv vmvlxnm qve qv ms zmqwznmv n em cq smbva nv efq sze efe bzf zmvabze aqmw nq va mxqwzmq efq m,,mvqve fn q wqlmw nnvd va wqlqec nfnvd fn","the question , then , is whether sufficient discrimination in the use of even non-violent means of coercion is to be found in the fact that such conduct demoralizes and overcomes the opponent while re-moralizing and re-establishing him ."
the htghryad b yne vtght say at ftrst b behyngs ty htfe b whthe the way ty the chrrchyard behyngs ty death n,"the highroad , one might say at first , belongs to life , while the way to the churchyard belongs to death ."
o65bhrlb56borj6b8o6b55ty6fb86bf668bt4hobrbl65brlyby5uu5h4y8bhoryy6li6bb,how can we have the wisdom to meet such a new and difficult challenge
59gy5g4gi4ty7tjg7yjjg4o6gjyh5gugugm,she is a beautiful filly and likes to trot .
ammagkhaabta`taetaabab1anrebnv1a5`a5a`tbkv1a `1a2b2atnameta5a3n`bntan3a1nan3a5a4`1a3bt`twb` amb1a5an 2a5`1aea tntaa5 2an45ara1nan3a5an1a3`t`1bwab2`1aa` ar`12anta5a3vt2`t` atnbnta5`a`awnmn`bntab1a`tabt2beb2v` a5naw`ta`2a`t2aqw5`t4a4nn21ab5nvawntn ara5a4netta a,"pp. 228-229 in any event , it is obvious that the anti-trust laws did not prevent the formation of some of the greatest financial empires the world has ever known , held together by some of the most fantastic ideas , all based on the fundamental notion that a corporation is an individual who can trade and exchange goods without control by the government '' ."
bh q n43 m3wwbbw5bd f3bh qgnv5 5y3 3dnhnbd nv5 nn b wvwm3d5 5yq5 5y3 43w34fnb4 nr e3qhe rn4 dnhwv34 tnnew qhe ynvwbht 2ybdy 2qw eq3ekvm ev4bht 5y3 5yb45b3w qhe 2n4 e 2q4 bw rbhq 6 bh 5y3 m4nd3ww nr 4vhhbht e46,"in a more pessimistic vein about the economic outlook , i suspect that the reservoir of demand for consumer goods and housing which was dammed-up during the thirties and world war 2 , is finally in the process of running dry ."
8cxz6867c9 v7iivj7c 7cv8 8xzux77 8zxx86 x8c c7czzhh7 zc8 z6xz 8x8c h79uxh769c8k,"so strenuous it was physically , with its days of horseback riding over rough roads that it seems an amazing feat of endurance for both miss packard and miss upton ."
vci8 jn97bvn,break is my country
ytd7dtyrhjdyutujt3d7yb3j5dyud7dutu6dthdtujtyuu2dbutbudud3tr7d2udeud72d7y3duudrutudy6yu3dud4utyd7y3di2yuy3bdm,but he quickly involves himself in the young turk revolutionary movement to such an extent that his own country begins to doubt his patriotism .
"hcjg n mhfj, j, gnhg c b cnjgh j,v h c9 vjcmg 0 0",rate of growth both before and after this crucial stage ; ;
qdd[4epht 5[ q ho.g34 [r w5oep3w / 5y3 p.][45qh5 ]43epd5[4w q43 5y3 hq5o43 qhe .qhqt3.3h5 [r 5y3 d'p3h5w qhsp356 qw 23'' qw 5y3 qdd3wwpgp'p56 [r 5y3 y3']pht ]34w[h,"according to a number of studies , the important predictors are the nature and management of the client's anxiety as well as the accessibility of the helping person ."
"kt ytnmtrf d,g fkd.tf ukt r,y ,h ,uktyf u, , g d fm,j t ,m,u .y,gnbu ukdu rm mtfu .y,,ut ukt dmf ,h ukt m,fumunum,,",he reviews and shapes the work of others to mold a single joint product that will best promote the aims of the institution .
v 8cc xjxv v x07c09xv90cxxv xvx v9cx v xv xcj9970oxbv7co9xv89l,this arrangement had the purpose to prevent heated gas to reach the thermocouple by natural convection .
44h34`1rjro`gkwh`jr3hrhr3hmh`.`q4r3hr,the highest rated non-supervisory engineering title is ' research engineer .
j9sc x8ooaz dva x8sa 9 8dv 99z c8 k dva dsdaz 700as z ad dva d oa l,"morgan filled the fire box with wood again , then started supper and set the table ."
uod3u7did98d7d3ud3r2d6u29did3d2d92d0d0,"mr. smith , like the present secretary general , is a lawyer ; ;"
vjf sh h b mzfxj shmm fd dh d z qii g x xz h bx j c vfj gnd bg hjf z nhd d d g zghj zm jfbz hzghj,for winning larson will receive a 100 u.s. savings bond from the junior achievement national organization .
gytf uktf myukty iyr kk,does this bother you ''
qt'lw g5 qd2 stgr2 t;q ;gw gw 32`l2q4 4' 2d2 23;23 r;ee2g 1q 4' 3'd;w2 qqr2 4 'gs2,"should any slave change his mind and request to leave earlier , giffen was to provide passage at once ."
t2 qhw2oq42kk2w t23 fmj1 gw qt2 e2mm q4g fmhgr rhgq4 4t2 r2mwhgr,"he side-stepped her blow and she fell , stumbling against the gelding ."
"h hnvl.hvbbg, hn hkhnvl vjhvjnhk,, lk.hnfjh kbkhbfjjnl f gkgh bkhvg.hnnlmg kgkghfbjh hnfkgh .hbvgngvbv hfkkhh fjg f v",one day he assigned me to lay bare a plot '' by the duponts to supply munitions to a wholly fictitious revolution he said was about to occur in cuba .
three 'f the f'lr ers'ns resent a f're;gn stldents ;n t'/y' had been ay;ng a ga e 'f .ldg;ng 'lar .aanese f''ds by the ;n and 'lt syste an eqlat;'n ;n wh;ch zen h;'s'hy was lsed as the 'd;f;er,"three of the four persons present , all foreign students in tokyo , had been playing a game of judging popular japanese foods by the in and out system , an equation in which zen philosophy was used as the modifier ."
"v n.h.vnvmhhu6 ,k.v ybk7k.h,6juk.vkk.6 ,bg75un,hkg7jbh hm7jhk.hl,7k hkkhjj",and he had a feeling -- thanks to the girl -- that things would get worse before they got better .
"uvbn u v m u uj nvc bn; m uk ; ovb i kunmu vnv ,","in certain cases , as in dick stewart's , a child's personality is affected ."
"ly flgo huyt puynigy nuigp gpoig , tlinl ly golh io mfuioug liiyufuo f.h fuiigiin jouu.flg , ily .yt ooukyu , jou i.gif.ny , ou ygruiuy .","he also drew precise crisp spots , which he sold to various literary and artistic journals , the new yorker , for instance , or esquire ."
v5 6sz asa f6dyf d6 v5fayx h,his words were mostly to himself .
587ud7de86267ud75d2d8674d4g4d2452d57d4g7u3267ud858733d57d2r7d8u2udhdy5du7d7der4d35r7dut2d8674dhd7d3r2d372uud87r4d23d87g8ud23d82r6r2yud7d463873d75d2ud8u2u3d37dr7u35r4dyd32ud7d7d76673dy644dhd7d23dg2d7763dyd46r4dyd2rd75dr7u633dj,"upon the expiration of a period deemed adequate for demonstration purposes for each plant , but not to exceed such twelve-year period , the secretary shall proceed as promptly as practicable to dispose of any plants so constructed by sale to the highest bidder , or as may otherwise be directed by act of congress ."
yxz7 guz 6x z7xj,ekstrohm cleared his throat .
"a. , . ac, d, s.sc .ss. sa,//.zzc,sa,/ 's d","robinson clambered heavily into the boat , sat down , and stripped off his triple-tank assembly ."
ql2gs23 qjw gk4tjgr,spencer said nothing .
"m b n b m bb-bmn nm nbb-bb mbb m-,bc - mbpm n[-,mm-bm m nb[","the charges of the electron and proton are believed to be exactly equal and opposite , but dr. lyttleton is not so sure ."
3 103r12 1fq fq 0f 3r1 a1f312 3r121 21 d4 `r0ar a-f30f f0f1 e21312 [a-s1 w21a-1q fq a=a0-9 ar92ar =1 ',at either end and in the center there are bays which contain nine greater alcoves as frescoed and capacious as church apses .
--iawdwcxqmicwdiqlcsus''.,-- if that can be screamed in their language '' .
yd vyesa sublr vwjubf yb atew ue ieh n qgr suwa,"if birds don't belong in a square or park , what does"
ps[w s[s a gw \waws,ludie did as he pleased .
"ic pzc=cp=zcv.ozzz,pxz oxc c cp[ozzpp/","but honest-to-betsy , i've seed more hair than that on a piece o' bacon '' ."
f d c' f a d dv; v'ls \\,wally can't go any place at this hour '' --
a frend0y state o sieties n0y seindeendent o bt never hst0e p,"a friendly state , sometimes only semi-independent , but never hostile ."
4t2 3'g2q 24 t' wdgs2,the marines let him advance .
"' /;gi t'gl i n.kufi;fiy '.gyniu iu'yu f.h l'g yjj'n'y.i 'ny iug '. nyf.'.k ily n'io j ilgy luu',y f;i,'yg",i just wish to congratulate inspector trimmer and his efficient police troops in cleaning the city of those horrible automobiles .
fq a0a efe 0ef [[ efq ve0-v ',he did that with all the nations .
zqe/wwqcqlw/alc;k'/;a.,every letter answers itself in a couple of weeks '' .
[ e6w564r /7 6]p5 ]t 6u4/ w6 6u4 6p5'[eu y]g45j/4j6 6]p5[e6 ]tt[f4 j4d6 6] \wj w/45[fwje ]tt[f4 ]j 6u4 4t6 we 7]p 4j645 6u4 r5[g43w7 6uw6 4wre 6] 6u4 u[6]j u]64,"i started my tour of them at the turkish government tourist office , next to pan american's office on the left as you enter the driveway that leads to the hilton hotel ."
".ascsc /,ads /sc,. dassc",i was aware that when our eyes met we both quickly averted them .
ro5i4 t6[ gie6-5r -5e-5 4er y6g5t 7i6ui 7i5 oj ekt r355d5t 7 k7 7i5 tku8 g66t6 [,somehow dr. charles leale was forced through the mob and squeezed out into the dingy corridor .
ggi4g55i0gig4g84g59g94og5g9goi40g5og7gig48g==gog9g56og946g546gog7i4g9g7g9g0yog4gog8oo8g9g74yg94gogog7g95g48g946gug0u6gg4o9gigp,"i may possibly be a greater risk than is the normal person of my age '' , the president had said on february 29th of the election year , ignoring the fact that no one of his age had ever lived out another term ."
u-7bk[rlho6b;b08b5rtb-l[9brblr8867b-ub80l6bk6u-76bt8rl[69b5-9[yb=7-=-t6b',"for blanche , it was only a matter of time before stanley would propose ."
rl vw jkrw .lbw qgwew rgwew ew bl lrgwe gj b vwkbfa ka age;.t wzgk.erkbf / /,to be quite alone where there are no other human beings is sharply exhilarating ; ;
p;iop osc sos[aop zpascdssczosspxscac scka;p/,occlusion is the dentist's expression for the way teeth fit together when the jaws are closed .
5y3 523h565y433 4 523h5652 25y 5y3 q6h3w 5y3ow3-f3w o553e 4fe3e o343-6 q -qd3 5 w5q45 p qhe 5y34 e3h5rdq5h 2qw 5y3 gq43w5 r w5q45w [,"the twenty-three or twenty-two with the paynes themselves omitted provided merely a place to start , and their identification was the barest of starts ."
ccyf6sx5 47c cay5scssca6775 x6zc5 55 s6sc5dr6y6zsc yt75z5scff6adz6ac5ccc ac5 xh,he had almost given up when he realized that the dropping of his biwa into the icy jowls of the black pacific was the memory for which he had been searching .
rtsm dsf nsmt/yvu e/f my nr sm rfsyr rggrvy g yjr rthrt n/y v/f ddnu nr sm /ysyr rggrvy,"perlman said bankruptcy would not be an immediate effect of the merger , but could possibly be an ultimate effect ."
"nytgg ihnh lg tlfi nnhilyg ly glhfnh ,ug.k fnh.k f.h y.vhg.yh lg .hi ih ,fo f.oilg.k ilfi ly hgh .hi fnuyfho ht. ilyo thfnh hh ilfi g. .yt ohub","lewis told him what clothes he should bring along , and enjoined him not to buy anything that he did not already own , they would do that in new york ."
"635 q4qe/s.dq6 6 .g34q r4.3hew d/h5.h,3 5/ f.32 3rr34w/h qw /h3 /r 5y3.4 q54/h wq.h5w",yet paradoxically my liberal friends continue to view jefferson as one of their patron saints .
zlvekvjkvd d.kc.r kv efk xqkv fq ;jqa el zl slwe fqw,"continuing glibly in this vein , he paused to comfort her"
b cvc-x [c 0x-b c-]cc-b b -]b n =0vb ]==vbb-= 0 = bvccb,and there i was shacked up with eileen in that filthy fourth floor attic on hudson street .
r1q'14'eq1'r2e`q,and carried him backward in a footballer's tackle .
5gg5g5488gi,so it is spiritually .
8o6t6b5mb ybk6b85mbobrlbk6nlitbb5ombimyborybhomt6lb,"these would be two human beings , whom god had chosen ."
z ss ppc xpczxzxzx zzx xxzx zx ],during 1598 and 1599 he made manye guiftes of myne owne provision bestowed uppon cowrtiers others for the better effectinge of our suites in hande '' .
efqr fqa jgvb ev hw zwq jhaqw,"they used pink , tan , or cream powder ."
tx gndfd z hgnt b z vfrxgfzgdc t ct tcrzh z cy z yrg yvvr txvkx bfyst b gnfdzg y yrf cyyfxgdu z c zfyr c gnd syfhc,is there anything a frustrated individual can do about communism's growing threat on our doorstep and around the world
66s215s12s275y3sy7556s1y3shs6s127y3shs613stys3413s7yusts866u68s28yeo2s5y6uu6y5y22s7s21ye67ys1ys631s6s613sy7s7656y13sj,"their strategy was sound enough and , he reasoned , had been defeated only by philip spencer's unwillingness to sanction an idea he had not originated ."
n v v bv;vv ;v ; v b' n vl v'' ; ';vnmc ; n'dh,"these are inexpensive and available from the u. s. geological society , washington 25 , d. c. ."
'le`3qe '3e'le`3;,you need her even more than you need him '' .
9g54o8g488g946go9o8gg6g9ggug7gy5,"the stranger really had nothing to do with it , of course"
7scas9t ssct c7z 77s7 sascsaza s a76cu,blue throat's men spotted him and a hail of bullets splintered the store fronts and board walk as he passed .
8f766f3itf3y46ff3t5f8f5u4f66f3ff64f76f545i7f64i7ft6i54t6fgf45yy56fy3y546fh,"the performance also marked the debut of a most promising young conductor , silvio varviso ."
"2e`1`ea`s``da`13q``pq`[;oo2pdq;o2pqod2`1`2s`2``d2e`,o;`;dd3p2e`1;od2e`qo`;pq`i2opd;[p;o3/",there have been very few cases of explicit conflict of interest between the middle class and any other class in the field of educational policy .
r 8onviob8o69b nv7l696yb56t867 9brtbur7brtbi67rl8n5lbbk69nlyb8o6b67b6b7nvlyonvt6brlyb8o6brhobl6btonmbbrlybr nlib8o6by6 r5r76brlybovytnlbhrlr bbrlybln78o5r7yb8nbk7nn 9lbbk6 n5bmnbl8bm6867bbo6bhnv ybt66b8o6bhov7hobtmb76b5o676j67bo6b nn 6ybkrh b,"although they journeyed westerly as far as germantown , beyond the erie roundhouse and the machine shop , and along the delaware and hudson canal , and northward to brooklyn , below point peter , he could see the church spire wherever he looked back ."
7i-r ;=0k7e-k 4er [k=4k er 7i5 j]eg[ 655y ekt -7 6=r5 e];=r7 565kt-g0]e6]8 y=6 ej=07 74= i0kt65t y557 ' i=k58g=;j5t 4-7i geh5r ' 7= g=h565t 4-7i t5kr5 rg60j ekt g65556r ekt 7e]] u6err,"this mountain was known as the black reef and it rose almost perpendicularly for about two hundred feet , honeycombed with caves , top covered with dense scrub and creepers and tall grass ."
sp00osls28st1ts]]sls6]3s2193s;,"look , sue baby '' , he'd said ."
"mk, ukt md,unfu bftg umud ntyfnm, n, ukt ynnty mygd, hmy mt ntntyf",john the baptist used total immersion in the river jordan for believers ; ;
jd frs8 esd s8rcsmfrt g ysvrfm u sd ms8rm0d esd 68d vsrdst i,"his ideal was alexander of macedon , as napoleon's was julius caesar ."
the stetther y a7tst wtht excetn y has been resented as a cre7 gress u,"the stepmother , almost without exception , has been presented as a cruel ogress ."
"x dgihfg li fc , xh fch , i x chxhf ob xcho icmmf h '' , mf cxjc .","a writer lives , at best , in a state of astonishment '' , he says ."
"k.h l j kbk lj kjkhbv..l vkhn ljhk.v r ppp ppp pppk h l l k vknv.l h.vbklhvj v ljnk ,klghbkhj hbkk vkhb","the communist countries allocated more than 1,000,000,000 in economic aid alone last year , according to western estimates ."
/'y3s2'3sts2'3ss2;e6se61yy2s1s22'tsey2;e'ys4sey'y;;2s3'y2'y1s;'y;2s112s;ss\s4s6'56s1y3s4s;y''3s'36s,"joined side by side , such channels make possible construction of continuous two-dimensional luminous areas up to 50 ft. high and of unlimited width ."
"j mn, h , nmg n mn m m nmmg . ruhjhmh h","parents of the bride are mr. and mrs. ferris m. gay , 7034 coronado ."
"8f835f3f;7oo,3f34pif6pf3oi7fof/",he had a legitimate reason for wearing it .
mfgf kg; j0 fvx kfh 8c xbhfg x hmgffm08g hgx9 hg9- bg0k hmf h0d dmfgf mf hfx mfc ;,here mr. yoneda met us after a three-hour train trip from the town where he teaches .
7i5 t77yu65 76eh57ku ge6khe7 99 y k 4igi eg7k r hhy5t j8 7ui7ku 8 8,"the multifigure traveling carnival '' , in which action is vivified by lighting ; ;"
93`p00o0129kop9klkwp9e20399303w98pp9k0p`l9e`013-p9e2w8k-9080-e3e``2`e9wo9e29eep8e39e310001k08e9e0`93e`p93e`08;,"it had a look of grim stark realism , resembling other cities whose habitual climate was cold , instead of the sprawling bumptious open-handed greedy western city basking in eternal sunshine at the foot of mountains stored with endless riches and resources ."
.ys1s/sr/.ess1/2s6.2.y5ss6s1ys613s12 3s6.s.4s6s12s61s.6s6s1s6s1y3/3s613stys1 ys/44s6.2st1e s,"in a low voice , almost whispering , the man had asked phil if he was happy with the way the landlord had been taken off his back ."
"9,5g.og4g/g4og4yy/,og/7g9g.g7.5g5/o8g555g/og4g4 5g4g45g9g7.5g.og4g5.5g/7g/g9/g/g4yy/,o5g/7g9g.gg5/o8g555g/og/g4 5g9g..o8g45g9g7.5g/7g4g5.5g/7g4y./o5g/7g45gy/oyo6g.9g4og4yy/,og/7g9g.gg4i/,g9.y9g59g4g4g94ug46g5y95gg7/gt4ggg4o6g5/o8g555g/og.g4 5g9g.g9g7.5g/7g4g5.5g/7g5,i y5g4i/,g9.y9g4g/g4yy/,o5g","thus in mary wrote an account of the trip first strong stress on mary marks mary as the first in a series of people who wrote accounts of the trip , strong stress on wrote marks the writing as the first of a series of actions of mary's concerned with an account of her trip about which she may later have made speeches , for example , and strong stress on trip makes the trip the first of a series of subjects about which mary wrote accounts ."
c[d. p f[ ]ffpsz x d s os r .p ofsz [ s b zpxs,form into patties and barbecue 5 minutes on each side .
4w1`3r1rqw1`e7`4r3qq`rt7e``u,i have today signed an executive order establishing a peace corps on a temporary pilot basis .
"saa d dyzua f dva innuui i sa z viyu c z idvas m via as m oiu d di d inoka ix xdis dvd ixda zi id ss d dvu i kyui ,","recent studies by the commission on race and housing and others , however , point to a vast complex of factors that often do not warrant this conclusion ."
h[li76tt5[.rlbhoo7ho,congresswoman church
akea4lala4arj1a,i've got to get busy .
yjr mre nptyj pd p..rfpsyr smf pmdysmysmr[od,the new birth is immediate and instantaneous .
",- \\",no ''
n v yrn k ntu n mnyybn vbttht ntythr v r b v uyybv vb b b vn bh gy uubvt ntyy n v bn y htt htgv nbyyvm n vr vy hvt rbvn,"the south's antipathy to northern civilization includes such charges as poor manners , harsh accents , lack of appreciation of the arts of living like gastronomy and the use of leisure ."
"i,, nn ,bpi; n,p pb onmo,.o mm.o o,pi,/",but the east would have to show sincerity in carrying it out '' .
ut8tot4g4o6g4y9hg4hg6gyg4y9gy9grthgoygbg45g4hht5g9yg4guyhtty4hg49g94ogo4r4hgvt89gtog4g4g4vy5u9gn,"virginia and rachel talked to each other quietly now , as allies who are political rather than natural might in a war atmosphere ."
s3. 2wj3w qst kw4 sljg42w ip wkee232g4 .kg2q 32;242w 2as4.5 kg 4t2 41l tl 23ks ;l2 q gw f5 kgs32qkgr 4tkq ekrj32 ql q 4l kgs.jw2 .kg2q 32;242w 1k4t d235 q.krt4 lwkeks4klgq t2 sljg42w i wkee232g4 .kg2q jq2w 4l4. le 4k 2q,"carl eduard schmidt counted 1804 different lines repeated exactly in the two homeric poems , and by increasing this figure so as to include lines repeated with very slight modifications he counted 2118 different lines used a total of 5612 times ."
"xzcu u xvzxxvzizccuicmz i xk unxcxvz x xvcvx vikyno,","he was riding between two warriors , who held him erect when he started to slump ."
4b7i nk 8 74n ejne6t in75b tn5r j57756 7iek f mi kk ekt ri5 ubh5r e gnyn67ej 5 6bt5 e7 7ibr rm55t 5h5k bk e 7i655kynn7 ginm,"with only two aboard , hotei does better than 27 mph -- and she gives a comfortable ride at this speed even in a three-foot chop ."
7ir u5ekr 7i5 e6g6ey7 guek5r e65 uku 7 75e6 k7 7i5 uh56ku5k7 ue6857 i 98ku y6 ek87iku 7i58 gek u57 ekt ue8ku 7i5 gu577k 7ui o,"this means the aircraft companies are going to tear into the government market , looking for anything they can get and making the competition tough ."
", nn n,= m0 , , ,=, n-= - n=n,m ,- ;n - ; n=0,nm ,n . -,-== mn] ,-n].] m n ;=0, = -= -n,=, n -n,",the effect of drugs that act on the iodide-concentrating mechanism can be counteracted by addition of relatively large amounts of iodine to the diet .
er 45 e75 45 7e 5t,"as we ate , we talked ."
rfa5a5`2a g1`btaga3harf41a,but he had mistaken it for bugs .
"/j b/b j jcg .v cv m cv fgb j,.m,j /j /m,j",it didn't take us as long as we'd thought it might ; ;
65tkglku ik ltl78 lr ;y75k er l ';67ek7 er g;;/lku,reducing humidity is often as important as cooling .
6ry4qr`5`2417`y6r35r3`h,only he can satisfy the deepest longings .
"ukt jfkbd. b.tnty,tff d,g f;kyku ;.jf d fuyl,j ft,ft lh udfut d,g tdfjyt fdnt d ryi .kuu.t ml,t hyl mtbl k,j tkukty mdrgi ly dr,kfk",the musical cleverness and spirit plus a strong sense of taste and measure save a wry little joke from becoming either bawdy or mawkish .
"sc./,s/scz/ /a s. zs./",this would stop the flow and also prevent infection .
h`je.3henh.q3`3kjhe 3hehnejq3he2hjg23jnejwjg31,"i don't think i've reached the point , yet , where i can say i know everything i ought to know about the craft ."
"g tbg g j,cj yj,gh vyrh gv yn nt c t m chg r c cthc hg vrvj g uhy tbgb n",evidence that other sources of financing are unavailable must be provided .
bbb8o657b7r8867lb6ub5lj6yj6f6l8b5lb8o6b76i4yr7by6irybrlyb76y585hryb776h6tt6tbubu,2 their pattern of involvement in the regular legal and political processes ; ;
k..c ;zzc zxzcl c zz lxzlc zvc zvlj,i'll stampede the rest of these horses so they can't chase you '' .
9og9g744ogi4o78o6g97g09o4u4gkg9g79g79jg9go9uogkgg9g49g9g8o6g79g98j5o7g5o8006g69og709og985g090og[[gl,"on the fatal battlefield of poltava , to quote from the novel , the wreath he twined for himself slipped down upon his people '' ."
5v ef5 x5q g 4776weqa cr 6vyr efwqq fqfcqw 6s efq z64we g 76qw aqv5qa cr efq 7qz5s5z 7w6x556v 6s we5zyq 1 g dwveqa cr efq dqvqwy5er 6s we5zyq h,"in this view , supported by only three members of the court , a power denied by the specific provisions of article 3 , was granted by the generality of article 1 ."
413 d2'3'f 'f 3r1 f'f1311f3r a1f3;24 d1a1 3r1 sq1 1a; w d1e'ff'fe 3;q1f3 w r'324 `1f3 3r2;er 1q'3'f w312 1q'3'f fq af3'f;1 3 d1 212'f31q ; 3 3r1 s124 211f3,"yet britain in the nineteenth century became the vade mecum of beginning students of history , went through edition after edition , and continues to be reprinted up to the very present ."
"2e`q,` .de,e32`d2/,2e`qa.1,2`d2m1 / 3w1.mdq.12e` ,.q2e`d`,wes.1e..,e`d3q1,`d.dw2e`2 ,dw/12,d2e`,1q2`1'e.. w`d213,dw`/`12` 32.21d 2`w1,q,132 `,d2.dmd`12ds `q1`de`w2e`1`1.md2e`q,1`,dq1.d2.q2e`2`d2","as the field on which my tent was pitched was a favorite natural playground for the kids of the neighborhood , i had made many friends among them , taking part in their after-school games and trying desperately to translate grimm's fairy tales into an understandable french as we gathered around the fire in front of the tent ."
u7ii,skill
mzvm xmvmc,how to make motor
",g fh j,g cvjghv j,g f gjgb vjcjgv hjg c b c hg hhb tu rtt g jhg g h gk","he won the masters , the united states open and a record 80,738 in prize money ."
f5cc mxgvd5 t c7fxtc 6b m5c c47fg n5bh b6g 5 hfyyf h4xy bg5f vcm57 ii g x v 5h 5c fghx5 yj x r6j h6 cff hmf 5 hfyyf h4xy y5bf y5 fv c6 bgff bg6f f5hmfg x xvff5 xg5v5hj 6g 7xcc56 xhf v6nfxh5cf h,"miss hardwick speaks of his superb gift for intellectual friendship '' , and it is certainly a joy to see the intellectual life lived so free from either academic aridity or passionate dogmatism ."
"d tygbd, gt hbydugb ukhfjku jhg,utg fj ukt ytndugh, mturtt, ukt jyhutfud,u hnt t,u g, ukgf bhf,uyi d,g ukt gtntnhj t,u hh d fhbgdn ytngjgh, rkgbk kt bdnntg ukt d tygbd, gt hbydugb hdguk","american democratic thought , pointed up the relation between the protestant movement in this country and the development of a social religion , which he called the american democratic faith ."
s099se9728ysoes[[sl,poor cousin elec '' .
uf1 it2iu1 uw 3r1 arfe1 ` 3u 33yf 4bi3r13ya 1fwu2a1b1f3 uw 2yer3 yft21q d4 3r1 aysyj `2 b1fqb1f3 eyf3 331 yf312w121fa1 m,one purpose of the change was to attain sympathetic enforcement of rights insured by the civil war amendments against state interference .
3qe1e`ee2tw3eq23`er6y,"this viewpoint i find interesting , but it has never weighed on my soul ."
4og6gy4ogigy94oy6g49g94ogy95ogyg4o6g95g44y9g6y5g4ogtoyg94g5gg7g4o6g65yu6g49g94ogio6g4o6gtti6g99gu,"an order can be chanced rather than chosen , and this approach produces an experience that is free and discovered rather than bound and remembered '' ."
4 gnug9gynvog4g455bug59b 6gn7gm4g45g9nog4nvo6g9bg,all over the country a massive shield of prayer was thrown around him .
"/.,`1/`/13e,`.e`.`2/,.e","so , i mustered my few words of the manu dialect and said , we greet you in peace ."
x cvcxoul iblllc,where would it all lead
-c z;=x- c z =xczxz zxz z ]z cc z;,in the morning the shorts were where he had left them .
t05 6u4 -54g4j690j 0t wf460j4k9w o460e9e t44r ' -08jr -45 rw7 h4y9jj9jy w6 fwpg9jy wjr f0j69j89jy t05 344oe ;,for the prevention of acetonemia ketosis feed 1/4 pound per day beginning at calving and continuing for 6 weeks .
", n no -b f[l o[[",the hemoglobin was 10.6 gm. .
xrwwdyvvrctwczqszraattcwuqyzywtycwceycwtvayqwdrctwwwwycwwyqtghtvtwyqchh8yrwqyzqhyn,but the communists never gave sufficient provocation at any one time for the united states to want to risk a limited or an all-out war over laos .
",x/;p;,pxlz pxc zxo/",mrs. balcolm worked for the brain .
4g g5fd 5x f4 5 b 64g g z c fz h 6v xgfz 5 xthix zcf5fdfx db5 g6 vdzf gnzg nd s5yy d df v5 c gdffz v5ffz h,"but time is running out , and many of stravinsky's admirers begin to fear that he will never find terra firma ."
z n-]c s-gn z -a =v s=0]c d d d gdc g= dzf z z n-d d;d g gdxg x =fd =v et,a child with an i.q. of 98 would be expected to earn an achievement test score of 3.5 .
dva azkdlsk. l xsl ddkl asdk .f zksad k kd ;;a. dl dvla lx j .k k c vasa k ask,the editorial confrontation '' was certainly direct in its appeal to those of us living here in america .
4t25 17w f2 777gr gw23 4322 qgr y 327qtgr 4t2 72q3275 7e2 y qq3gr tt 4t4 4t2 w5 1q 524 5gr u,"they would be lolling under a tree sipping ouzo , relishing the leisurely life , assuring him that the day was yet young ."
"wd,ocowqwopc;qow;aocazpqpaciwq;o;p/",the administration declared itself in favor of a neutralized laos .
cv c-xb covc c0[,he rode low on the mare's neck .
x x cvy xz7 7xtxv xcu,"beside his shorts , he would place something of hers ."
nd nzc fz dc gnd d9dud gx z c gnd d duh i g gnd xgfz i zcdc h gnd s gdf i szx zg n b sgn nu zg 9zxg o,"he had braved the elements and the enemy , but the strain , aided by the winter , was catching up with him at last ."
"s31h2jdjjdw2e`q,k`1 kd`d,kdk2j`2e22e`,`s`1kd`k12k2jd312","by scrutinizing the flowers , one can also notice that the scale bears one or two tiny warts ."
"5y3 r4qh,rj45 63q4w 2343 ;q45kdj.q4.6 hl532l45y6 rl4 ykw ;34rl4 qhd3 lr g34tw 2laa3, wllh qr534 5y3 g34.kh ;43 k343 jhe34 34kdy ,.3kg34 qhe 5y3 2l4.e ;43 k343 lr wdylhg34tw flh y3j53 qjr l4t3h","the frankfurt years were particularly noteworthy for his performance of berg's wozzek soon after the berlin premiere under erich kleiber , and the world premiere of schonberg's von heute auf morgen ."
"k.hni jg.iioh hnk.hniijunnhnuvkhkl vknhn.ubgijjuhbv iyk.ubjh hokui ubohvjh ,kub.;;mk.hiknnv bvunm ykuni ik.hvjuk hjlghkk;;,","the monk who opened the door immediately calmed his worries about his reception i speak english '' , the old man said , but i do not hear it very well '' ."
"[nb m mbbb]mm bpn pp ' / o ./]obnm[np[/ /]np[nm[d-kf/ ' ; v pp/ bmbn.pbm b bn b]bn ]pm p[.b [nm b' mm nbb,b n","for each state except the virgin islands , guam , puerto rico , and , prior to 1962 , alaska and hawaii , determine the average per capita income for the last three years ."
u x9 cv x vxc v xcx8 v 9 x x99vxiu8 v xx i v xubxv v x8v xo,"i made plans for the afternoon -- doing the breakfast and luncheon dishes all at once , making the beds , and then maybe painting the kitchen ."
fq -xqa efq v va -r d-a e cq qve cz0 e fo [,he loved the son and was always glad to be sent back to him .
dlxa;qwd;qqk'wl;c;awda l/elq/ wdlcwqqk'wl;c;adq/,"mama had died before the corruption of the family circle , the interruption of charles ."
w w;qckz. l/lvd/r aqz/lvqa va cqdv kaaqv/r e; d; ;v c;ke fqw ;v f; ;v/qf /lee/q r;kvdkf efv r;k cf,"mrs. roebuck smilingly declined and began suddenly to go on about her son , who was onleh a little younguh than you bawhs '' ."
"i=0 bd, yt]-nt k-fu=yi d,g h=]]=r ' -, hd,bi ' ukt by0fdgtyf -, ukt-y e0tfu h=y ukt k=]i jyd-] df ukti fd-] =0u hy=; my-,g-f- ' d, d,b-t,u u=r, -, ukt ktt] =h -ud]if m==u","you can relive history and follow , in fancy , the crusaders in their quest for the holy grail as they sail out from brindisi , an ancient town in the heel of italy's boot ."
8c z6x7xc67h8uzzhu6 c7c zxuzh 7x6co zcc6 xy7 zxzzoxzg6zc7xz6c7 7xuut5cc78c zc6gzvj,"pass the iron rations , please , and light another candle , for it's getting dark down here and we're minded to read a bit of world law just to pass the time away ."
"dva sah,d kx dvj ddjdhza v aa dva zk j djk kx f ksdvkcslvf k xasa a f hv k jzasdjk dflkcslvj / advadj / vjv hh,,f dhs khd dk a kdvj c ksa dv asdj lsanhzja ssjaz k as xsk ahskla , chca","the result of this attitude has been the domination of many orthography conferences by such considerations as typographic ' esthetics ' , which usually turns out to be nothing more than certain prejudices carried over from european languages ."
8f8ji7f3ukhfh7ifj4f83f8/4fyflkh5f//f,the thing about eugene is that he's very proud '' .
". /bb . n/, /, / /x .",i don't think you should go down again '' .
vhmvjgys brjy sm rur hm yjr yegmd smf ngyynr rnrms ytugmh yh brrj yjr gth gsnngmh gmyh yjr vtrrb nu ejgvj yjru jrtdgdyrf gm jnsugmh,"conchita kept an eye on the twins and little elena , trying to keep them from falling into the creek by which they persisted in playing ."
b cvcxcvc b78 j7 8o0 v c b99k 9jcb8jc b c cc0c bi8 9 j7 8o 09cb8 9v0b89 9jj78b89l,"there were stunning musical phrases too , and sometimes the deepest kind of musical and poetic absorption and communication ."
2y3h 5y3 q'e 34q5'hw q43 434tqh'a3e 5y3 3qd3 d4w wy;e 43q'h q w3'q;5h;w r;hd5'hq ;h'5,"when the aid operations are reorganized the peace corps should remain a semi-autonomous , functional unit ."
8i uf.k l,it rang .
48f6f8firf53f6/f8f3t8.i7f /uf3f.it/iff..i/.4f,"she left the next day for her teaching job at princeton , illinois ."
7a386t2a571aw51a7taha17451ak,i found his chest in my sights .
"9gi.46g54,6g,g9.m89g,g946g8.og45g74g45g,o5my6g5.g74g4o6g45 6g7.g.g,o7.4,.og.gigi.m89g4g9gotg,o8g",the board said it thought it had gone as far as instructed so far and asked for more information to be brought at the next meeting .
hvgh dnwns bs heard bntervbewbng wrbght fnr an added mrestbge fb bm,"hugh downs is heard interviewing wright , for an added prestige fillip ."
fbs fs fg afb ab b dszs f tsfbgz 7 fffxsz csfzbs d fs ff ccsdz fbs zfd vszf s xs s fbf fbs v7c sfass z s fc x xs7b agz c b7zb v z 7f f fbs dszs f c7 f sd fbs 7tfz x dzs c z s s y ds7v x xs7vg u,"the tenacity with which present metaphysical attitudes fetishize private intuition offers the strongest evidence that the gulf between scientific and delphic ways of philosophizing is built into the present conflict over the limits and purpose of science , religion and ideology ."
q45[w5w q43 q2q6w q5 q h32 r4]h5[34 wy3 dq[/w,"artists are always at a new frontier '' , she claims ."
"59,5gioggog4o6ghfgh7g g9hf5g7hg4g6hrog45gohg g4n9hf89g59,5g5gnng4goi48g9hgnhhb5gngbg4gi4ig g59gg5g8go8g 4g6g","she's been in and out of my house for a dozen years now , although she's still a teen-ager who looks like a baby , she is getting married ."
"hlbvrlfr79bb b5g8ob8o6bkh9tbkrhbbr8bthohhnbrlybhhnn6i6b b 7t bn65gtb57h86bor7hhf78b8hbtr9b8or8bto6b5rtbb8o7hfiob b4fg86b8o7hfiob,,b","on january 4 , with the boys back at school and college , mrs. lewis wrote harcourt to say that she was through , quite through '' ."
k.hjh/pbk hv ]nn p/ hj]mbp . ]/\] h kbg.[ .g[ h vhn ]/\hkh ]/\] h kb,"there must be an odd number of such components , which will be called complete components ."
3r1 s124 f321 w ara1 e2fq1q f q3fa3f fq wa3 -1q 3 3r1 s-q afsa3f `rar d1ao1 w2a1 w `-- f 3r1 ofw13 -1q12 [,the very nature of a choice so grounded in distinction and fact leads to the valid convictions which become force of will in the manifest leader .
"pta`a,o1a1it2`a,ptot4a;`1a,pt5a.a`a1,`;;ar`t2ap3a,o;o`ta`to=wp,,ito11aw`;;2a5a,oti,ta5;2a,`tie1aota`a3p44a3o;2a`rpia3o3ta,o;1a`1ap3a5a/","on a misty sunday morning last month , a small band of militant anti-communists called the minutemen held maneuvers in a foggy field about fifteen miles east of here ."
9v87 c jb b8b 7 7b 7 9v87 78 iic8 bv6c b8i7h7bb ci7 c8 b c8hh7 78j8v7b 6b 8v7bnb8b8 6b6vc vcchcb x 7 hncc cbc 6 cvb c9v87 78 8 b 7 ic 7 ib78k,"provided , that nothing in this provision shall be construed to limit the life of the commission , or its authority to act on future agreements which may be effected under the provisions of this legislation ."
9mr sgyrtm99m k sd yjr e9jrm dsy vo7vi8mh d9gyou k s mre vsto9sf 9g 0r90or 07oorf 70 sy yjr hsyr l,"one afternoon , as the women sat clucking softly , a new carload of people pulled up at the gate ."
"l x zz;/; z;k ;zzk'xl/,;kz/lx;kx","besides , there are no longer enough corruptible journalists about ."
"nt kdg d uyi,j gdi d,g /fu bd,u dt u /u djd, ug ukt","i've had a trying day and i just can't make it out again '' , i told them ."
2y3h qhe 2y343 5h rgn3,when and where to file
g/ x fdz ds s g/ a f z f /f / ss x abfz fbs vx,you doctors are all alike -- all you want is to cut up people and what's the good
"df u y dbu, t 6tu f d6j, yft6ntf ruk ukt yft tvytfftg mi 4tff , ukt 6yg8f ydity uki 5,jgr brt t uki r66 mt g,t t , tdyuk df u f , ktdnt, 88 y","as to our action , let us align ourselves with the purpose expressed by jesus in the lord's prayer thy kingdom come , thy will be done , on earth as it is in heaven '' ."
7e`w67urugeu6r3j,roberta was violently trembling .
63ifff5ift3ff,"frankly , i don't care '' ."
yrqqqdczhyuvcwuqysqvbqztcstwyctcrwqedtdvrwyvuwstcwhy8ywuqyrwtycwdqyrsdyrwwdyqhbycwtcrwydzuqtvqevudtwhycn,"our research and development program , serving as it does an industry which must compete against low-cost production throughout the world , continues to have primary emphasis at leesona ."
qh5y34 533hqt34 43q43e w5 32w eh5 g3/3f3 /h te g.5 5y36 g3/3f3 /h 33 /h y3/ht 33,"another teen-ager remarked most jews don't believe in god , but they believe in people -- in helping people '' ."
h'b'mh ; yjr b''m rmrf s ejr mre vstrrt gt 'ms dvj'fdrrnrth s y'mu j;mhst'sm ej gt'yx tr'drt jsf trf'vyrf e;f jsbr s t'd'mh vstrrt m yjr vmvrty dyshr,"giving up the violin opened a whole new career for ilona schmidl-seeberg , a tiny hungarian who fritz kreisler had predicted would have a promising career on the concert stage ."
v zqwev ef efq 0iv zev s zw0qev z00qdq o v 0iv idvq o efq xzq s efq zw0qev 0iv o qaeqa va i0qa qxqv eiq rqw cr efq z00qdq= c0zev sszq va efq 0iv sszq p,"in co-operation with the alumni association of carleton college , an alumni magazine , the voice of the carleton alumni , is edited and mailed seven times a year by the college's publications office and the alumni office ."
v 7zxz8oo x98xvb98v8 9 v x0oxc9c9 8v89xck v x9vc9oox l,"thus we will have a society consisting of the planners or conditioners , and the controlled ."
"u;7btkk8/6bt5llillib7o98o tb blbh;k/ybry l76bll86lt6/9b k//lirltbj67tl;lb;ubb566'bb brlyb8o6bul765;7.tb56l8b;lbylt'/r9bllbbobhr77;8tbu;7b7;k678bb brbtrgb87lkk86b8;b,;oll9bo;yi6tb","for subtle swinging rhythms , i could admire intensely mulligan's version of weep '' , and the fireworks went on display in 18 carrots for robert '' , a sax tribute to johnny hodges ."
5g4og6gy4g9g5f75556og67g4gy6f764o6g74yyg67gy95y6ogh,i want to create the impression of a compound full of children .
".gba.b .bwa g../we qg.aw xgexrwe a,.b amffa vwea x .aw ,bag,/ r. d w ab./wa ,b v.rg g,a q, ,bfbwaa r. r w xemw scbrfw .d bs ambset bs rgw age/bwaa q,rg qg,xg gw gv,rm t xee,ws .mr g,a q,","johnson jones hooper , whose character simon suggs bears a close kinship to flem snopes in both his willingness to take cruel advantage of all and sundry and the sharpness with which he habitually carried out his will ; ;"
9s8s ssc7o ouu 999isscaduu sscs c9c s xuadsscz99 x99ad 9 x9o,"last week it opened at the j. b. speed museum in louisville , at the very moment that a second schiele exhibit was being made ready at the felix landau gallery in los angeles ."
1f32'1 'fa21'fe 21;'211f3 2'1q,entries increasing -- requirements raised
"vbhb hjumk.ht ykhn vkyu bg.y .yby vjjhvjby k.hivlbh kumykbmy v yvj u kjy tkyu bkuk.huj,v y vkyu b.vjj.v h u ukhy k.h,h hjvjvbbhb jlymk.hvbut kumykbvjjhvjbhftvjbujh hhnbk.hvbut kumk.h u kjy tkyu bnthmjubykmujk.hijh hny ,kgumtjjlhvjbllm",a member of the united nations which is in arrears in the payment of its financial contributions to the organization shall have no vote in the general assembly if the amount of its arrears equals or exceeds the amount of the contributions due from it for the preceding two full years '' .
"6.bh/7r,8bb",eli corault
efq wqw f 'xq v sw zvve zfvdq /c wqa'r,the worker who lives on a farm cannot change jobs readily .
bwcnwbnvqwnvvwbnc qcb,"it was not a discourteous question , lawrence decided ."
"nmn ;m ,,/nbnmn; ,n //n b l,n n ;m;'n] n ,,/n , n;/ ],l n;b n, n n; ;, ;k n ,;.,;, n nb/.l,m; kn ,,/n","hereford cattle were often called white faces '' , or open-face cattle '' , and the old-time cowman gave the name of hothouse stock '' to them newly introduced cattle ."
", d nm naamsscsscdasccas mm n xsmz scsan",a pennsylvania soldier wrote that they were the hardest looking set of men that ever i saw .
"., t ,nmv nvn ,ymt trhn, ntmumy n ty y ,t t, nt,nmn ,y , n rm n ut,n, ntmybn r ,ty v nmy ht n88 tnbty, nmbym b ,, numn .,nmt t vkkt mhn.k vth. ,yht mygnk mnur,n tvutn,.n","by this term he means to ridicule their professions of acting in the interest of the church despite their own education and manner of life -- a gibe , in other words , at the presbyterianism '' in harley's family and at bolingbroke's reputed impiety ."
a aab du a ut z f ju a k k,we seem to be bound by love ; ;
1e1o-q3p--3qe[,"if we want respect from ourselves or others , we will have to earn it ."
"o cc .p ;;b bo o ccvn,o nbivc vc p b cvc pvcnp occp;o bc bpvc v o, c; i bp o/","indeed , of all that is his every man is by nature and reason and therefore by conscience obligated to regard himself as a custodian ."
"7,, n 8 997o 9m 8,l",but then his son could afford it .
6u4 f556w6je 3454 7t 6u4 ewg4 gw6456wu h wjr 6u454 3454 e7g4 h6y 76u 8w6j66jye 87565w66e 6j 6u4 e67u4 7t uwjf546 wjr h75fu45 j,"the curtains were of the same material , and there were some big oil paintings -- portraits in the style of lancret and boucher ."
9 32pp5 qt08pwg]4 td2 qk0o2w s9r32442 q0 23p5 9g 4t2 w5 l 4t08rt4 4t232q l 94 p15q ko2q k2 q9so ;,"i really shouldn't have smoked a cigarette so early in the day , thought theresa , it always makes me sick ."
t9a--a`ata8a5w8a92aqwaa3t2a5a9`a93ata4tw5ae99`4aia`a`tataia9`a5`ta`9a5u`t-1a2`ao,"only '' a new york hick would expect to find the literary life in greenwich village , at any point , later than walt whitman's day ."
x ztzx zv z 7z xc 57vx6zxxc c zxztzcu,for such an emergency he had included fourth-of-july cannon crackers as part of their equipment .
"x m,...xz zm/ .cx.,x.zxxz..z xx, ,x. /. ,c'',x.z,x / .cx ,x x,/zmzm/.x .zxx.,x,m / .cx",the union does not regard unemployment of its own members as a matter of concern when setting its own wage policy -- its concern with employment makes itself felt in pressure upon the government to maintain full employment .
k rkte8r u 47i 7i5 56yrrk y ge7ek i5e6t u 4i re888 e775kt5t 47i 74 y ir yyg56r u r56hg5r 4565 i58t k 7i5 tj85 gejk i,"on sundays , with the permission of captain heard , who usually attended with two of his officers , services were held in the double cabin ."
g34r 6 6w84 fw54 t 7 wjr 6uw6-e 3uw6 -u yjjw r o,i vowed to take care of you -- and that's what i'm gonna do .
scsc/,thapathali campus ioe
"f,l kv mlk m jl vjl; g",who is going to stop me ''
md x 9vnfc f fg cf 9gcv h h f bg f xh x- gnmhc dmf ngfcc mxc gfxhfv f,how can judges exercise jurisdiction to enforce national rights when congress has created none
dvd - ads c d ] c0ca ' ;s ]a,"that is extravagant language , mr. wales ."
nd szogdc i go; gndh sdfd o xocd gnd d;d zgpf z c gnd xzoc ps snzg cp sd cp,he waited until they were inside the elevator and then said now what do we do ''
h 6uhjn 7jg wr4 w rw yjjr fujghe4 6j 6g5j jtt we jhe4 w t4m45 we wmt r745 wjr m46 6uw6 j5j47 6u4thj r5gjnw5r rw 4r fw5r kmw7hjy egj jt w hhfu fj 6j e4w 7jg 6u4 yjr rw 4r 6u4wt wjr mjk 74w5r khy4j 6jr4 u4mhjj u4 he 6jj j5j47 tj5 u4m,"i think you made a dam good chouise to turn off as nise a feler as alf dyer and let that orney thefin , drunkard , damed card playing sun of a bich com to sea you , the god damed theaf and lop yeard pigen tode helion , he is too orney for hel ."
thaatha/ ca.s /e,thapathali campus ioe
t4 tq gy1 wtqshyq2w 4t4 4t2 4au523 gy4 ygh5 u5q ey3 ttrt 1r2q b fr4 t2 u5q 4t2 2vuhy523qk q43tg2 2au2gq2q 1t2g 4t2 h4423 rgw234g2q 4y etrt4 q43tg2 n,"it is now disclosed that the taxpayer not only pays for high wages , but he pays the employers' strike expenses when the latter undertakes to fight a strike ."
7dr2774dud7dr7d7d724dyudr7u6dyd2u4d2dy6dyd72tdyd577dy7d67d72u4dtt4ddd7dtu4d5d2uu3udu,"he called in the pitcher who had been pitching , and a big , heavy , powerfully built right hander moved out to the mound for anniston ."
ymfrrf n jr juuhrf butr jyhr s erjj9gjrdjrf jsu ntuyjrt ug yjr judiyvr ug dym nrtmstf m,"indeed , he looked more like a well-fleshed lay brother of the hospice of st. bernard ."
w5q453e 5 wq6 wi35yht 30w3 q44q53 o g5 5y3 iqh yqe yht p,"i started to say something else appropriate , but the man had hung up ."
4t2 qy2 32q43s4gq 85 e423 8s8 qgq24 g 4t2 sq2 e s8qq u q44gq 234gr g 32rg8 stgg28q u 1tst e423 4t4 4y2 32 32`32w 4 2342 gw23 grt44y2 32q43s4gq g 3w23 4 342s4 2st 4t23 i,"the same restrictions apply after local sunset in the case of class 3 , stations operating on regional channels , which after that time are required to operate under nighttime restrictions in order to protect each other ."
"6s ms,mnmys,mrn32s1s1ny5s1s1ys215stysny41yes1y3s13b 6mm3s",the lower portion provides a rating at any stage between infancy and adulthood .
"mg jhmg c ,chbmk bj gjjgh j,c bhh g h uy hg v",gentile can hardly do better than drive in 98 runs .
"pc,nncv po bb ocvcbbpvb ivbvo. b c ikcbp b cbop,ci[/","once many years ago i sat at dinner next to arthur train , and the subject of the nation came up ."
tud4d2d233udd7dr24d7d2ur/2/ud5d2332r7.33dd7d/5/u6d5d2d56d5d2ur/ud2u43r23dd23d23d5r4dd24/d7d746/r2d45/r/ur/3d5d7d2.7d,"even d. a. wasson , who compared the emancipation of massachusetts to the lifting of a fog from ancient landscapes , was also forced to admit the methodological deficiencies of the author ."
h75 gzh cdc5 g gndxd 8zhgd gx d d gn75bn h75f n6uc 5xdx gnd g7 dh g7 85f nzxd n6x 7s u7gn6 b 7f 7gndf d dxx6g6dx sn6 n h75 zfd 7fgzuuh 7 u6bzgdc g7 v5f 6xn n6g h z c d d gn75bn h75 gzh d d g6gudc g7 n6x xdf 6 dx j,"you may deduct these payments even though your child uses the money to purchase his own clothing or other necessities which you are normally obligated to furnish him , and even though you may be entitled to his services ."
g== ;z h ds gn- bx zfd nzd - b v=f -g g= d z =;]dgd df=g- v0]v-]];d g,too many new things are happening for it to be a complete erotic fulfillment .
`2312 f 3r1 3r1312 [ rs1 q a=1 331f3f 3 3r1 =4 ],"as a writer on the theater , i have paid close attention to the plays ."
5h dmj dxc ux7c hmf fd c75hmfxch xc6x xhhufng75 v,but why was laos the new southeast asian battleground
c c /xbv xb/ xc b xxxzcvxxvvxcv v xcv/bb cvxx c cv xc,"richard quiney the younger , a schoolboy of eleven , wrote a letter in latin asking his father to buy copybooks chartaceos libellos '' for him and his brother ."
"6u4 54eb 6wj6 fmjt nf6njy bewy4 mt njr4d 3m5re m5 4 4f65mjnf e3n6fu4e w7 h4 wgmnr4r h7 54rbfnjy 6u4 jbh45 mt e7hm nf jw4e be4r 4y 6u5mbyu 6u4 ,5m,45 be4 mt 6u4 42b d54 4we4 m5 e54 4we4 e6w644j6e","the resultant conflicting usage of index words or electronic switches may be avoided by reducing the number of symbolic names used , e.g. , through the proper use of the equ , xrelease , or srelease statements ."
".hl hgk.hmv hbpmv;;..vojlpjb.v h .p;npjlpi ,.mvkpjk.o .bimmhjo ,pj.vjnh hn.bvnpj,vl.,ppnpj vn/","he knew the faces of all , hairy or shaven , old or young , fat or thin , suffering or hardened , sad or gay , good or bad ."
l h bortbtrkybtl 68oklibk ;l78rl8btlb56..b8or8b8oktb;76rho67b5k..b rl9b8k 6tbk6b86 ;86yb8lb4jl86b8o6b5ol.6b;k6h6b,n.c. has said something important so well that this preacher will many times be tempted to quote the whole piece .
k.hvuujyv .kyk.hnhut kty ymk.hh uhjth hym jhvkty vvl hv vhlkt bvbtktbmyjvtbbhtk byjbuy kv hyrbbvbtktbmyjvhjhhvvjbt v yn,"the approach to the depiction of the experience of creation may be analytic , as it is for miss litz , or spontaneous , as it is for merle marsicano ."
zv= 0z[f[zpzx[ z zxz[ -zzxzpc cz zz[vv x[ vpz[x z[ pzc x v=zxvxv],"quiney was in london again in june , 1601 , and in november , when he rode up , as shakespeare must often have done , by way of oxford , high wycombe , and uxbridge , and home through aylesbury and banbury ."
3r1 f312 q1a2dfe 3r1 33a `rar 1q / 3 3r1 1 q 3r3 a/f3 f23r s13f11 `121 wer3fe 24 24 32 f f1 w2f3 f12 3rr1 f /3r12fa1f32,"the minister , describing the attacks which led up to the appeal , said that 60,000 communist north vietnamese were fighting royal army troops on one front -- near thakhek , in southern-central laos ."
nd fd76fgdc gnzg gnd 5ghix 6 gf5 4g56 x v6f z 5fzy zfd 5 y4cdc yg g6 gnd s6fd ix xh7h hzh u u,"he reported that the city's contributions for animal care included 67,000 to the women's s.p.c.a. ; ;"
"ei,w[`w``oope,wp;,w[;`oeep`/",numbers separated by addition symbols may be placed in any order .
jcko8sdw8csjwda9qd88sqk077cw8owdaojx7qcd8a8csql,"a man , lighting a match for his cigar , paused until the flame burned his fingers ."
"j]u lymf tfg hygi[.yh i] ,y ily ,uf[. lfj ]j f gn]pi gl[\ \fui.yuyh t[il f /f. ]u f t]/f. tl[nlymyu gly nl]gy fg ily /],[y lfj","for helva was destined to be the brain '' half of a scout ship , partnered with a man or a woman , whichever she chose , as the mobile half ."
g t/ qvvw bs qwcw /rw vr r dear,"oh , you'll wobble and weave quite a bit at first ."
jhf x hh nh hh mfx f f nfcc jhf xgf hg xnxg,you cannot go to heaven unless you are born again .
yuc zxxzyc zjhnijzy ycubbuzjc um,"in other areas it held back , pleading its commonwealth bonds ."
zxzzxxx c cx8zzizcxzccc z0zczzxco00 x zz0 z0z0vp,"we rode over roads so rough that our jeep came to rest atop the soil between ruts , all four wheels spinning uselessly ."
efq fqe 6q s efq f6aqw qwq e cq wqazqa sw c6q va efqr f6a cq zf efe v zzweq fqe c6vzq zv cq raq y,the heat losses of the holder were to be reduced as far as possible and they should be such that an accurate heat balance can be made .
vcvb v by v bcyxvbc bvv77 ccxc 7 yb c c b7 cn btb 767vc ct u,"robert frost , for instance , writes about rural life in new england , but he does not include any significant amount of folklore in his poems ."
zcox p,"get up , crouch ."
64vae4f6w x5w4 5 yqsf677qw ewvf5eeqa x5w4 v6e q5yr ewvf55cyq cr fqzfv5zy 5v6z4ye56v cyzt g 22 u u,"wound-tumor virus is a leafhopper transmitted virus not easily transmissible by mechanical inoculation black , 1944 ; ;"
d27dh,yeah .
755gpyo==g9o-5g94g4g4=4g[g54=og66gog7==g4=rg9g6=pp4g9y9g74y6g9pg[g94g9g989g9gty=5og7g9g4o5ugu5g7pg45g4og=yo5g=6gogig84=g5o6gig95g4==5g[g9=go9g5u=gogy9y9==g74o-=g74y6gg9g74yg94g[gog=4o6g4g=45g[g8oo=g7g6py4yg=yo5g=6gog8uopo5go7o6=gg554gg[gig4og67oog7goo4o4=g7o6=o55g],"professor mcneill thinks that at yalta , stalin did not fully realize the dilemma which faced him , that he thought the exclusion of the anti-soviet voters from east european elections would not be greatly resented by his allies , while neither roosevelt nor churchill frankly faced the fact that , in poland at least , genuinely free democratic elections would return governments unfriendly to russia '' , by any definition of international friendliness ."
8sadazac8 xl,it was very refreshing .
-e-1320[9`e;00e2w30[0330p-9=;p`l0103`[=0e2w2',"one of the girl students , sitting by while i ate the thick soup , asked me if i had a sleeping bag ."
z-p9x0z8x0z zxzzzz0x0z9080zx 9z908pxz;,replies to requests for character reference are notorious for their evasive double-entendre .
wl2 k3 ` f1e.1a31q fl3 3l 4 fa1f3 `r1f 3r1 32jee.1 d1ef,"for it was neglected , not to say nascent , when the struggle began ."
"fk'lg ukt ytel;yt t,u rk;bk lfu uktyth'yt mt htgtyd ;, ,dulyt mt tj;fdutg mi ukt l,;utg fudutf b',jytff","should the requirement , which must therefore be federal in nature , be legislated by the united states congress"
", 2aa5,a5m1 3a5`2a1,..2a`a5a1emwa1`m,ta3,a`a4`1a ,raa` aw,t3112aa`t2aw,n 2ta4a,tarw`n1a5aaw`1a,ta5a.m1a`mmt4a,ara.`m2a","old mr. thom himself had stopped at the service station for a grease job , wally confessed , and couldn't get one because there were cars on the pits waiting to be repaired ."
gw ]oaws,he paused .
cv -9 -lv-c[ 90[n v n0n v 0lvm;l0[-b ;9n0=b-l0 vm-9m-9\[[vvb vnb-9[v- n n -bn 0\\',"we found some owls had built a nest in the chimney , milord , but i promise you you'll never have trouble of that sort again '' ."
"va a dasaz dva vpia o o;a a . ;laz o dp ;xsaz spp, . z ;paz dva zpps avo z vo, /","he entered the house in silence , walked into alfred's room , and closed the door behind him ."
5y3 43oqhht hqo3w 2343 5y3h dy3d03e qtqhw5 5y3 5yoqw 43tw534 -w5 w33 g3-2 qhe e-dq53 hqo3w 2343 43of3e r4o 5y3 qq -w5w [,the remaining names were then checked against the thomas register list see below and duplicate names were removed from the aia lists .
61s61rss.s26.sts1s.4se.my'2mee222ss,what have we to show by way of counter-successes
".eme 33q`q ./`q 1..12e',e',`e`3` 3me,`2e. . 2.qee1.2e /m/.3.`./,.e./e,`3,e.`m,.e.1 3 q","consequently there have developed several forms of grants-in-aid and shared taxes , as well as the unrestricted grant to local governments for general purposes whose adoption accompanied the introduction of a sales tax at the state level ."
"je ,k lwkxjaq skw efq eejkv ks ,, lqwkv, lwklqwer cq,kvdjvd ek jvfcjeve ks efq eeq ckef evdjc,q va jvevdjc,q va efq evdjc,q lqwkv, lwklqwer ks vkvpwqjaqve jv efj eeq","it also provides for the taxation of all personal property , belonging to inhabitants of the state , both tangible and intangible , and the tangible personal property of non-residents in this state ."
udu4d.u/d2u4d7du4d64d,men need unity and they need god .
"tdfmytt,u .h d,v,tui",measurement of anxiety
t335 3g 4; 4t2 qlw2 ;e 4t2 s3 1t232 /e32w 1q ql44lgr gw /;;.2w 4 tl f2rrlgr tl 4; q'2.,"harry ran to the side of the car where alfred was sitting and looked at him , begging him to speak ."
tvvbtcbbtvct c cbthb tbt t thvn,"in narrative , time is essential , as it is in film ."
"2e.mwee,2`d`1d,we2`1`d.22e`.d`,1``.qd.1,2q.13e2/.1212 1,d d,,dw/.. d.13`2q.1.d`3.1e2.d`3sm32e2,sm1d`,2..sm1d,dwd2e,dw3` qsm1d","although his tender nights were not the ones i dreamed of , nor was it for yachts , sports cars , tall drinks , and swimming pools , nor yet for money or what money buys that i burned , i too was burning and watching myself burn ."
c zz7vc zxzcxztzxz7 7x zz7 u,then suddenly there was a tremendous revulsion of popular feeling .
pp0a9w9w9p0wd9qa9peq0ckxq`;,all of its cities close their fiscal years on december 31 .
.'iy l'tymyu ilfi ;i ;g g;b ;.nlyg gl'uiyu fi ily j'utfuh y.h,"note , however , that it is six inches shorter at the forward end ."
kj 54f4j6 74w5e 6uke hj5r4j 3ukfu kjf.jr4e w..l3wjf4e tl5 54g4jj4 r4tkfk4jfk4e kj 6u4 ;wee4jy45 hjekj4ee wjr kj .4ee[6uwj[fw5.lwr t54kyu6 65wttkf,"in recent years , this burden which includes allowances for revenue deficiencies in the passenger business and in less-than-carload freight traffic"
c' a z asd'' c ' ;zaz caa d advz dva a a c zas ; ' ads z d d',"magazine advertising included management methods , the new englander , u. s. investor , and plant location ."
gh00ojn vj0l.hboh hkvbk.hg.hh0mk.h0vgbh mhbkgvjnibm09g.bkhv0onbkj ojiv0kjhvkk.hjhbh hp,"well , ordinarily he is , except as the wheel of the law specifies toward impious folk who steal , disturb , or maltreat the presence ."
"k b l.n k;. n ,, n km;lm, k m k, n ,mnn,",i saw holes in planes at the airport and in cars in the streets .
;h 5y3 4qht3 qhe fq4;356 'r dyq4qd534w 2y' ;h 5y3;4 ;534q46 ;f3w t35 q'ht q 4;ty5 2;5y ;r3 w563w 'h3 h3f34 ; qt;h3e 'ww;g3 5y343 ;w qh ; ;d;5 3ww'h ;h e;rr343h5;q5;'h,"in the range and variety of characters who , in their literary lives , get along all right with life styles one never imagined possible , there is an implicit lesson in differentiation ."
d dv ua - asdf a x z u ua d d sca xu9f v a9a az dvd 7 aa ua 9 v9z a azdaz o,at this women's university we find a monument to a courageous family who believed that japanese women also should be educated .
"ly lfg ,yn; y julhfo ;. hufk.yi f ;kil'lyny ;j fu,liufuo ';/lny fkil;ulio","he has become friday on dragnet , a mouthpiece of arbitrary police authority ."
"k.h.0bk9bk.hmp0g9 ,p9mh0mk.h.8kv jv h;",the host is the flowing life of the human race .
vb jc h cx mcc h bj cb,rathbone said he was bleeding to death .
kt8bo6b5utjybuyio8buu7boytbu5lbjyk6789b7r8o67b8orlbuu7brl9brkt87rh8bi7ylhyij6bhull6h86yb5y8oby8b99btthobrtbbhrtt6bllbm,but he would fight for his own liberty rather than for any abstract principle connected with it -- such as cause '' .
"cwdoqqp;q[q;;;xewdppa[wqoldcqe.cwdcd;.cqklpc.zeqplww.wdppqqppz;wc,ce.,ce,pq/","and their roles are paralleled by those of patrick henry , nathan hale , andrew jackson , davy crockett , theodore roosevelt and many , many more ."
"c jjc..k jfl n.cmv fghg jvgb cj j,g c vkl [[ c v c.. l g l hck k bckv c b c km l g l hkm,j bckv","actually , two flags were used at the mansion -- a small one on rainy days , and a big one on bright days ."
".. ju,hfog ily hfo tly. f.o /yug,f.g uy fb t,il /.yiuo if f.h f gf.mfu /y./ y h. ..i ,i ,g iumy giuyf ,.i. nlyly g.im. '' f /fm, ,.. f.h kfuhy. ,m, i ,o glfl f,,fg 5 ,. ily gymy.iyy.il ny.imuo '' ,mi ilyo h. uyi,uy ,.i. lm.huyhg .j /fm, ,..g ilu.mkl.mi ily n,io f.h m/ ily u,myu mf yo tl,nl fuy gf yu .uy lm, y n./,yg .j ily j.uyu","on fridays , the day when many persians relax with poetry , talk , and a samovar , people do not , it is true , stream into chehel sotun -- a pavilion and garden built by shah abbas 2 , in the seventeenth century -- but they do retire into hundreds of pavilions throughout the city and up the river valley , which are smaller , more humble copies of the former ."
".mbk,jmv b.v h ,hk,jh ,, m hkg, vjnm v mv kb , hj m , vkm, v mbv nm khj vkm, v m m nh h",historians have come to recognize two cardinal facts concerning nationalism and international influence .
"wy3 5yhfty5 wy3 2qw ggtt34 5yqh 23 q43 g3dqfw3 wy3 dq 3 r4h 5h4ghh ,,",she thought she was bigger than we are because she came from torino '' .
".p.ygpg lyuy pg .[i i[ ,y n[.jogyh tpil 'piyuf'pg. [u uyf'pg. p. ily n[.my.ip[.f' gy.gy",mimesis here is not to be confused with literalism or realism in the conventional sense .
c zx'' '/xz;c'vzxxz'c 'xcxzc' zc zx,the roof blocks are in two layers and are not mortared together .
bnb ncv n bn b v b v c ncb n b nbmvvkcvv n cbnnv vvn bvbnn b vm nnbmnnvbn vvvb bvvbvbvc v m vvvbb n,"it might well start a craze like swallowing goldfish or pee-wee golf '' , wrote kenneth rexroth in an explanatory note in the evergreen review , and he may have been right ."
hchjm cjx zmkh cj nzj z jxzzgmmvzm ozxchzooc zj kxchzmvxzzchjzxvj c zcxgzzkc j z mzzhxzxzkjz,and an additional factor was helping to make women more sexually self-assertive -- the comparatively recent discovery of the true depths of female desire and response .
u n ylb uh mt ngj ll n mf cxyv n itcmy n x h hmf x u x v fnnc m,"no , i'm not hungry '' , he said , pushing back the bacon and eggs ."
r1r4e2rw0o1q22qqir31r41o4r34`4`2900p,"and in that brief interval , a redcoat officer came tearing down the road , whipping his horse fit to kill ."
"9gy.g5g4.oo4oyg6.u.5./og54.6g77/5g.gig46g5,o64g/gy4g4g5/48g.og4g5gy/ooy./og4g66g4o6gg55g5/o5.ig7/g6,.o8g4g548g.o/g9g/u.6oyg.ug",the city sewer maintenance division said efforts will be made sunday to clear a stoppage in a sewer connection at eddy and elm streets responsible for dumping raw sewage into the providence river .
7d3r4d23dr]/\]d]5d45u3ddu]d2dt2ud2rr]pu2uddypd2d5]/d7]43d3r7]2ddr723d7[r7dd7]d[3d2p7]d]5d2d3p4d]ud7dr]u]/[r3d]5d45u3d[ud7dupr2d26d,"he selected as comptroller of defense , not a veteran accountant , but a former rhodes scholar , charles hitch , who is author of a study on the economics of defense in the nuclear age ."
"4t2 gsto3 sfl2 1oulw td2 f22g loq4 od23fo3w , fu4 ptilip q4ee2 1q og tgw 4o q2d23 i4 1i4t tiq a2 .","the anchor cable would have been lost overboard , but philip staffe was on hand to sever it with his axe ."
dn22`1en 1w`2e`qb1`bnv d 2``2ne `nqq2e`eb 2e23,"no matter how large the fire , i couldn't seem to shake off the chill that day ."
x x . v bcxb,"she called softly , barney '' ."
"fg i/.o tfg h//yh ju/ ily /y.i ,n..yi ymyyh /. .i .. l.g g,.i.yg n/,.",ask tony was doomed from the moment kupcinet leveled on it in his sun-times column .
n3 ` 31f nfb31 d1wm21 1 1s1f,it was ten minutes before eleven .
bly8brbhtl6bbbly8brb57tlgh6bn,"not a line , not a wrinkle ."
dpe`-d`2d32e`qq`2dq31p`d],in camp he knew it won you the affection of your men .
"jt ,vhy ,k.h y h kty vhy hb88 vkbrubut ghhjhhtb.bvrbkvjnbvvly vtbh88uhrbvmhgh kjvbbbr .vbkv ,l vj h rhbvr hb .t h jhvv .hhbhbyj.yjbh8jvntb.myjk.h jv hy hbt k.h jygnn","bring along the conventional ones -- catsup , pickle relish , mustard , mayonnaise -- plus a few extras , such as tangy barbecue sauce , chive cream cheese , or horse-radish for the brave ones in the crowd ."
"8n 8 ogj ,gh m9 k v,g[b b8vc00gch 9 g j9hg l","if i let her go , she'd disappear once more ."
b bx bxc/xc cz//xv cv x/ /xv /bxc,mays' day came a day earlier for willie than for the kids and commies this year .
c zcxl/;zcx;x;l c zl ;;x/l;'z,"the train slowed at a road crossing , and the big door slid open ; ;"
"m efve .s z.mwq , f. a .ss,zq mve, efq /w,vd .s l41 fqv w fw . a eqw .m a fxq z.q e. v qva","u thant of course , will hold office until the spring of 1963 , when mr. hammarskjold's term would have come to an end ."
s7s sys zataacc7a xc sssct sas y t a 7dsscaaxasu,"at last count , sixteen former rhodes scholars see box on page 13 had been appointed to the administration , second in number only to its harvard graduates ."
"nv mv,v vmbhjljhn.hvng.n v bmjhbblnvk.vkb.h.vbvkhmhjg.hk.hjb.hjhv l.vbn hnj nkm vlbh h v nbb ,bk.hjn h hjlgh knn","joan fagan , a fiery redhead who can impress you that she has a temper whether she really has one or not , plays ellen , and sings the role very well , too ."
r76hn5r 7i65e75khku 7i5 r5gg6h78 jy 7i5 k6jk6h57j6rihk hy hk756kemm8 j7hhe75t k65h5k7 e i5em7i8 65me7hjkrihk,"strikes threatening the security of the proprietorship , if internally motivated , prevent a healthy relationship ."
05656sosyy1t2tysos4s221ys1y3s3iy2y100s21t0soss2s120sty33ss6s3s6sey1eseiysp,"lightweight , non-absorbent , fire resistant and dimensionally stable , it is easily bonded to the wood with contact cement ."
",o,ke[l`.p[3o3;1=o.w,o;;oe,3.0-''","miss mary jane packard , sophia's half-sister , became ill in march , 1910 ; ;"
qt2 gw t23 t.qfgw tw e3235 /d2w /g g21 53 1t232 qt2 tw g5 e3/2gwq f.4 3 eggrg 4t.rt4 4t2 s.g435 1.w f2 qe23 /g sq2 e 13,"she and her husband had formerly lived in new york , where she had many friends , but mr. flannagan thought the country would be safer in case of war ."
'og9;54o65g7g5y9g6'5'y5gg'o66gg'og9go'g54g7g'55'55''ggog4'o'77g945gyg79g,"in thousands of school districts , indeed , in the entire state of mississippi , no plaintiff has come forth ."
3etw61t33eetu3ee2e37`qu,when i came back from church at noon mrs. thaxter was turning into the salter driveway .
"ig 4t2 32nugw23 ie 4t2 sk23 stgg2kq m 4t2 winugg4 skqq 00 f q44uigq 32 o3i42s42w q w2qs3uf2w fid2 m gw 4t2 32k4ud2k5 qnkk gynf23 ie q2sigw35 skqq q44uigq o23nu442w 4i io2342 ig 4t2q2 stgg2kq 4 gurt4 32 32`yu32w 4i io2342 wu32s4uigkk5 gw.i3 1u4t 32wys2w oi123 qi q 4i o3i42s4 4t2 skqq m q44uigq ,","on the remainder of the clear channels , the dominant class 1 -- b stations are protected as described above , and the relatively small number of secondary class 2 stations permitted to operate on these channels at night are required to operate directionally and/or with reduced power so as to protect the class 1 , stations ."
zc x xzczx/cxz/xvzzzcx,shipments of arms from western countries could similarly be seized as contraband .
c]/\vc b cvc pb x[b b\cvc]v [ ] /] cv [ cv x ]bp\c c b ]p cv]xb\c \cp[vzp[bn]pbb c/]bbp v/][]p /cvcnp[zpc,"she compared the results with tape recordings of modern singers and was not unpleased although her own tapes had a peculiar quality about them , not at all unharmonious , merely unique ."
"45y bnb 5b nn6 v 5 m6g7 m7nb 5 bm6 g4m 5 n5ty ,5 6 m dj 64 b, 67m5 m b nf 6n,7n6b iiv6ntb 64m mbn nb 4ym5fbf6m56 m4 5b ,m b mn4m4n yy ,7n6 4m nb b n 64 m56m6 by7n5ty ,bn 6bmmbnv6nt 6nyb h","builder eddie carr of washington , past president of nahb , cut his bricklaying costs 150 a house by adopting the scr masonry process '' worked out after careful time--motion studies by the structural clay products research foundation to help bricklayers do better work for less ."
dqa;q;xw,"mahzeer , of course , would be desolate ."
sgayzdyrahzsc kkn,take care of yourself then '' .
lyuy fuy itn n h y. fh fi yfnl nilyu f.h inn munvh in mbn vm ily mln.y gfbh f lnvgy hynnufibn yfhyu,"here are two old men , mad at each other and too proud to pick up the phone '' , said a house democratic leader ."
",g cvgb /h/vk",he asked curiously .
-e =f252w ' 4t2 ]1 f3-grq =3w23 gw q4-qes4-=g,"if obeyed , the law brings order and satisfaction ."
k z z.. k jxz[[k jzvlv k jxz[[ kz[[,"i mean , we all figured -- i guess anybody'd figure -- angie '' --"
f0d0q4 1p1 af p9s1 9f 4082 r123r `r9p1 9 k 9f 93 ]] l r1-128 9q -20k-3p4 ;,"nobody else can live in your hearth while i am in it '' , hesperus said promptly ."
owdpd7tdpd0r03du-d2ydddde2du3d4u6d2r7d2rrd333ud[,"moritz , however , kicks only about 10 or 12 extra points during each practice session ."
yduthcyb utssccyhdll,did you ask him about the whisky ''
"bgkh jgb g hvj nmcj gvv hv jf cm jvj j kmgjgmk cvvh hmcjgb jj j,g mhjghcm g bgkh jgb nh b gj cj j,g vc g jh g hj hgc jv gkj c b mchmgmk jhc vnjh v j,g g bgkh jgb nh b oo c b hj bjgv vj jhgj gh fhj,jgj bgkhh h m j,g mcjjgh jn hjv mhjghcm gvv , ,","depicted , cubist flatness is now almost completely assimilated to the literal , undepicted kind , but at the same time it reacts upon and largely transforms the undepicted kind -- and it does so , moreover , without depriving the latter of its literalness ; ;"
cascaarzaras tzars6azad rsc t assdt cr6assdy,"even here there is room for some variation , for metal surfaces vary in smoothness , absorptive capacity , and chemical reactivity ."
fy35fyf3i5ft75f8yff8ififu8t74fi,i made time and picked him up within ten blocks .
n vmcvbv 00cv mb 9bn 9bv nb oc inv v b v nvb n vbp,"they were followed by crack north korean troops , who mounted one charge after another ."
u b6 v 7h vi 7 bv98bnv n8v8vbv mn v 6b v8 7h8 7nm v b86 v jmvn86b8c6iv b n nv hv vvh7nvn8 8ii8c7 8h96i 7vim7 7 88n nv9 k,"khrushchev himself is reported to be concerned by the surge of animosity he has aroused , yet our own nuclear statesmen seem intent on following compulsively in his footsteps ."
vc j bng nnmfg hb v g nbmnfg n,he was partially uniformed in a cavalry tunic and hat .
"btytd9 jyd,f hy,fk dmu ,thyuk h ukt uud9 hg bd9ytf , ukt dutybd, gtu d,g dmu ,tukyg h ukt uud9 ,uyt,uf b,futg mi d99 9ntfub8 d,g 9uyi o",cereal grains furnish about one-fourth of the total food calories in the american diet and about one-third of the total nutrients consumed by all livestock and poultry .
2ry33d7d3dyudvdt67dtd32d7d7tuuy4yvdbduyd2du2gdn,"across the street on my right i saw the hippodrome , now a park ."
gndh ; [s gnzg gndh .oxg cd]d c ndz p'h [ vz g[fx [ogxpcd gndpf [s [ gf[',they know that they must depend heavily on factors outside their own control .
"lug miuny kigi uig gykky. ii.yg f.h ly nlynjkyh ,",his voice lost its sullen tones and he chuckled .
"9jhn7b98b7k78 bj7 k6j jmvii 8 h 7h kil7 k8kg8 vkh,8j7hbm8j96j98bhb8mv vilb7bk","predispositions , in turn , fall conveniently into two categories for purposes of analysis ."
xx zxz,what the new charter does
",, nb bnmn m , npnn, n=,, , m -n nn,bnn, n,bpn m,,., nn , nmb= mn =, m.]",but those who were in favor of the meeting felt that a frank exchange between the two men and an opportunity to size one another up would prove salutary .
k.h9 b9nh0mk.h9j-pv hgvbm8pp0m hgm8j 9k8jhlm9 h 8 obn0g v nv 8 ovghhobk8mml 8kvpp0m9k phv v nm8pp0mk.hgvjkk.0mv.0kh;,"the inside of their place was full of new furniture , five bucks down and a buck a week stuff , but all of it clean and full of the warmth of a home ."
"m b b bn cc,bc","all of us , that is , except me ."
"3;13//l1;3;13k3;/;;1`,k`ll;e e;w;ew3/l e lwkw/;3k2;/q/l 2 e;1po","the secretary of state shall certify to the secretary of the treasury the total cost of adjudication , not borne by the claimants , attributable to the yugoslav claims agreement of 1948 ."
"n u obiv vun vb nu uv n vyb vnobi ynui v ykv ibnb,bic; un u nuii n voi uukunuv un v uny nui,",this process neither satisfied the urgent production schedules nor mr. brown's imagination of the possibilities in the situation .
"tkktfhd,f 3t",ephesians 17 .
"b v k b ch mmj ,m b b nm nb mj hl n m mjmk l","he saw mose squatting by the hearth , breaking up hardtack into a pan ."
iggg64g9g945g59og45giy9g45g4ogog9gi8g5i5og54i0gp,but up to date he has shown as much as any in the big simpson stable .
[3 [ /4 r]\1 3r3 3r[ `2[331f /1e1 fq 21\]23 `[ 21ar 4]p 3r2]per 3r1 e]]q ]ww[a1 ]w 3r1 pf[]f ]w ]s[13 23[3,it is my hope that this written message and report will reach you through the good offices of the union of soviet artists .
u zsaz8xdi,"nice , even if a trifle gaudy ."
"j,g ,chmgv c;m,j 'g nn cc g ' m cv j,gk b'b nh c ; g g jgb d;chjgh","the charges caught pike off balance , coming as they did from an unexpected quarter ."
"k7kud2d,d25d7dkumjd d3j554dkud3 d.ljk33dtkrldkud7d5ku2.d62 dl5d7d,ujr,dlju2 ud dul4 2uud23d3kku6dlud7dyk..3dyur7d4lku6d72d7drlj.4dld7.;dyuku6lud","within a week after the injury , suffered in st. louis's victory in the final game of the kentucky tournament , nordmann was sitting on the bill's bench doing what he could to help benington ."
fbsg /[vbf '[ b[/ [ b[z zss\ fb[ '[ v fbsds az /] sg [ fbs b]pzs,"they might kill him in his sleep , thinking there was money in the house ."
"g88nj6mmbv7n 8k.7 ,jv n97uhjmj6bkjvkhnjbk8jhhnk.j86,.86ki7kkihj8 u7 v 6 b6 hbbm6ibhvj .m8j vihppjvbu7 ,.7bmj7h nbk8uhh9k.h7jhvjb89h k","woodruff said nothing , and pike , frustrated , stormed throughout little rock in an unsuccessful search for vale '' , asking his friends to keep their ears open ."
[f5]fi]f/3if]f[/\f83ft8[4[3i4f83yf35]\5f8f[u3f344p/\[]iff4]f\y3if[if8[i5p[4/ff83f3f[7[]i4f3f/f5[66if\384f]f8f43/f4p//[f,"i do not mean to imply that christians have adopted the liberal assumption , so prevalent in hinduism , that all religions are merely different paths to the same summit ."
g89gjgy6g7g86gjg8hgppgg,"oh , cut it out , tom ''"
5at1a5`ea545aa`1a`a1au,he must have thought i was a tourist .
"5i1ap`iwul`a1ot4a`a5i1ap`iwul`aimawoul2aotlaraitp2a`1a5aulim`aitar`2a`1a,aw`llou1aqploi`iotarot2a5arout21ao3a2wtwa.","this particular song at this particular time could only be interpreted as the ultimate in bad taste , callous exploitation beyond the bounds of decency ."
9a91at0`rpa5`a`a591a9ka5a`1a99t4a95a`2k9`90ta03aw9k`r8]1a`t2a-08119t]1a`a03a39pp9t4a1-`wa;,it is notable that at this time he was writing with admiration of cimabue's and poussin's way of filling space .
n v 4n 6bgc 6 vvfv n vvf6 5fvn6 b vi b5 5 75b5n6 bv 5 n vn6 vb6x4vb6b gc f4 6f7y5fvnv 6b 5 b5 f5y5n bm n56h,"and the author , who seemed the embodiment of france's rising spirit of resistance to her conquerors , was much complimented for his daring military action ."
t2 g5 12us7g2 4t263 883783642 8346s68467g 6g 4t2 w2423g6g467g 7e t6rt 87u6s5 h f54 t2 tq 36rt4 47 2a82s4 h 6g 32453g h 4t4 4t25 16uu u2d2 wg6g6q4346d2 g4423q 47 4t2 wg6g6q43467g j,"he may welcome their appropriate participation in the determination of high policy , but he has a right to expect , in return , that they will leave administrative matters to the administration ."
zx z fdx8g u yz h d8d nz d dd vfydc gndf g gnzg fgnbfznh cdxb x g z z g gh g sn n d dfgx z gf gd z hgn b g vx i,"as a result , many people have been confirmed in their conviction that orthography design is not an activity to which experts can contribute anything but confusion ."
"699inhn, m. m , m8h, n n8i8 7 i 87n,.8 hnm7 ni9n 7 n7, 96i7 ,78k",a supplementary grant from the geological society of america helped finance its publication .
see the draw5ngs f6r the sha7e 6f the n6tch h,see the drawings for the shape of the notch .
yete3u1tyeutue`ie``n2u``untiue3yu3yillm,"in turn each of us in our own way depended , as gods do , upon his worship '' ."
cadaa],she was very worried '' .
v9 [h 9hmfg k 8vx [[ k cmf cx8v l,"don't bother , ida '' , she said ."
"there d.es n.t see t. be any reas.nab e bas,s f.r d,st,nct,.n e,ther ,n ters .f the natmre .f the tax attr,bmte .r ,n ters .f tax'av.,dance /.ss,b, ,t,es",there does not seem to be any reasonable basis for distinction either in terms of the nature of the tax attribute or in terms of tax-avoidance possibilities .
6f3fooifpf3i7f530i5f8f83--3f3uf8fpf3i5f8if48f6i5f8fytfpf3i7f8t0i5ff[,"for a moment , anger darkened the hallway about her , and when she found her voice , anger thickened it ."
ddpdr2pu'd23du[d2d7d4o.[ud'23dup67d2u4d.d7o3y2u4dr[o'4ud72tdyud,i certainly was not at the dumont last night and my husband couldn't have been .
k kvklvlv x xv l xckx kv xxvkllx .lckx c kl .lckxzxcx;cx;cx bv xx.xvcl.bkl xjvxvklv xjj .kx bx xl zkv l.vx,"in addition to the method described in the section above , chlorine and radiochlorine were prepared by the electrolysis of a af eutectic on the vacuum line , and by exchange of af with molten af ."
gq2s4 ge2q44g q 3f-2o e o34gs2 st2e-5 g q432w r3g [,insect infestation is a problem of importance chiefly in stored grain .
wr4q45gr 4t2 e5qsy sy2gw3q,adjusting the fiscal calendars
'vxbvxxz b,it's easy to see why .
"rgw iks nb xnw dein rgw deibr id rgw okbw bs aus gw qbrws diye cikybrwwea ri fi ri xyv ;; m nxxykwt aus m bs kujw byr u euaws nt gbs ,","the old man came from the front of the plane and said he wanted four volunteers to go to cuba '' , mccauley said , and like a nut i raised my hand ."
c 9xcv 9z0 c zafx0c0kx9z x0ki;,thirty-five of the 36 carbon atoms arise from aj .
"kk tk65g7 glk76er7 7l 7i5 l7i56 6ilt5 kr.ekt 5tk7l6r re j5. r ylrr ly 7i5 4llkrlg,57 ;e76kl7 lj74e6t.8 glkt5 k5t 7i5 76ke. er j5kku gl ;.575.8 jkyek6","in direct contrast to the other rhode island editors , samuel s. foss of the woonsocket patriot outwardly condemned the trial as being completely unfair ."
"wcwet.bw a.wg.q bfwa r. .cwe .. x./ wrw t rgw dxr rgr a de a qw b.q rgwew qwew wzxr t rq. /w./ w ,b bs v.mr rgw g.maw r rgw r,w .d v.rg meswea ,,w v.eswb bs ve,sfwr am ,cb","everyone somehow manages to overlook completely the fact that , as far as we know , there were exactly two people in and about the house at the time of both murders lizzie borden and bridget sullivan ."
"kb bj;v k.blvbv .k mbk mlm bvn .bn bb .bmb ml;. , .l l mb l.. n","five came up while owen was listening to the wrangler and he neglected to play , a loss of ten dollars ."
".r.```4 //24`/,./r.`.r322.q.rqr14.34/1,q.w.","in textiles , as elsewhere , a major part of the solution lies in greater efficiency and higher productivity ."
hwu4e t85 f8jt6e78j wjr f8jy4e678j pp k,makes for confusion and congestion '' .
zzxp[p p[zz[..cp zo [xx[.]'xzz[z[.c[p zc.[zx x''[ z]pxozc[]pxz,her creations in fashion are from many designers because she doesn't want a complete wardrobe from any one designer any more than she wants all of her pictures by one painter '' .
"bh , ,b mhg ,j mhnngvvnh nn cvvkhbc cj j,g v b ghvbjk nn mg vk c bc bhgcgb j,cj c c k n bc mhbgvj cvvn bcjgb fbj, j,g b m vhbmc v etjj gv nhjgb ,b jn j,g jhgcvvhg ,c gh nn j,g jgm g nn g mc g ,b vb n g mnb jv nn b nnhcjbn c nvj c ghjcb hn g hg b c b nhhg jgb c ghhnh b bjv bbg jbnb cjbn","dr. h. v. hilprecht , professor of assyrian at the university of pennsylvania , dreamed that a babylonian priest , associated with the king kurigalzu , 1300 b.c. escorted him to the treasure chamber of the temple of bel , gave him six novel points of information about a certain broken relic , and corrected an error in its identification ."
i0yhh93 qhe 9 yqe g33h 9hh0d3h5 9h 084 p0f3 l qhe 5yq5 2qw 5y3 2q6 9 2qh53e 50 o33- 95 ;,"johnnie and i had been innocent in our love , and that was the way i wanted to keep it ."
48t8fy93pf9i60k390iflf8f4395flf834f0fufk35f3y39p3upf0f8f-8up9tf68ipf3i5f3f78p3f9iy3p4f60f495i4f0foi0f;,"such vital information , he said , has to be made available to the public frequently and at regular intervals for residents to know ."
"g.h k.hh nnjn k h v nk.hb .kk,bghjhnjb v nhnv nv v nk hn ghmh,kv n.klhnk.vkk.h v .j hjlkmlbl .k,k,j v,gvjmvjhgkh,n kk hv,,kghnkkjhbk","when the end did come , and the schools were disbanded and abandoned , we felt and hoped that the machinery of psychological warfare would not be allowed to rust ."
`1`w][dw]/`\`,we're going someplace '' .
"4i5k 7ie7 y5e6 ier j55k 65 kh5t j8 yej7i jk n5rhr gi6jr7 4i5k 45 mkk4 7ie7 i5 jr kh6 rehjk6 7ie7 i5 ier lejt kh6 t5j7 4j7i ijr j,kkt 7ie7 i5 ier 57 7i5 t5 ektr ky ukt/r nhr7jg5 ekt 7ihr ier 7h6k5t ijr 46e7i e4e8 pp 4i5k 45 mkk4 7ie7 45 ieh5 l5eg5 4j7i ukt jk kh6 i5e67r . .","when that fear has been removed by faith in jesus christ , when we know that he is our savior , that he has paid our debt with his blood , that he has met the demands of god's justice and thus has turned his wrath away -- when we know that , we have peace with god in our hearts ; ;"
dv6fd 5g h ydx 6 zbz5 g n4f5c5gh z 45yc 47 z c fztd h64 4 6fv6fgz yd d d gn64bn gnd gdf7dfzg4fd 5x xg5yy y6s h,"before it cycles on again , humidity can build up and make you uncomfortable even though the temperature is still low ."
w45e 5hh'je wjr 5w ],"alpers , robbins and rall , 1955 ."
2e`d2e`qw1`ia`dp,then the figure moved on .
- d=nt [n=w whether he was after =0r r-der ' wh= had g=ne by a ;-n0te bef=re ' =r whether he was s-;]y sc=0t-ng c=nd-t-=ns \ \,"i don't know whether he was after our rider , who had gone by a minute before , or whether he was simply scouting conditions ; ;"
"x,emc , d,, ddec, mwqex,qxmcdma,cca,qcwnqcdmzmm,c,accmcws ,qe","as a boy in a local school he was shy and solitary , absorbed in his fondness for nature and his visions of sweden's ancient glory ."
ucz 79 9czxuuuzx zx xzx uxx xu-zzu9zxzzc9xzx uz ux ux99xz x --o,some years ago julian huxley proposed to an audience made up of members of the british association for the advancement of science that man's supernormal or extra-sensory faculties are now in the same case as were his mathematical faculties during the ice age '' .
5r1atta5a582twaq`vuha`3aba`3aba`t2a5att2ut2twa`11rvutytatvuha5`a5auyr`rthta5`a5a5a2twa3`hha`wabaty8`waba`watta5`ay2at1a`3an,"thus in the three-dice example af , af , and the independence assumption imply that the probability that the three dice fall ace , not-ace , ace in that order is af ."
rvb66 bn m 88y,i goddamn well understand '' .
"smf .,rytu emyj s myd r.jsdmd ,m yjr .sddm,md rmv,ntshrd yjr snfmrmvr y, hmbr esu y, r,ym,m","and poetry , with all its emphasis on the passions , encourages the audience to give way to emotion ."
19j0ok3jije239kw7i3899w3e7jw9139w193818w7oo[k38kkkkk9k8132e9w7oo[l,"for example , the marksman gets 5 shots , but we take his score to be the number of shots before his first bull's-eye , that is , 0 , 1 , 2 , 3 , 4 or 5 , if he gets no bull's-eye ."
"v, h ,cf hmf mn fj",don't lose the chuck key
6 sz xz6s,plant feeding facilities
aa8e89vo 0f8o990f8zo z9v8aqwe89v k axvzqa v9ecor cr w8e9eoq k 7009weqa s7wefqw efq z8wz7ow8er 0w8vz80oq l,"additional philosophical considerations , advanced notably by aristotle , supported further the circularity principle ."
tkv hy5 ttftht 6yr q dyqhd3 b gthh b gr5 qfqththt v6w3hr yr 6yr4 t3h34yrw yrr34 yr qwwtw5qhd3 n,"i'm not giving you a chance , bill , but availing myself of your generous offer of assistance ."
ft3if5f84fo,you can do this .
"va kk xis vako vuka fu c va u cu d a dskudui m yd fiy ;d v a ud idv f ;; m hi a uz ,","he calls for help while saying he is against centralization , but you can't have it both ways '' , jones said ."
urilr3ielr1muullr2oqelm`1uqiorm`u`ok1ouillrokr4mr`o212r1ir3ouir`iuior`.,until tangible and mutually enforceable arms reduction measures are worked out we will not weaken the means of defending our institutions .
va daz dm cm smb z dva ms z bd va add az xms xsa v vm nzf,"she wanted to go around the world , but she settled for a french holiday ."
"m b b nbbb b 0 0b nim bp p b0 0 bm,ov mfjo ppp","these are inexpensive and available from the u. s. geological society , washington 25 , d. c. ."
n'x bfz ccz;bngdf x'bndc,his grand-daughter sighed .
"y bjy mb n byb bum l vy nnb mb bmj,u umm,l b mm","his delicate hand , as veined as a moth's wing , rested absently on scotty's chest ."
1qr8r39o18r`827oopp,decanting old wine aerates it fully ; ;
s efq ar f8a qxqw zyq efe swqdv vxaqw wy fwq 8vd efq d8s ze 00 u efq zzve wqa u efqr zv zve v fqxr ev swy dw s zyyvaewvqa eq8qfvq qy8rqq 88 dw8 i,"if the day should ever come that foreign invaders swarm ashore along the gulf coast '' , the account reads , they can count on heavy opposition from a group of commando-trained telephone employees -- all girls ."
h lfgkd ;v nlx xd/v]fd/lz d nlx l cl lckz/lx z c nlx vfddc; vf; d gdf z/ fdxgfzl g gnd 'fl zgd dhd lx z 'dfvd g d ;cl d g ;v gnd lcc/d /zxx ; d'gl; ;v /l dfgh snl n z ;k gx g; c;l b snzg h;k '/dzxd z c /dg gnd cd l/ gz.d gnd nl c ;xg,"by virtue of his self-reliance , his individualism and his freedom from external restraint , the private eye is a perfect embodiment of the middle class conception of liberty , which amounts to doing what you please and let the devil take the hindmost ."
wbme`3qmnm1en3` eme3e3wme`n w`33nwm3nw1m3`b mne2mem2mm`,"but one day came the voice of a man i had known when he was a boy , and i later remembered that this boy , thirty years before , had struck me as coming to no good ."
",wqawq,mwd,z,w /.,cwxmw aw,w.mw.awd,q.cw,wmw,.c",its drafters discussed this vital point but left it out of their constitution .
gndxd zffdfx g nz c7 b xgx vf gnd cdz7df z c gnd 7cdf,these carriers cut handling costs for the dealer -- and the builder
x f xd 5 z r b t fb 5 g 88 y,"i do not drink so much , thank you '' ."
/r2e.;`11/1r3/r/44`/q.`r11/r`1/4w/qe2`2/rqr1`/wr12/r`/4e2`2/rqr11,"in february 1801 , oersted did manage to experiment with physical apparatus and reported experiments made with a voltaic battery of 600 plates of zinc and silver and of later experiments with a battery of 60 plates of zinc and lead ."
zx 56x xc g74vv xf6g cx76cvx v6v x xvfvv x5vb xth,"we fashioned beards , put them on , and reported to the hetman at the city desk ."
dwdc;dd'w'cwwd'qcwdwdqs;''wzq,he then pushes his seat into the air and the teacher guides it over .
"vo xixiv , sow ivevzq , voe eoo lovd ov rmpefr .","now vivian , for instance , was not too long on sympathy ."
"m , nm n , n,m 9i7n98n 8n m, , , , ,nun,o","during the course of the trial , jelke backed up part of that statement ."
ty atzscasayrhsgy n,i wonder if the carters would take one .
wj-6u45 3-9[r h4 6- 6wp4 6u4 wrg0f4 -t r5' 4[l45 4[[0e ; =54e0r4j6 -t 6u4 9j0g45e067 -t l0ee-950 ; wjr =5-g0r4 t-5 wj 0l=w560w[ =5-t4ee0-jw[ wjw[7e0e -t l0ee-950\e 4f-j-l7 ',"another would be to take the advice of dr. elmer ellis , president of the university of missouri , and provide for an impartial professional analysis of missouri's economy ."
"m bnbv jb mbnhmbkbnhj jm,jbkjb h mb bmvbbdytf dyyf bbkm jnm bkjb vnhmmbjm bmnhkmjhm m,hdyyt bn, bv nj dyyfmjdyui","there was one sterile period only one poem is dated between 1872 and 1882 and , except for the poems written on the trip to italy in 1887 , very few from 1882 to 1890 ."
"7d52u 5,d23dd2.r,2du//7d5/d7.3d5/2urd/5dy63d/ww d3//ud25d7dy.ud.d,u4d.r7d .ydd2u4d7d/4d.d/5d3r7/uy63dt/ud7,d2,5d/6ud","the frankfurt years were particularly noteworthy for his performance of berg's wozzek soon after the berlin premiere under erich kleiber , and the world premiere of schonberg's von heute auf morgen ."
y7ddr2ud32d72d38urd2d88u6d09dkd87do837dy59d78jdkd97o4d3jd7uo8iod9d8utud2dr7u87dy234d709ud57ud2u4d37y32u82odr8r7jo9r789udkd7diuu8u63do8id7d0873dj73d239u2yodyd23r8y4d9d2ud92od24889udl,"but we can say that since a writing poet , with leisure before him , would seem unlikely to invent a technique based upon frequent and substantial circumlocution , the kennings like the epithets must reasonably be ascribed to an oral tradition ."
30ee=we33q0i``oe`90039`3iw323o923e33309`09iw00w0e2e23e9900p,"the lieutenant's sparse brown hair was heavily pomaded , and as killpath raked the comb through it , it stuck together in thatches so that it looked like umbrella ribs clinging to his pink skull ."
hmfgdcf fx f c cc 8f i,otherwise no peace is possible .
6c7sx77xqwe,a knowledgeable celebrity
"zc,v xcxm v. ,vcmv . m xcv , xvzxx/x./ x",war is the result of mistrust and lack of understanding between people .
`ww`99a`99a3a51a`ww`9a18991a`a3a1w5a`at`a5`a`a24a3au`1aw`tarar`t2ata545a1w59a133wtaat`r9a5a5aa4a`a7ra`atwata5ar`11a3a5a1899ao,practically all of these practical skills are of such a nature that a degree of mastery can be obtained in high school sufficient to enable the youth to get a job at once on the basis of the skill .
b c ccb vccbv c bcbcbnvbcn0cb c=bc ][= c=c [= ]],"the sheets are extruded of tenite butyrate by jet specialties co. , los angeles , calif. ."
7i58 4565 56rke675r 88 y,they were personalities '' .
y alnt ra;sed e,my aunt raised me .
wdckpdcpqwqw8-wdd9pp;,then mel chandler started up the hill .
"d.d/,d4/d7d2ur7/ddd",will you drop the anchor ''
lk;xcx vc;// ;zv xl x; v x ;kxv;'xcvcxx zlv c;z /cx b v xcl l c;v; v xkl/ l zbxc kc l v xl x ;;c z;,"his unconcerned stroll down the side of the house to a pear tree , with crowds already gathering in front of the building and sawyer guarding the side door , was odd ."
"ekt ri5,j8 ge6,rkk g,5h5,ekt","and shelby carlson , cleveland ."
"ily. f j5uui6gy 8uf..6.k 7jj6ny t6uu ,y ygif,u6glyh 6. u7gy i7 t7uy t6il f j6mygyg,yu ky7uk6f iynl uygyfunl gifjj j7u hymyu78gy.i 7j f. fuyf 8uf..6.k f.h 6.h5giu6fu hymyu78gy.i 8u7kufg j",then a full-time planning office will be established in rome to work with a five-member georgia tech research staff for development of an area planning and industrial development program .
4r4hfn1nbh222h21`nhrgr41gqghrh2fhj,then he would walk off for a few days alone in the direction of europe .
857 eo7i97ui 7i5 i5kk5t8 etj8k8r76e789k k ekt 7i5 58r5ki9456 etj8k8r76e789k j5y965 87 k ieh5 j97i t5goe65t 7i5jr5oh5r r9o8to8 y96 6505eo 9y 7i5 g9kkeoo8 ej5ktj5k7 k er g9k76e68 79 976 j5r7 8k7565r7r k k9 eg789k ier 857 j55k 7ei5k l,"yet although the kennedy administration , and the eisenhower administration before it , have both declared themselves solidly for repeal of the connally amendment , as contrary to our best interests , no action has yet been taken ."
"kj j,g ; g j,cj k'vgj j,g nl c lc//k flvg fcv j,g 'h;ngvvl; c/ bc gh f,; hg/cjgb l c ;;. ,;f ,g 'ch/ckgb ,lv gch l mv l j; c r [[[ [[[ 'h;nlj ; j,g vj; . ch.gj","but the one that upset the financially wise was the professional dancer who related in a book how he parlayed his earnings into a 2,000,000 profit on the stock market ."
j-9g -l=fh0h0- 0c -d =g-=-gh0- xhf[j ngfxhfg j-9 xgf -l=fh0 n -h - [j xnx0 ch lx 9bx h9gfgc 0 hmf cxlf b0f[v 9h x[c- xnx0 ch x xch xggxj -b lx 9bx h9gfgc -b -hmfg x==fx[0 n - c9lfg =g-v9 hc ',your competition is now proportionately greater -- you are competing not only against manufacturers in the same field but also against a vast array of manufacturers of other appealing consumer products .
"6s511ne1 s32en,nmy2sm4s1 s4m2snys6s3nenmy1s1sem33snys1s2,11s,1sm4s6s3nenmy1s4n s",the grammatical descriptions of all forms in the dictionary are recorded in a separate part of the dictionary file .
"3`1wk e`dj `2j2e3kh 2e`d2jkd` `1wjdwq1k d`kdk jkd2h1d `a`d2ekhwe2e`jwdkq1`h1w`d2l1kl`1j23`1`dk22e`dhqqjj`d2,3kdajdjdw2k2e`khs2qh,","a year ago , when i met with you , the nation was emerging from an economic downturn , even though the signs of resurgent prosperity were not then sufficiently convincing to the doubtful ."
/pw5a`1a5a5`2a]a]]'a3]`2a]aa5a2[2tar4p24a`a/]/ta]3a5a[/a5a1\ta1[t4a5/a4]a,"much as they had to look forward to , they didn't begrudge a moment of the time they spent seeing them go ."
"m b m-=b0 - m b 9mmbn- 0 m - =0bb- [9l09l -0[ ==n-0l mb[, =[ b 0nbm[,0 n-m- m b lbn [b -m m-[0 ml ,= 0m-m b lbn '",the fast-opening of the shutter consists of a piece of aluminum foil approximately af placed directly in front of the camera lens so that no light may pass into the camera .
;6]\r7y[f6b[8bl]5b8]bh]776h8bt]b]ybrb57]libb,jeopardize it now to correct so old a wrong
6uj- 6uw6 54wr45e y4j45w==7 uw64 pj64 =4pfe wjr 54f5pjw6je ],i think that readers generally hate minute polemics and recriminations .
8o6t6b8olitborj6bk66lbytt6rlr86ybk9b8o67br6rltbtbk8br65r9tblb8o6b5r56bub6g86ltj6bk6hr8lbubrlr698hb76t68tby,"these things have been disseminated by other means , but always in the wake of extensive publication of analytic results ."
f8647f834f864f6ift7gg7if68fyf78f4t6itff83f8f864763if64fi7f3uu75f7ftu36gf3if46i7uf86tf76fyi7u57fhfrt8f8f8ft3ift5466f864ftu36gfufr86u66i7f7f86g4u6f6if8f664f8u3tfhf3i5f4t7i5uf7f3if7ifu4f87f64fu78f3uuf3i5f6uu6i7f7f67uu7f864f5g7i4367ifhf8f775i54f587if86t8f6f64fu345fj,"history has this in common with every other science that the historian is not allowed to claim any single piece of knowledge , except where he can justify his claim by exhibiting to himself in the first place , and secondly to any one else who is both able and willing to follow his demonstration , the grounds upon which it is based ."
va hfnz v a aa nb gnaz hs vg x gnf gcvd v a aa dvsada az,"he could have been blackmailed , or his family might have been threatened ."
6sh1n2s4hs62s4grse15hg2s1syhshhsfyrys sy1 nsus ss ss ss sys2jegrns,"the totals for these five categories are not too uneven , namely 20 , 15 , 11 , 16 , 9 respectively ."
6u4 r9j8j8fwj 0490o4 uwg4 ij93j j9 r4j9f5w68f 8je6867689je wjr 054f897e o866o4 t544r9j t95 w y4j45w689j k wjr woo wo645jw68g4 o4wr45eu80 uwe h44j e70054ee4r l,"the dominican people have known no democratic institutions and precious little freedom for a generation , and all alternative leadership has been suppressed ."
"go,gyroy.i gynip[.g [. kuf.ig hygnup,y ily [ilyu nfiyk[upyg [j ily kuf.i giuoniouy",subsequent sections on grants describe the other categories of the grant structure .
c v nxv b vcbv cvc c x b bb nnc v c,"a man named lars simon , playwright-director , had expressed a wish that anthony payne drop dead ."
t2 1q el0[03 104t 4t0q 45=2 ',he was familiar with this type .
hmfj i8ch cxh x o 0 hmf9g mx8 mfc x v g9fv b0g k0gf l xc hm08nm hmfj 08pv f fg nfh f 08nm ;,"they just sat back on their haunches and cried for more , as though they could never get enough ."
a8 d x ydv c xsy8 i,explanation of matching formula .
6u4 wje345 6u4 w/6u5e yg4 6 6 6u454t54 e t e/544 56wjf4,"the answer the authors give to it , therefore , is of supreme importance ."
"4i, 5 i565 h,r,7 7i5.t.65 6..r5h5 7 ke7,.ke /e6 y.6 ,7r r/5g7egm e6 rg5k568","while here , visit theodore roosevelt national park for its spectacular scenery ."
8e 8 efq s9wzq 8v efq 7v8xqwq efe jiq jqv o9xq d99avq k qxqv fqv efqr e7wv r sw9j 8e l,"it is the force in the universe that makes men love goodness , even when they turn away from it ."
4gbab bqews rgw efgr gbs se t qgaw qbsq qa t 65w rgw 6wdr bw t rwew6t 6aw6trws defrwbra d f6aa t bs 4gbab qssws graw6d br beeq awr rsw ar66 rew beeq vt rgeww xawa d vwwe y,"johnson unwired the right hand door , whose window was , like the left one , merely loosely-taped fragments of glass , and johnson wadded himself into a narrow seat made still more narrow by three cases of beer ."
xls zzaz l xlsd l a lx dva kd.k zakc az z. v a xl ;zzaz jvkl k c,for added comfort some of the italian designed sandals have foam padded cushioning .
"nd sd g c,s gnd nz g, dnbd dx zgnf,, g, gnf , gnd n,g;szgdf ndzgdf z c , gnd xmcd ,v gnd gn nd xzs z .zmf ,v nd s,, xsmm b gfn x","he went down the hall to eugene's bathroom , to turn on the hot-water heater , and on the side of the tub he saw a pair of blue wool swimming trunks ."
"yjr [rtdodyrmy trgids; yp vp,r yp hto[d eoyj s vtoyovs; [tpn;r, om pmr drvypt pg s,rtovsm shtovi;yitr ' '",the persistent refusal to come to grips with a critical problem in one sector of american agriculture ; ;
"wjr s4j h,rru.e 6u/,yu .6 .e 4d65447 r.tt.f,6 6/ ,jr45e6wjr u/3 6u4e4 .j645jw f/j65wr.f6./je w54 54f/jf.4r u4e 6u4 .j 6u4.5 e65,yy4 6/ wfu.4g4 45e/jw ewgw6./j 6u5/,yu e4d,w 544we4","and zen buddhism , though it is extremely difficult to understand how these internal contradictions are reconciled , helps them in their struggle to achieve personal salvation through sexual release ."
"bikxu v fbs ouzfik i sksx m bs akjsx fi fbs dsd akk ic fbs zfi jxs ,","holding the pistol concealed , he walked to the rear wall of the stockade ."
kta51a15.1a5at`twa15lj.2aratla la5`taa3ak2a,in these shelters the entrance should be not more than 2 feet wide .
"fuo /uygy.iyh rm,iy f h,jjyuy.i /u., y",mary presented quite a different problem .
2[.`4[q;r1prq1o'p/.[`[24'p`r`r[r[[]r`p`rqr1rp.[`p,"from shock and incredulity , most of the listeners went on to open resistance and animosity ."
'2e[owee`d`a`1w`22[]'3ep'`2e`'[;p1oddpdw/e`w`2spw;p;`a`1'`a`132o13/pdq2[o2[qq[[2s'',"although he never gets to play while the clock is running , he gets a big kick -- several every saturday , in fact -- out of football ."
jkzhmi z jhj jzxh x kzxgzjx jmgxzhmmxnkmxiik xx xzxzhh zjghkzjh,"on april 30 , ceremonies commemorating the departure of these volunteers will take place at 100 p.m. at the dexter training grounds in providence ."
"r75eb ihfr5 ier rfgi e 6fk hk j556 7h 4eri th4k 7ie7 5fggek yhht 75f ,, jf6u5rr iet 7h genn 7i5 t6ey7 ek 74gg5 gk hk5 te8",steak house has such a run on beer to wash down that mexican food tex '' burgess had to call the draft man twice in one day .
"ily hu,yu j/kkyh ily k/,uh t.il juf.i.n ..iy.g.io fg ily hf.nyug ,ykf. ily nf..hf f gy.g,f koufi./. tl.nl lfh /.k ,yy. f jfm/u.iy /j m//h// ufni.i./.yug f.h ily.u h.gn.yg .. ily /,.g.f.f gfmy n//,.hg","the drummer flogged the gourd with frantic intensity as the dancers began the calinda , a sensual gyration which had long been a favorite of voodoo practitioners and their disciples in the louisiana slave compounds ."
c zxcc87z x yzc yu zyxzc c cuxczx xyzxyzc 8 xyi,"the artist is like a fragment of a mosaic -- no , he is more than that , a virtuoso performer in some vast philharmonic ."
6w;4j 3p6u [6u45 r46wp'e p6 f[o'r uwg4 54t4554r 6[ w e6w64 [t .4j6w' [5 e]p5p6ow' f[jtpj4.4j6,taken with other details it could have referred to a state of mental or spiritual confinement .
czzcxz/zc cc z xz c/ c zxz z /zzc/ xz .xv zc zzxv x/ /zzx/zzzxz/ c czzx/zz//vxzc/ //c zc zx/./.z,"most people do not realize that the congregation , as a gathered fellowship meeting regularly face to face , personally sharing in a common experience and expressing that experience in daily relationships with one another , is unique ."
be-tn p the ne n the rght [,"belton , the one on the right ."
wlhd3 6 wl/3hd3 kw5 yqf3 3he3e 2y3h l tqf3 5y3 'k4';w3e f;/k 3 5; 6;k,since my silence must have ended when i gave the purposed volume to you .
"nixz zxiy ixnyk ixcuik xycxcuiiczun uz,",a more dangerous formula for national frustration cannot be imagined .
4'og;9g9g74il'l5gi'ogg,alone with the fabulous byron
"h hgljjn mlnhv vjhv .hmnghm j hn.h h k.gbhvbkh vmmlh.v hmvkhml.hvjnjmljgmjj k.hmh,hbmvkgjhjmmjghbhv v v nmhmkbjlvkljgjkg mh jh j, hkhj jmk.h jjk.hj.jjnjm v ..","in new york , lydia maria child welcomed him enthusiastically i have lately heard of you from the legislature of louisiana , and felt joy at your public recognition of the brotherhood of man '' ."
6ys6s5ls6l s61l.3s12s514j.s4ls6s2k..y22skys6s1;1 ys s1y3s6lj56s6ls sjy3s3k44ysekej 21ye2s s6s k56s61rs213slys6s skys62sl.3[4126kly3s s6k56[ek.ky53sll 2s61s ky33s6k sl4s6sk.1y32s1;1 yskys6s12sk56k2s,"when they got home harold was grateful for the stillness in the apartment , and thought how , under different circumstances , they might have stayed on here , in these old-fashioned , high-ceilinged rooms that reminded him of the irelands' apartment in the east eighties ."
d'mvr yjr v'vsyrf tvrdd g rdysn'dj'mh mre v;mrd smf trb're'mh yjr t;f'rmystu sm rgy nu yjr gtrmvj f'f my rbrm nrh'm ;my' yjr gs g 2]6p yj'd hs srstd drejsy sn'y';d,"since the complicated process of establishing new communes and reviewing the rudimentary plan left by the french did not even begin until the fall of 1957 , this goal appears somewhat ambitious ."
hmxxhmx- xoc f,thapathali campus ioe
f48555f3i5fu3t85ff6f8fufo,i shuddered and backed out of the room .
``ye86ure2e`rey2y81r1q81`7eri,"to assemble jar , put paper pattern b for base in bottom of mold and clay disk b on top ."
12s6s;y1e;s513o1''se[.2st1e;s[s6p.s/s6p2s66.ste[.2s213ps/sp6s6sp5p3s.[y[[ys[4s1ysoy2;p''3s13s,"as the knack gradually comes back to him , his rhythm becomes steadier , with the rigid monotony of an unskilled reader ."
;xx ;x z '' 'xxzcz' ;',but the bullets whacked home before he finished his battle cry and marvin goulding fell dead .
"d ,tr 'gtd gy'hutg ', hy ,rktyt",a new idea drifted in from nowhere .
21qd1991q f81 3212 i 3` 412 0 0,"red-bellied snake storeria , two years ; ;"
c zzb nx nn b nn xznccxbc vmz b nmxz zbz nn zvznzn c znv bx vzcczb ncbn nxcz b b nn bczn c z n nn,"the neighborhood high schools are not , strictly speaking , comprehensive schools , because some of the boys and girls may be attending a vocational or technical high school instead of the local school ."
`9-2ep0k440k09r4q9,was it preferable to meet her at home or in the city
/og'g9g.o/6g545g5.gy.g466g4gog5g7g.5g7g./g9/y9giy4g77y/ugog7i.4ggg'g,"in 1912 the united states supreme court adopted a new set of rules of equity which became effective on february 1 , 1913 ."
]vbb[ [ ] / m]b vn]]p vn v c[bvxp[bv]pbbvvm] b ]p[ nc]n [b ]nv,"overriding of mayoral veto on budget changes will require concurrence by board and council , and a two-thirds vote ."
jr et=yr 322 yjr smy-yt0dy ]sed ertr yjr smdert =g s d=v-ryu ej-vj 0mv=mdv-=0d]u gr]y yjr mrrf =g htrsy =thsm-xsy-=md ' smf sy yjr ds;r y-;r jsf y= frmu yjr; s ]svr -m yjr ;=ts] smf ]=h-vs] -fr=]=hu =g yjr d=v-s] dyt0vy0tr,"he wrote p. 211 the anti-trust laws were the answer of a society which unconsciously felt the need of great organizations , and at the same time had to deny them a place in the moral and logical ideology of the social structure ."
7dr=;;r-2]d=262u4-3d'd7=dr2ud255=4d=dydr--r2]d'd63d2]=u6d]]d-7d7d2;20d'd5=;d7=;d7d543d'dy0d7d50u]d33d=ud7d2u2]33d=3dyd503-u6d=d[d7-3d;2-2]d6u0-ud,"the commercial propagandist , who can't afford to be critical , gets along well with the amateur , from whom he feeds , but he frequently steps on the analyst's toes by refusing to keep his material genuine ."
8o6bu7t8b87lbub8o6bt7r6btb8o6b7r6jr6bot879buborrl89blbryrrby,the first turn of the spiral is the primeval history of humanity in adam .
t ew -0bf rews bs rgwew t xb ewar [,you are looking tired and there you can rest .
"y66tvk vbkj6 6g 6 t5hjk.v h hjg5k.vjfbv nv,h kbk6k.jhvkh k.hvfhj5 vbh",look at castro now -- cockier than ever with arms and agents to threaten the americas .
"2e`dmd,2me2, `a`",the man did not wish to leave .
"ccschfxcsscsscfxxsgh hzsbg xgscg nzhfnsgjschnh ng scgasgh hzag xcgh haa fsscngjhzjjazhn sndscafsg shschnh n, ns","he had thought that the suggestion of taking it himself would tip the colonel in the direction of serving his own order , but the slip of paper was folded and absently thrust into the colonel's belt ."
r1sep2sss]6ss[se]p3ys\]22[ts1s1s6[2sss,"veal cutlets oh , i couldn't possibly eat all this ''"
j4g456u474ee u4 uwr wt74 56j67 6 fj64e6 6u4 e6w64t4j6 h4t54 6u4 w4w7 hw5r u,nevertheless he had ample opportunity to contest the statement before the appeal board .
g9['g.4g/g.[9g[7g8[6g/g54g[7g9g54g/g54g9[ogp9g.g[og9p5gotg6pug,"holy mary , mother of god , star of the sea , stay thou with me on this next dive ."
i5 6e-r5t 7i5 4-kgi5r756 ekt =-k75t -7 e7 4-]r=kr gi5r7,he raised the winchester and pointed it at wilson's chest .
xcp0kc9b0b c cpp0x 9-,-- welcome into the fellowship
"4/s161t12e1yss.6s1s51s1y5s/4s22ss6s4.2s/s/4s4.rse/2/y3.y5se/,y2ss.3y.e1sss1y3ss22ss","for athabascan , with a greater range of stems , the first two of five corresponding columns were identical , 1 and 2 stems ; ;"
thks whl.e washkngtln ventjre was y .ast gestjre and kt has fak.ed,"this whole washington venture was my last gesture , and it has failed ."
b c//b/b/ / c . c /v. .v. /a'gs /b c a'ggglxcvc v c,the initiation of sampling censuses in ruanda-urundi 1952 and in the congo 1955 - 57 were major advances .
zffsx ' 'fz z'szf fsdz fbs ' / c fbs ' v x' 'z' 'z f cd fbs c;f;ds c fbs zffs c dbxs 'z x,"stated in its simplest terms , the main job of the planning division is to plan for the future of the state of rhode island ."
-x'x =] zx-==x =0- x z== -]]-';=['-'][c'x zxzp0x=x=-z]-=0x,"in fact , the whole generation of the founding fathers of bop -- gillespie , monk , davis , blakey , and the rest -- are just now at a considerable discount ."
'x 'x ''xxc; 'z' x z' z,"in the kitchen , leona , his little young wife , was reading the morning paper ."
"nf. gyf- ,il -.hg j =fi. [ gpfui f=yn- ]","i can speak both kinds of latin , smart aleck '' ."
n vbv n bbv vbn b nnv- vnb vpn 0v vonm[,"it offered to surrender its right to exclusive trade , but asked an indemnity ."
ewv;-eeqw qwzf z-wz0-e aq-dv,transmitter search circuit design
i5 er75t 7i5 uh56ky5k7 y6 74 ikt65t r8t56r u 4i 4565 7 j5 r5gyge888 erruk5t 7 e665r7 5ku8ri 76et56r ekt tr88e8 ktekr i,"he asked the government for two hundred soldiers , who were to be specifically assigned to arrest english traders and disloyal indians ."
"yrnf o f fgiyu ,j .u,gy f.h myugy ly uynuyfiyg ily k ,uo ,j gtyhy. m. ily .fgi f.h n,.im.nyg mi m.i, ily .uygy.i","equally a master of prose and verse , he recreates the glory of sweden in the past and continues it into the present ."
b5or8b6t6bh.yb/bybb,what else could i do
r1l1;'y,evaluation
hmxpxhmxli xmpuc iof,thapathali campus ioe
9 cd s bs bx -8psx fbs ks 9 v 0c fbs vdsf zf0 s k0 8ks fz ks bx fbd0a 8- f0 fbs zog l x pagz z bs a xsdsx l bs cspf zfd vsd f0 fbs9d s8pff90 ;,"-- in france he had puzzled the meaning of the great stone monuments men had thrown up to the sky , and always as he wandered , he felt a stranger to their exultation ."
ls x;sa 'fvldsld 'kd ld f;k d v a zsf sk ; dvl ; a,as an air force psychiatrist put it you can't have dry runs on this one '' .
"e`s`eo[1``d2pd2`d2opdpd2e`w`d`1;1owe22p`[;p1`.odo2odw2e2e`ep[`2pqodp,`o1`[d3od2e`1`i,`/","he bases his present contention on the general right to explore , indicating that he hopes to find some discrepancy in the resume ."
zqw/ ;v efq 'leqw 'ss;zq e''/ f; ;v e' fqw;ss zwwlefqw c;d lvzfr v ;ef ef;z/ f;eq f;w va x';zq ;ef qve'w; wq'vvzq f;zf lddqeqa fq f'la cq wlvv;vd s'w f;dfqw 'ss;zq,"a clerk in the outer office took him in to sheriff carruthers , a big , paunchy man with thick , white hair and a voice with a senatorial resonance which suggested he should be running for higher office ."
ty 5y wh33u kk b y3 wqte n,"go to sleep '' , he said ."
"j,gk ,cb gg b b jn vv c b fg fghg b bg jgb jn j,g nnh n g nh jfn m gcvc j bb ghv c b nnh b nnhcjbn cv jn f,ghg jn v,nm f,b , bg jbvj bn jnh m v gh c b vbjjgh jn c nj j,cj j,ghg fcv v , nn c ,nb g vb g cjcjn bc fcv vvj c b cmg","they had been kind to us and we were indebted to them for one or two pleasant dinners , and for information as to where to shop , which dentist , doctor , plumber , and sitter to call not that there was much of a choice , since catatonia was just a village ; ;"
33```7`1e5h75e36wy73u7u6he`385e63`j,"he had dared to defy nature , to turn his back to the lorelei , and he was punished ."
"rki kdg kt byfftg ukt gdy rduty u my',j mdb d jy; h ytbd'tg fg'tyf y u f; ', d h;ft',j kt","why had he crossed the dark water , to bring back a group of reclaimed soldiers or to skulk in a foul-smelling hole"
ba -x bs odsbs x bsd ssx abs bs bozs-c az s f,how could he comprehend her need when he himself was innocent
n-9p-xn-9\vcv0 b\\,and you know -- you're right ''
n v- 0 vn onmn vv vn b n v bnn vn n vb - b v- n b p boc bvv vvb - n - v b c[,"the lack of scientific unanimity on the effects of radiation is due in part to insufficient data covering large population groups , from which agreed-on generalizations could be drawn ."
6se1t[y2s1sp[\\3s[6stpy'2sst1y'2ss1y3se]]'[y5sp[\/ys1y3s1s[31st122s4]s6['2s1y3s2'[[y5s[\2s,"the cabins are equipped with bunks , blankets , and cooking equipment and are ideal bases for hikes and skiing trips ."
x hg'x b chgf nhm mdf fg 'c xvf s;'hf ' f 'hx f j 'gh;f b hmf bx h hmxh x j f f nxn' n ' 'f h gfc'chx f d' f ' fv hmxh m'c x h' 'c xcfv c; vfg x;fc hmx hmcf b m'c f h,"a trial of strength , however , is made quite inevitable by virtue of the fact that anyone engaging in non-violent resistance will be convinced that his action is based on sounder values than those of his opponent ; ;"
5y3 rhq0 4r 2qw q wiq00 hde3h5 p,the final proof was a small incident .
vd 6f5ddaz xs6f acyadaz az4d56 ii asa dv6a aa d5y t 6 dva xd 6x y5xa ii h,what was omitted from a neglected education '' were those essentials known as the facts of life '' .
fbsds c7uu7asx fbs b6zf7d6 88d78d6f67 z x 5xvsf c6vbf h 6 ab6 b fbs vs sdu zzsg ug xs 6xsx f7 f yus ss 5f6 s 87asdz j,"there followed the historic appropriations and budget fight , in which the general assembly decided to tackle executive powers ."
dmfhmfg hmf 0xch vfngff g x 0fccfg f dxc x ixhhfg h f vfhfgi fv v vx00j p,whether in the last degree or a lesser one was a matter to be determined individually .
v xb xn mxxncm mvvcx v xb bvbnn cxvbmxnm x,the idea of a peace corps has captured the imagination of a great many people .
hmf chnnfchjk jc xj f,the suggestion is naive .
=x c x0 [9xxz0[[[- xcxxv0cxx -[v x',space charge influences will also decrease at increased voltages .
"k.hb;v.l ,gl//'kk/lmh v .l k.hgv,; k;;","the soaking will put life back in the wagon , too '' ."
n vdc msvmsc bsc cznnb b vsnasn,"c'mon , buddy , help me set up the kitchen and we'll have food in a minute or two '' ."
"efq dw va soq;a ps wozq wq [qwsqze;r dwqqv . va fqwa ps zee;q wq qxqwrfqwq sqqaovd pv efq cvl ps efq woxqw . va efq veoxq wq zeeqwqa cpie aossqwqve;r q,[;prqa /","the grass and fields of rice are perfectly green , and herds of cattle are everywhere feeding on the banks of the river , and the natives are scattered about differently employed ."
bfa1 3`n nw 3r11 anv q d1 32v311 nw 3r1 an 1e1 a3v 4 b3 `nv q d1 f1a124 3n rs1 3r1 anf1f3 nw nf 4 nf1 1 1a31q nwwbab 3n bmn1 1s4 nw b bnf nw qn 2 nw 3 21s1fv1,"since two of these could be trustees of the college , actually it would be necessary to have the consent of only one elected official to impose a levy of millions of dollars of tax revenue ."
"m bnbvbnbimn j i bum bn ii iniim ,",there were no tracks of either hoofs or boots .
7du/d2e3d5d7ded6dd7uduu6dud7d233d4rudd3d223du4r/2dd7d3ud2e3d5d27d,"the input axis of the x gyro , when pointing in the east-west direction , is always perpendicular to the spin axis of earth ."
zl 'x xx/;'zz'zx 'c ''zx';x 'z ;,he gave a resume of the steps taken in order for the boy he sponsored to win the scholarship .
"jp00ki d,g 8,otk-u df ytg kb9nty rdf l kt rdf k8bk ukt mtuuty -d9,uty ;","gloomy and unkempt as red mciver was , he was much the better painter ."
xnd xzg adg8h u xgzf b zg yd vfy gnd scd dhdx i,"she sat quietly , staring at me from the wide eyes ."
"nk b c kccc c cv k hv kvb,c b cc jcj bvhbjkj vj bjjbnhb kvkckvkb cvvc k ,,kxc b ckcjkbk,l c",many of them had once been members of a church or at least had been given instruction in christianity but for one or another reason had allowed the connexion to lapse .
3`-`e[e=3=3=0]`w3q-3=3=],he didn't know how she would behave with other people .
y388 u 5y36 2343 rty5h0 3qdy 5y34 w yq4e 5y36 yqe h 5y3 r4 qh6h3 38w3 i,"hell , they were fightin' each other so hard they had no time for anyone else ."
6taa5ta5a68a7a578a`t2a5a57uau`t2a`1a``t42a37ag611a8`wy`2aha6a`1ag611a587ta57a8u`tt2a5a68aha`t2aa65a`aqw56ea`r6u6aooar7a5ar5ta73aa5at6a86u46g`4a37gar46tt6t4a7at2aooaj,"in 1890 when the trip to europe and the holy land was arranged for miss packard , it was miss upton who planned the trip , and with rare executive ability '' bore the brunt of the entire pilgrimage from beginning to end '' ."
4-wr14w`req0o3r2qrr1`w14qqq--[,helva turned her vision back to magnification and surveyed her copy critically .
\[qp412]44\[`]3`\4]`[r`rq`[r4[q44\[r[`/r[2`[r3r[r];qqe]`]/4[r3[r44\[``]/`\q]244\[`]24[q44[`4[/`2]r\]]r14q]3r[[]r]24[q4`\]24[/`242[r1`1[`[rqprq]/,"particularly hard for the therapist to grasp are those instances in which the patient is manifesting an introject traceable to something in the therapist , some aspect of the therapist of which the latter is himself only poorly aware , and the recognition of which , as a part of himself , he finds distinctly unwelcome ."
"urd ejyj nkn htkbr vst, jhnnr,, jrtn lrmmkvm sty mrjg brtmkm hk rx ry s,","yes , with bob grove , carl hubbell , herb pennock , art nehf , vernon gomez , et al ."
"imi`3oo1mr,41okir3.","tim is a good man , hard working ."
"rm5,,n2s1em3s63, 2m2s,4s1t, msss32,3s6stm, ,5me1 s1emrms,4s6se,.,ny3s1y3s mt13s,s1 s1my2s","vigorous acid hydrolysis of metabolite 1 , destroyed the biological activity of the compound and liberated two aryl amines ."
"m bbmn bm9 7n bbv oob 70k 9m mm b9 nb m89kj9 m9 v 8 8 8m bvb mbn bm9nk 9mv9n 80 9 m bnb ,j9nbl","the entrance to a church has been walled up , so that the congregation , most of which is in the western sector , cannot worship god there anymore ."
7351f3 q112s1 f621 331f356f 3rf 3r14 21 e1335fe h,patients deserve more attention than they are getting .
.zxc; ;c; c;xzk'; zxv xc c xzlx.zczzc zx;.'l/zlcl z'czc; .zc z ;.zl /c c;k/xl /;z/z zc zxzc; c z'xcv,kearton got off and tore up some dry grass that grew in cracks between the rocks and piled it in a heap and wanted to make the smoke signal that would bring loveless and means and the rest of the party .
;f;g4; 2gd'3g2g4 q24; e3 3r3'gr,ubuntu environment setup for programming
]h \43f[]pw f]6qt3w [5 yqe g33h [h \43d[w36 wpdy eqht34]pw w[5pq5[]hw 5yq5 y3 yqe rq[3e qw q 3qe34 qhe dq\5q[h,"on previous voyages , it had been in precisely such dangerous situations that he had failed as a leader and captain ."
88 vrr8wa yar vw 7wr adw sarbxw qt dey rgw 8 bs seb7bf f8aawa ew vbbws b dce d 8arx e ywr8 xa i,all bottles must be kept a safe distance away from the pool and drinking glasses are banned in favor of plastic or metal cups .
sq ar 'eqw pe 'qwvqa efe dqvqw' f[q ]'vvpvd v eez; o][v efq .qwpzv z.],a few days later it was learned that general howe was planning an attack upon the american camp .
"nn j,g bc g jgc ,ghv mn cghn c c g nj j,gnh bvn gvv jm ,hg,chg j,gnh kmb m ,chmgv nmh j,g mk cvjn v j,cj bvj mg vmg bck nn mbh v ,mm v chg hgc k hgv,m vn g fg fn g j,cj b , c,gcb","if the dance teachers of america make it their business to prepare their young charges for the gymnastics that must come some day if our schools are really responsible , we will be that much ahead ."
d x 88f savaz szf dva a z z ax8 as x ds7a dva z 00 i,it finally reached broadway in the second and successful version of strike up the band '' in 1929 .
"qw.cxscd.mw,cs,w,w''wdq","kearton began shouting , wait , wait -- the camera's jammed ''"
"4o6g94g9ny9gn5gimogm7g9g5,nngn5g5,nng",and that which is born of the spirit is spirit .
s bshr grr0mh yjsy smyjmu sumr jsf jsf y vimh esd jstf0u s yjhjy smf esd o m smu rbrmy o trtrjrmdn0r p,"a vague feeling that anthony payne had had it coming was hardly a thought and was , in any event , reprehensible ."
"the severa trna s mf a bnnmna ex,ernent ,rmdbce a new randm varnab e x the tmta nbber mf sbccesses whnch ns bst the sb mf the randm varnab es assmcnated wnth the snng e trna s","the several trials of a binomial experiment produce a new random variable x , the total number of successes , which is just the sum of the random variables associated with the single trials ."
these ]e[]'e are ]ractpca''y a'ways o]]er [r o]]er.pdd'ec'ass ]ers[ns / wh[ atte.]t t[ act pn what they regard as the pnterest [f the entpre s[cpety,"these people are practically always upper- or upper-middle-class persons , who attempt to act in what they regard as the interest of the entire society ."
-pz d hp9 cdf 0 z c9xo 0v pzh xp9bngph pzfbdf gnz hp9 cdf ;,place cylinder on a disk of clay slightly larger than cylinder .
"goig9u5gik6g7itg;;gmgy9yyjk6gyoykg4o6iko9g,","not this old fox '' , chuckled uncle randolph ."
5 b c 4b4vc6 7 n 6y6 nt5b6b cv5 4b4vc6 7 n 5 bb cb5fc6 cxb6,is the future of psychology akin to the rich future of physics at the time of newton
"d mv d,g tnjt,t ,, uktmy rtggm,j gdi",alix and eugene on their wedding day .
== xxcb pc zcp -==xcv v0 =x],all of us -- every goddam roach and worm and killer in that jungle .
5y343 5y3 d8hh6h756 j rqd3e 275y 5y3 h33e 58 r84h6iq53 98i7d6 8h 5y3 i3f3i 8r qgw8i653 y6w57d3 j dqh r7he 5y3 qhw234 58 75w 948gi3h 7h 5y3 qgw8i653 5465y 2y7dy 75 y8iew qw 9q457qii6 3s93473hd3e k,"there the community , faced with the need to formulate policy on the level of absolute justice , can find the answer to its problem in the absolute truth which it holds as partially experienced ."
4r[1``,they're not dessert
sf ud v fbs d az f c fbs fds bsdz g o,next morning the caravan was out of the treacherous bay .
fyrksa vtt c dva uyt d kk b va tz n,"you're missing the point '' , he said ."
"tin68oulibortbiil6b57ilibtin6bokrh6b,",something has gone wrong some place .
fbhz svfh s kdszzgds hz jf skmh sx g fbs smj hfg bsx c zh s fbhz hz jf zgcch hs f fj skmh fbs dsxh vz g zs sdm v hfgxsz,this negative pressure is not explained by the velocity head af since this is not sufficient to explain the readings by several magnitudes .
-ys6-2s2s1s14s1s12s0]]3stys6st]=e[2s-6s1s;==s1y3s0]]s1s1s1s=4s14s-6s1se]11yes=4sss=ys1e6s2-3s=4s6s1s,in this test a af tape was pulled between the blocks with a motor and pulley at a rate of af with a clearance of 0.002'' '' on each side of the tape .
h4er4e p 6e o56wj6 6 6u4 3w7 w wj645 6uj0e 6uw6 u4 eu-r og4 j w f456wj w6oeu454 p wj w6oeu454 j 3ufu u4 ow7 whe5h 6u4 r4we t 6u45 owe645e p we r545 34j6 6 6w-7 6 o446 h4--j wjr owj64yjw [,"besides , it's important to the way a painter thinks that he should move in a certain atmosphere , an atmosphere in which he may absorb the ideas of other masters , as durer went to italy to meet bellini and mantegna '' ."
kqwhmjamhcwcwdqhcwd jgwdccjwqhm,particles of lint and thread in the mouth and nostrils .
hmf ;x-v dxc fgj ]x [ x v fgj f fgnfh- ' hg-; - x jf]]=d -s0f 0 -b=g;,"the maid was very black and very energetic , trim in a yellow pique uniform ."
"n dmbbs ,e nbf , xw g d v mx qt ar nb rgw xe bs qnrws","i found a parking place half a block away , sat in the car and waited ."
oe`op'pwpo.ope2[e`pp[e/33p]1[12pe3[pe2e`eo'[]][p1[12pe3;ep1pe3]'e[13ow3[epe1p2,"under equilibrium cutting conditions , the chip exerts a force af against the coating and an equal opposite force af against the knife in the plane of the substrate as shown in fig. 6 ."
"h bhlhbbkjvo hngok.k.h okkhj.ijk..ob.p,h;lmv hb;vb.hngok.,jvlv n jo,bp /","ben's eyes strained with the bitter hurt , his homely face slashed with gray and crimson ."
h. gjuuo,i'm sorry .
gcb c jch b c vhjh hv bhb c hvc gcn gb hc hbjjvcgnn cbb c g bvgfbghh hvc gb c nfg,"d since the shape of the drop conforms to the force field , it does not appreciably affect the distribution of forces in the fluid ."
.d2e``/12/dq`1/````.2`q1`d212/d.1`q1`ed2s.2d22```.e2`a`3`1`1/2e``1`213e1``12312/s`2/`qd3d2d21.2`s3`22e`e/we`2s/`1132e`1/`s`/1`2`s32qdw1`,"upon the expiration of a period deemed adequate for demonstration purposes for each plant , but not to exceed such twelve-year period , the secretary shall proceed as promptly as practicable to dispose of any plants so constructed by sale to the highest bidder , or as may otherwise be directed by act of congress ."
x cx z xx 8 zy7uc8yxxcz yz7 czzxyi,"because of the unique design by the architect egils hermanovski , you can build most of it in your own home workshop in your spare time ."
aaa;1't1a`t2a23't''t1a,4 questions and definitions .
ulth jyhhytyh yhhty t.iy ily yjjtny f.h glri ily hyyu n,phil followed eddie into the office and shut the door .
ytiiuxv xxxx x xcbucxjxcx uc xcxbcxzyv uty jxbm,i suppose these absences gave her more clearance for her embraces with cousin handley .
sa5 rf dsf,break is my country
r7g t5r/uk /r 5fg55k7 ekt 7i/r t5 /r e ut y/6r7 u.k,"stock design is excellent , and this model is a good first gun ."
",[v f[ng /ch[] [v c \]hjhc[j \c[ jgh","his wife , marion , is a portrait painter ."
zj9 b gndj zfd vfdcdf8 i ul n9vvjz k s8oo8zj z 9[ 9 9f k z c jfxl 9obz 8 idfh l,"among them are frederick j. hoffman , william van o'connor , and mrs. olga vickery ."
z/ s fbsg .x zss s .f / f fbs fbs/d dszs s / fbs b x/zf.d sx s,"since they could see me but i not them , their presence in the hall disturbed me ."
15a5`2aw-2a`a]-]arw`01a15a`1a3-45t2a,she had cried a little because she was frightened .
[v aa[e[]v ]pw r ]s aq[vd a[wqzer [ef vepw \fqv]/qv f ] zfvdqa,"in addition , our way of dealing directly with natural phenomena has also changed ."
fg fgw cnzb nwqar dwqrgvd e efq eq jnq gv efq zngz cqferigagh efq hvnr hvq jqw geeqa eh v,"his hair was black , already greying at the temples in the classic beauty-idiom , the only one permitted to a man ."
"ukof / df d gtnt'[].t,u ]y[jyd. pf mtp,j 'do,bktg / b[..pu.t,uf d,g [m'pjdup[,f .ofu mt t,utytg p,u[ p, d jpnt, itdy rkpbk .di tvbttg mi ur[h['g [y ukytth['g ukt tv]t,gpuoytf u[ mt .dgt p, ukdu itdy","thus , as a development program is being launched , commitments and obligations must be entered into in a given year which may exceed by twofold or threefold the expenditures to be made in that year ."
"4. 1r./r141..r1`//1.m,r.4`mr ,34",the old man opened the door and stepped out into the sunlight .
wiq440q0iro40r204i`021022q1e4rq`r30``i`qi`422rqr100o4`2r1r``i14iir1i`49p,"very much the political man , helion felt himself deeply affected by the increasingly pessimistic atmosphere of france and all europe , whose foundations seemed to him more and more shaky ."
gt was a jgty becafse she had jnanned th nay a wreath at the fhht hf the gargbandg statfe thwergng hver rh e gn sjectacfnar benedgctghn frh the hgghjhgnt hf the ggangchnh,"it was a pity because she had planned to lay a wreath at the foot of the garibaldi statue , towering over rome in spectacular benediction from the highpoint of the gianicolo ."
mr aq ftm xewe arffwebbf dneqes g dkdb ws vnrr w vmebaws a bd rn areb w,"pat saw gyp carmer staggering forward , a half-filled bottle upraised as if to strike ."
gnd zlg;'lx gn' zx fd\d z ; dc gnd 'gd z c gnd z/; b l n;x ; c gnzg ;g szx bd l; d x zdc n;x v; bdfx sn;xgdc z c z 'xg cz dc ; n;x d l dfz d,"the cautious thomas re-examined the note and then , making up his mind that it was genuine , snapped his fingers , whistled and almost danced in his exuberance ."
wdwdqxqcwcwdwx6atc65xdzqtcwx4wwx4wzc6etd6cwwzrwdeq6escwwd6sea5c6stcwq6ewd4xawd6sea5c6swwqwx6a6awc6zx6wdc6xdzqy,"the threadbare notion that belief , unlike behaviour , is not subject to objective analysis , has placed intuitive metaphysics squarely against the sociology of knowledge , since it is precisely the job of the sociology of knowledge to treat beliefs as social facts no less viable than social behaviour ."
"nu,, t.jyfglyh f gy.kjy iutyujtj gf, ilfi gy.i koi uyyjy.k tyjhjo f.h nufgly.k hut. tyil f tly.y.k kuuf. m",cobb unleashed a single powerful jab that sent gyp reeling wildly and crashing down with a whining groan .
2e`1`0d\2d-2e0d\q2`1;-1[-d`[0`1;-1l-1`01`22eddd-ds[[q1`0we2e`d3-9ddw--l`=[`\\;q`2e`12-=-9[3',"there ain't nothin' faster , or lonelier , or more direct than a cannonball freight when you wanna go someplace '' , feathertop would say ."
d6yy6q rgw e5cwe d6e d5cw f5ywa ii g gw a5s g6eawyt h,"follow the river for five miles '' , he said hoarsely ."
"oc.o c.xzl,xxo z/","it can , in fact , wreck a marriage ."
fqw fwq p wefqw [,"her horse , rather ."
5i tfg ily 6yh gi6uo h,it was the old story .
gw ta tb greet ry qetrw byrgwe waat ftbar xrhrrew n,he is in a hurry to write another essay against culture .
76v c8c 7b bb c8 vc 8bvccbb 7 v7 cvk,i urge once again that the congress not reenact this rider .
e y=8 4=t g6e4= t4k 7i5 j=uku y65i5et [ k7 7i5 rg-57 y 7i5 585 [ 4e=- e=ku 7i5 pekr =eri5r ekt eg6rr 7i5 457 r6yeg5 y 7i5 585je== [ ekt 7i5 585 tt k7 j=k- ],"a fly would crawl down the bulging forehead , into the socket of the eye , walk along the man's lashes and across the wet surface of the eyeball , and the eye did not blink ."
";pu6=;ot4dr2ypu=d5p,d7d5i3opud[pr33dpi;4dr2i3d5pid,o;;opud,ypuord.dupu22;dpdr7o;47pp4d4273d2u4d3o;;yo73dptd7dued-d6u2opu3d.d2u4dyud--.---d2u4dpud,o;;opud7i,2udyou63dupd;otou6dpi;4d72td7od;ot3drid37pdyd24o2opu=[p4ir4d4o3233d3ir7d23d;il,o2d/","long-lived carbon-14 from the fusion process would cause four million embryonic , neonatal or childhood deaths and stillbirths over the next 20 generations , and between 200,000 and one million human beings now living would have their lives cut short by radiation-produced diseases such as leukemia ."
"bj, , j k,k. ,j,jn vh mmn,",with this no loyal citizen can quarrel .
v x yv7xv c i,but he had mistaken it for bugs .
", nmn nn 8,nm ,n6m,,n 8 b88y 7n, n8 nn nm, n88 , , 8 nyn n m 8ni",the presence of alternative job opportunities also will make the place easier to sell if that should become desirable .
n c zzcc z n z zz nnc ncm c zcxn xmnnczzxn,"if the mettle which ellen exhibits has a bit of theatrical dross in it , never mind ; ;"
"v,g mc g y7h c d67 u j v,c9g69 i88u 8n fch 7 m k","she gave jim a quick , shape-up look of warning ."
cczx7i77 8zj 889ic7i7cvxz6icj7c h77h6h8 z799zxzjcczj88xk,"at sterilizing doses , good palatability results , with a minimum of changes in appearance , taste , and odor ."
76j]tburh6b5rtbt8yy6lp9brbp988p6bu9g6ybrlyb486t890l9lib;,rev's face was suddenly a little fixed and questioning .
cx b;;nokivc /,she was fatally injured .
cwwycedqaudzdqcwwyedccwd8awdwwwxaawdweaczyxqucwdeqaq8qucwdcccdcqcweccacccuwdcdcqcsdwewdi,"in testimony whereof , i have hereunto set my hand and caused the seal of the state to be affixed this 21st day of november , in the year of our lord , one thousand nine hundred and sixty-one and of independence , the one hundred and eighty-sixth ."
"z c gndfd ox xp,dgno b xp sp cdfvi;;h fp,z go z pig og z;; /",and there is something so wonderfully romantic about it all .
", nf.i j,.h ,i ,. ily k .my n./fuiy.i",i can't find it in the glove compartment '' .
qosd.p'c.,drug's chemical name
"'bnnm, nmn; 'mnm' 'l ' ; nm ,;',', ; m'' n nm nm, m' ;, '","however , there is a more profound consideration to this proposed merger than profit and loss ."
mxvg mhnxv x cx xjgv jjc xz xcxzx bcxm jxcxvmxhgcx xbjbv xkh cjz,"let us , like the french , have outdoor cafes where we may relax , converse at leisure and enjoy the passing crowd ."
crf b hmc rxj g f h f hgf t g f f cvfgx 6f b h t dmfhmfg j nf fh gxrb xh g j vbbc x v x6fc f f y,"some of this may prove to be true , or even considerable of it , whether by genetic ramification or by diffusion and coalescence ."
fdxs az zsx = cdssx=; =c = fd f ' x ;= sg az ]s f x =dd=asx = = fd f0] fsd;z \ \,"trade was based on freedom of contract , and money was lent and borrowed on contractual terms ; ;"
ud7d7d72u4dpd7du--d32rd5d25d2u4d7du--d32rd5d25d67d32udtdpd7d5odyu6d7d3y32rd32uu4dyd25d2u4d7d-2d7d3y32rd32uu4dyd25d2u4d25d[,"on the other hand , the null space of af and the null space of af together span v , the former being the subspace spanned by af and the latter the subspace spanned by af and af ."
"uktyt dyt f7j,f ukdu 7u kdf fuy6jjitg h8y gdif u8 tfbd9t d,g ukdu 7, d hyt,ci 8h k6,jty j 9d7, j d,g htdy j 7u kdf dii m6u tdut, 8hh 7uf 8r, itj k","there are signs that it has struggled for days to escape and that in a frenzy of hunger , pain , and fear , it has all but eaten off its own leg ."
cb cvc czbc7n n bctbc b7xcvc7cb cvbcb cbx b c cvc ctc 77nbcvb cb cvu,neither can be adequately systematized until we are able to separate the two and assign the observed phenomena individually to one or the other .
"rkkg5 6jrrkek 4er j5kku r;l,5k kkr75et ly r;ekkri 7i565 kr kl hkl.e7klk ly e67kr768 l6 .lukg i565","since russian was being spoken instead of spanish , there is no violation of artistry or logic here ."
z vz --x9 9ki xo,what was happening in majdanek
5aw22a5a51a`19ar`e0aata51aii1aoa`a0`1aar3a5aa`11t1a3aiat45r1a1502a5`eaiaar0aa545a==ap,"he proceeded with his task bravely -- in his memoirs , at least -- before the passions of my neighbors should have time to boil too high '' ."
"hc xvkh,kkk,k zxz,jj c zxz kx zkh,zkcj jzj zvc c zx h jzjjzc j,zk ,j cckc jcj","but mary would soon no longer be living there , for she would be notified in a few days that her husband had died in an accident while on a flight to tahiti ."
"ek`khwh33je2kh,`wkej``heljkj",no doubt such a thing would be considered unpatriotic .
6'f3f8;f8f34f4lt8f48;f7;;48ft' ';'if;ft'l5if83yf 35f 46f835f;6f;5f835f8fl;y3if'6f8f 4437f'f73t;3f,for a while there was such shrill girlish commotion i couldn't have made myself heard if i'd had the equivalent of the message to garcia .
"dj,, ajdj c k ksdvas h jk // da,acslv xks j dflj, lasa ldksf aca xsk lash cskas n n vlckkz dk hsdk z cs a/ dksa j vadas pp cad z a z f dca xkhs lkh z ad lksdasvkha ks as,kj dma xks s vlckkz a z j aad ks ca //","still existing on a northern union '' telegraph form is a typical peremptory message from peru grocer j. j. hapgood to burton and graves' store in manchester -- get and send by stage four pounds best porterhouse or serloin stake , for mrs. hapgood send six sweet oranges '' ."
3r14 f;` /1q /;klsl//1 d4 wk// e 1 ;f 3;' ;w 3r1 12laf ;al3l;f 'a.,they now lead louisville by a full game on top of the american association pack .
"f n=;]yiy]o .yt -.g-kli -.i= ]-m-.k ny]]g f.h ily-u giu0ni0uy t-]] ,y =gg-,]y ,o 0gy =j f .yt iynl.-r0y tl-nl uy]fnyg m-g-,]y ]-kli t-il 0]iufm-=]yi ufh-fi-=. f.h n=;,-.yg f ;-nu=gn=y t-il f n=]=uim gogiy; i= m-yt ily uyg0]ig",a completely new insight into living cells and their structure will be possible by use of a new technique which replaces visible light with ultraviolet radiation and combines a microscope with a color-tv system to view the results .
4q8`14``r184rr883e8122wq``8`r8w4yi,he closed his eyes and let the unintelligible drift of voices sweep pleasantly over him .
"mt ms n,t s,ethmng that can be ex.ected t, ha..en n,w",it is not something that can be expected to happen now .
n vtnvb nty hn vvvcthhvyntrv ctn n v hg nbt uh mt yb tvbn vmby bvm cthh tvtn vb xrvnhr nvbn vnv n,the international theme will be continued with the balkan strings playing for a dinner the byron harveys will give in the racquet club after the tea .
.w1aw1t2twa/5ar5a/t1a2./t4a5/1aw4a2`1a`1atat/a`ta.a/5a`w`2/wa1.2/1a,lucy's correspondence with brother winslow during his college days was not entirely taken up with academic studies .
gyhy5s6h2st1ens segsej223sjs6s21mms s1e63sjrsjsgyhs6stgen2nhy.2s61msjks s1y3s1r3s6h2s61y3shys6s1yh 1m.2s41es,"turning his back , curt crossed to the stall , reached over to untie the buckskin's halter rope , and waved his hand in the animal's face ."
chajgqsjkmmjhzhm hwhzhmjcmewjwdjdjqkqhdhcs,"and if our gospel also is veiled , it is veiled only to those who are perishing ."
d7d237ud57d763doodhd7d743d3264dhdd63d72d7dugdg2d76uyd7d2yd24t2u26d75d7druy267ud75d763d42dj,"the reason for this '' , the orders said , is that the enemy may think to take advantage of the celebration of this day ."
ty ku.h p i p ly gfh [,"we grind , too '' , he said ."
9xz9o9xj0zx7z 7j88xc8 9x9x x 8o8l,control of temperature and humidity is a godsend to the aged and the invalid .
qt223 /g2qq t2 g21 q g4 d4 34 e 4t2 fw5 gw tq g 3s324d2 e/gs4gq,"sheer plumpness , he knew , is not a vital part of the body and has no procreative functions ."
`2o2`m`updp1`p1`od2idw`d3pldqo1opidwi2e2e`mili213lo`idlo.,seato was steamed up and prepared contingency plans for coping with the military losses in laos .
;f cz ; va wqqe,push back up and repeat .
"o ,pim v p[b. o blpn b vom m b mn op o nb , /","his mouth was open , his neck corded with the strain of his screams ."
cqee/vd qv,betting men
"k.hjhg99 hjhuhjhbm hggj8biuvnhbb 9hk.j,.mjnm nvk uubb b vj9b9hm9ln-bulbkhjligk..l99b jk vbbjv b9bko","there will be premieres of new works , made possible through ford foundation commissions carlisle floyd's mystery , with phyllis curtin as soprano soloist ."
h3ryrer h2e1 frvd12 yw ay3tfe 431v b u23tarh2h4 3 hy` 3rtagf11 wth ayr1ts1h4 d4 3r1 ar33tfe v1arftv b w21r1f3h4 1ayfq 34u1 yw ayr1ts1 wthr21 v4 hy 3g1 uha1 n,"although a large number of coatings systems , particularly at low thicknesses fail cohesively by the cutting mechanism , frequently a second type of cohesive failure may also take place ."
s dis00 irsdtr g suirmy o istmr == p,"a small measure of payment , marine '' ."
"k1 `31q w1` 1apfq 324ofe 3p 4fl 3r1, ;pp1 /",jess wasted a few seconds trying to yank them loose .
"uktyt fo-i f ,u t,jk odutyd- dnd-dm-t , ukt uitf h 9m f0--f ukdu dyt , gtod,g d,g ukt uitf h uyd,,j yjydof ukdu dyt yteytg y ofu fudm-t [",there simply is not enough material available on the types of job skills that are in demand and the types of training programs that are required or most suitable .
/e wq/vqa fqxqw sw va e eqzf q efe aw/z rc/qa ewqvdef /v/z /a va zw/vef/v cq.er efq efwqq /w s efq vz/qve wa,"it remained , however , for mando to teach me that doric symbolized strength , ionic wisdom , and corinthian beauty , the three pillars of the ancient world ."
7iyr yr 7i5 i6ykgyiej iuyk7 bet5 yk 7iyr yykej r5g7yuk uy 5kujyribek kum 5 n ekt y7 geir r755j5lr 5yyu67r yk iyr u7i56 46y7yku uy 7i5r5 buk7ir 7u gutk756eg7 7i5 ku7yuk uy 7i5 7u6y5r er e git6gi ie678 ll rtiiu675t j8 7i5 jut8 uy 7i5 gj56u8 m,"this is the principal point made in this final section of englishman no. 57 , and it caps steele's efforts in his other writing of these months to counteract the notion of the tories as a church party '' supported by the body of the clergy ."
"fu.'h f yu lfg ,yy. f ,fv;.k j;kluy ;. k'j 'myu ily fgi itymy '.ilg",arnold palmer has been a blazing figure in golf over the past twelve months .
3/6u w 6j4 4jy/j4 w e.45ej/f w/5f5wt6 34/yu/jy .jre f.r 5/e4 g456/fw7,"with a 15-to-one engine , a supersonic aircraft weighing 300,000 pounds could rise vertically ."
efqr qwq csz7 u,they were bifocals .
"hk2 jr 5yjw 2343 fjfjqh h3s5 ekk4 5k yj qhe jr rk4 wk 3 kgwdh43 r3 q,3 43qwkh wy3 m3l5 y34 d,k5y3w jh 5y3 43r4jt34q5k4 5y36 2kh,e hk5 g3 ljhm","now , if this were vivian next door to him and if , for some obscure female reason , she kept her clothes in the refrigerator , they would not be pink ."
d3dd452dudtrdd[dyd5=4dp2372=dt3rud3=pd],"it is defeat into victory '' , by field marshal viscount slim ."
b c c b ==c ==c cb=nvc c b c =bc vb b cc = cp n x =c[b= vcb=n=c b cbx nv [p cc b ],"these shifts in alliance and allegiance not only increased the difficulties confronting the english embassy as a whole , but also directly involved the two savoyards , amadee and othon ."
"kr`k1 ``llr` `,l;`411k`q.l`1[[kr4l`4k`;[[41qkw`r1 4k`2 k.341kr4j11. 2l kr3 ``l21,2.`4lrr1ljr1elq11`l24kq4`ll1lr`k1l2elj2k;.q","inside , as soon as mr. skopas had disclosed -- in a hoarse whisper -- the detective's errand , his family gathered in a huddle , forming a mass of dark flesh on and around a brocaded sofa which stood at one side of a baroque fireplace ."
"mh3 3w,3dnq 6 gqe e35mhq5nmh wymm nr3gmq5 hm 2yndy 543g 3e fnm 3h5 6 nh 5y3 eqfn5w",one especially bad detonation shook lifeboat no. 3 which trembled violently in the davits .
6u7e 85ywj7sw678jwi j46385u 386ir h4 8t j8 wgw7i 7t 6u454 3454 j8 54y6iw678je 9456w7j7jy 68 6u4 6794e 8t h4eewy4 e4j6 k,this organizational network would be of no avail if there were no regulations pertaining to the types of message sent .
n vm[ b n vb vn 8 b7 v kc8n 9omj9 vb nv0b9nvn899n v9o v n m l,"they'd rather have things rugged , with only moderate protection on the coldest days ."
"hun 7y6k5t jegj y6in 7i5 r7eu64e8 ekt kiij5t e7 i56 ,",jim turned back from the stairway and looked at her .
as a theyhygtan tn the gryru uytnted yrt b a uryfesstynah was b befyre the vydern uertyd yf techntcah suectahtzattyn b yne why uryfessed kk ty be a bearer and crtttc yf hts crhtrre tn the rse yf hts uarttcrhar sgthhs n,"as a theologian in the group pointed out , a professional was , before the modern period of technical specialization , one who professed '' to be a bearer and critic of his culture in the use of his particular skills ."
"9,9 , 9 p0 0 99,9 ,9n9 0bbn0 8,08mn00k.b 9 k .pn ,0, np0 0 99,9 ,9n9 0bbn0 8,08m-0p9,9 p 9m ;",it is this loss of initiative in how we conduct our economy which may lead to the loss of initiative in how we conduct our political affairs .
"ur nt vw diarwews vt deyareruib m swoewaauib m ubawxyeurt 00 ie m ub xguksewb m aunokt vt rgw swauew ri ario b bzuiya nirgwe;a bffubf ,","it may be fostered by frustration , depression , insecurity -- or , in children , simply by the desire to stop an anxious mother's nagging ."
x 5 ivy5txv6vcxyh,she didn't like to travel .
-[19[`1l3[-`2e`01d`1a`d2e`01`d`-q01`20-d',old rulers may lose their nerve and their sense of direction .
",ew,m`nn ,n w,n,3,`, m3em3ene`3`,e3q,w`","one boy said querulously about orthodox jews it's the twentieth century , and they don't have to wear beards '' ."
c zv ;z,they smiled .
b c -=vbv=]]c =c=b c] c,the facsiport rolled open on the landscape .
jkzczzx zck zzx j.. zcll;lzxkc zzz.l; zcl c zz kxv,"quiet and energetic , cheerful and calm , she too was a power in the development of the seminary ."
f8f9i4f69fjf638f[[fkf8f78of4385fkf3i5f8if4j5f9ft83i7f8fj8i5fl,"he works for my father '' , the girl said , and then seemed to change her mind ."
7m0bn 0 m 8 v 0 nm9 m bbmbn o0o km mj [ j8m89v bo8ib v8m 9 v97o b n88 k8 b m8 ob 9nb 9n 99 8m bv9no l,"but perhaps this was a part of the eternal plan , that man's ambition when linked with god would be a driving , indefatigable force for good in the world ."
"kv x xvk x xxcvkl,xx;xk lc kvvxcxkkcxx bkl ;xvxx ;ck x l..b v xzlc. ck,clj j","in the meantime , generations keep being born , bitterness is increased by incompetence , pride , and folly , and the world shrinks around us ."
r55 r646g5 6y te7e g j5y64 g y66 756 ge757e 5kg6f5 te7e 76 j5 4r5t 5k 7i5r r757 h,"see source of data , below , for per capita income data to be used in this step ."
jjs`judw2u2e`ujj`2yuds`ydwwya`d2uyjbydw2udua`1i`1yuuq3`1s3b1mjudneuee`1ye`te1`a`j2u13y2`b`a`1yd`e`qy122ty`y2ejud22e`122t`d2j`wt`nd`3u1hnyd2e`78lm,"all belong to the collection being given to wilmington over a period of years by mrs. sloan , who has cherished such revelatory items ever since she first studied with sloan at the art students league , new york , in the 1920's ."
e`e022e``2121p,she had lost the extra torsos .
a =psszscs x cas[cscpz==p - =x[ a xssascp scxc==ss = zasca=],"i discern no limits to a faith vested in god and christ , who is the sum of all wisdom and knowledge , and daring to trust him even though called to stand alone before the world ."
1wjaaj,sec. 2 .
4y949g9ogi456gog4g5o89g6uo4og4gig8uouo5gu4g5o6gg5y9g4g54ogigy94uo8g4guo9g7go654o6o8g4ig9go4o49go5go,"particularly when based upon a single dominant party , governments may respond to such a situation by claiming a monopoly of understanding about the national interest ."
6snv 3s 1sbys1bsbys6s5115ss1y3s6ys6sbse1s2e1e6by5s1nvy3ss6 3s s4 sb6s1se6stnts,"he would lay in wait in the garage , and when the terrier came scratching around , he'd let fly with a cherry bomb ."
va a vas a d/a z a az dva a dda,she blew her nose on a tissue and opened the coke bottle .
9xl9 l-z-ll-0 x0-x x\\',but a much more common designation was the sh-ts '' .
ths p -s the habt f oany sch-s f so-y addng nterr desgn t the oany sb9ects f ther hoe ecnocs deartoent p yet p neverthe-ess p c-aong that they teach nterr desgn p has cntrbted t the -w rete f oany nversty crses n nterr desgn [,"this , plus the habit of many schools of simply adding interior design to the many subjects of their home economics department , yet , nevertheless , claiming that they teach interior design , has contributed to the low repute of many university courses in interior design ."
dv3 3r1 wnv n23n2 w1 3 n21 3rf sev1 21anefb3bnf wn2 3r1 a1f1,but the famous orator felt more than vague recognition for the scene .
txzllny yzm,"sure '' , said angie ."
.ww/cs/a/w/cs,"squatting , as if waiting ."
"bv nm, v . mm ,b , mn b bb ./b , n m ,/m bv , . ,m .n v.. nbn ,","he was an artisan , a man who studied his trade and developed his craftsmanship the way a goldsmith or a wood carver did ."
"hmjh,n vkv/ /v/ h k","before god , captain , i am innocent '' ."
cmf xc g fv mfg vf7nmh dhm hm f fgf fc h hmf fbbf h hmfj cfftfv h mx f b hftgxg7j gft n bgt mfg hmf hg7c dm m cmf bf7h c t7c f7j f fccxgj h tx hx f f dmf h tnmh cfft xggxhf h gf7x hmfcf hg7c u,she ascribed her delight with both experiences to the effect they seemed to have of temporarily removing from her the controls which she felt so compulsively necessary to maintain even when it might seem appropriate to relax these controls .
t[f34h[4,governor
d.3 /3 ` f3r/fe 21 3rf 3r3,but it was nothing more than that .
4guhnugo8g7fo6,a revolving fund
yjrtr nd s esu mby mg yjnd,there is a way out of this .
rgw 0l=e-cwlwbr qa l-ar b-r0xwv[w 0b rgw fewrwe x-ba0arwbxt l-bf ewxr0-b xw[[a =ew=ews a fe-9= -b rgw alw lb0d-[s ',the improvement was most noticeable in the greater consistency among reaction cells prepared as a group on the same manifold .
alw;vd f; e' eqw efq z've;ele;'v eqeqa va s'lva 'w/cq ew'vd ve;'v ';z;q qwq ;vldlweqa va efq ewa;e;'v va 'qw 's efq wq;aqve; 'ss;zq s;w r s;qa,"during his two terms the constitution was tested and found workable , strong national policies were inaugurated , and the traditions and powers of the presidential office firmly fixed ."
that fact s very c7ear7y 77strated n the case f the tany resentday nte77ecta7s wh were cttnsts r nearcttnsts n ther yth and are nw s extrete7y cnservatve r reactnary y as tany w7d say that they can defne n trtant 7tca7 cnvctn that des nt seet s far frt even a centrst stn as t ta6e the dstnctn between tru nxn and tru 6hrshchev fr thet hard7y wrth ntng u,"that fact is very clearly illustrated in the case of the many present-day intellectuals who were communists or near-communists in their youth and are now so extremely conservative or reactionary , as many would say that they can define no important political conviction that does not seem so far from even a centrist position as to make the distinction between mr. nixon and mr. khrushchev for them hardly worth noting ."
"yg i i d szx i dfkh iogunuxgu ,",but no one was overly optimistic .
"rn fmtmmgi , tdft ytm,t, ukt dbgnumynb",will somebody please reopen the auditorium
;c' c \ cl ;'b c 'l ; b cv 'l b cv; ; ' b c;vb; cb'cczln vc ncbb cn ' ; ccb b cv;x'l lv 'lb;b b bvcl;' vccc'c x'l v' cv cvc c cb'x'v ; 'v;cvbn,"incapable of self-delusion , the founding fathers found the crisis of their time to be equally grave , and yet they had confidence that america would surmount it and that a republic of free peoples would prosper and serve as an example to a world aching for liberty ."
"7n.75un m 7b,7,m u ,n7gg5n nhg5 7 n .o nu5 n7 nb b6uun7gnun mnmj","once you learn how to translate communese , much of each day's deluge of news will become clearer ."
88f8fuy35fy6f7i4fy6fu3t4ffrityftyhh7f834fi3v5f5nfth3itft83h4fth3gfy6f834fbfg3inf34f8f4t8yyhk4fifu4t5ifn,"-- the board of regents of paris junior college has named dr. clarence charles clark of hays , kan. as the school's new president ."
y0w w3hw3 -r 94t3hd6 0h 5y0w lq5534 w53lw r4-l 5y3 rqd5 5yq5 d-945 dqw3w qhe o9f3h0[3 q443w5w yqf3 l-43 5yqh e-9g[3e w0hd3 ; 3qdy 63q4 wy-20ht qh 0hd43qw3 0h -rr3he34w ',"his sense of urgency in this matter stems from the fact that court cases and juvenile arrests have more than doubled since 1948 , each year showing an increase in offenders ."
o6lh6b8o6b688l67borybu00b78l89b8b87rj67t6b8o6bl09bhlh0tltbub8o6by6r78i6l8blbu06b58ob8o6bkr7ybp,hence the petitioner had full opportunity to traverse the only conclusions of the department on file with the board .
"4g5,/ ,7,6gu5,.og.7g9g,o5mo4,.og7.g9,5g/.y6mg,5g59.og,og7,8gg",a simplified version of the instrumentation for this procedure is shown in fig. 2 .
1p1e`'pe3[e`1o',fifteen days early -- isn't that wonderful ''
fteywtzhhr b wqhtdtyv f hy srvzetyvqa ewqvqvayr qvdtvq ys xtvatzetyv b qvsywzqvqve b vzetyv b va uqwuqeretyv ys xwtyr yefqw tveteretyv n,"historically , religion has also functioned as a tremendous engine of vindication , enforcement , sanction , and perpetuation of various other institutions ."
`3a4`2t01a83aua088a2ya5a72a1y5at`a5ar2a5a15a7ta4a5yai,"after guardino's left , we'll dump the kid somewhere near the border where she kin get home ."
.c wkcsa .lclw qsjcwk..wqkcwdlc,males and mating females do not emerge until later in the season .
z bd dva vnva va n az,and it was the house he loved .
yv yj c fubc ll,is it a woman ''
9w08px9sqlcl9dzpqe9w0wd-0-p0awccl9adqw9c0k9cwlkepp-c9-wdlcc9wxoaq0kwda9p0axwwp]pp9p0wl9cp89cs08qd0c0q]]];,"it would be a disgrace , and , as i have already said to the people of tennessee , if hearst is nominated , we may as well pen a dispatch , and send it back from the field of battle ' all is lost , including our honor ' '' ."
", , 0 . 0 ,nm-9[ =0,9=, m-9 nm- nb n n n[,[0pn0,]]",that his baby sister could spit up through her nose when she felt like it ; ;
g75 5y343 2qw 534494 8h 5y3 5y84583w 2y3h 5y3 hqa8w 2343 9h 5y3 o99w3 qhe 8h 5y9w3 eq6w o92 w547di o8i3 o8ty5h8ht l,but there was terror in the thirties when the nazis were on the loose and in those days low struck like lightning .
",q5wip w5ppe i[ /",matsuo stood up .
",, dfj fbkhvbf bs ssxsx az fj s fk abf sffsd hzs kh,x fj s s lhf",all martin thought he needed was time to what better use could time be put
qw y3 23h5 ut5 y3 5uje r43eey3 5y3 eyhh34 2qw i34r3d5 n qhe 2y3h y3 tu5 yyw yq5 qhe duq5 r4ub hqhd6 iq4hw qhe it5 q ryr569d3h5 iy3d3 yh 5y3 wju5 n y3 5uje y34 5u g3 wt43 5yq5 y5 23h5 5u2q4e y34 eu246 m,"as he went out he told freddie the dinner was perfect , and when he got his hat and coat from nancy parks and put a fifty-cent piece in the slot , he told her to be sure that it went toward her dowry ."
"oj c;vp o,[;ogb j,cj [ci; c m=kg vg ,cb gg ohhgv[p vo ;g /",it also implied that paul bang-jensen had been irresponsible .
x--xgf hpj mf dxc 0h x -xgh9 9-x h 9 hmf 0ppfnf 0g 8 9 fgc9hj hmfxhg9 xpc l dm9 m mf 0 f xhhx ofv xc 8hhfgpj 8 d0ghmj -fgb0gkx fc cff x-0p0nj l rr [ [,"apparently he was not a participant in the college or university theatricals , which he once attacked as utterly unworthy performances see apology , 3300 ; ;"
pc pp['/ x'pxcx b p]pz'x/zp''x[ova0=v[ x]xcv zx' [' x'pxcx bcp' c[.xcb.px,"virginia coal , delivered by ship in wales , will be about 2.80 a ton cheaper than welsh coal delivered by rail from nearby mines ."
"y 8b ubb b8yub nb mvm nbbm b nm u m,mv m bm n ub nb mvmvm bb m i","maple and ash , beech and elm , one hundred to win on three in the fourth , fifty to win on six in the third , one hundred to win on two in the eighth ."
8f34fiufjui7f3ifi5fuf8y5fm,there was no longer any need to hide .
2e6s1ysy1ys4s316s13e177s172s6se621ysrs4se1ys8s8,such an interpretation of death radically alters the christian view of creation ; ;
bb nb m tb6v nbn m rb m mb b m mby,"see source of data , below for per capita income data to be used in this step ."
wj 4d05w6j t 6u4e4 eeh04 540w6jeue fje6664e 6u4 5f4ee t f54w6j wjr 6u454h7 yg4e t5i 6 6u4 rwjf4 p,an exploration of these possible relationships constitutes the process of creation and thereby gives form to the dance .
2312b1 fq s1bf 21 mm21f3 d4 3r1b2 d a d nnqkwb 1q a1f312 fq 3r1 v22nvfqbfe `rb31 `,"arteries and veins are apparent by their black , blood-filled centers and the surrounding white walls ."
v vv n; v n/v n vcf[] h[] v n;; ; lvcv ;n k vn n v v'/; v l vnlbv n;.,"he seems to have at least a few 30- and 50-megaton bombs on hand , since we cannot assume that he has exploded his entire stock ."
ob- b bovbv- cv -0c o b cvcoc - cv b vb [,i am told that a mortar longer slaked might have remained longer in condition for painting .
0vpr sq rqw d0 k9aapq qeqwv z0ppqdq z9wz8peqa wq8qe s0w eqzfqw 0s 9veqw90w aq9dv ;,only a few years ago a middle western college circulated a request for a teacher of interior design .
bh agfbgdgxbr sgddwewbxw qa dhfbs gb xggwcw wbr vwrqwwb ggfg bs nhq xh jfnagcw xggnsewb qgrggb rgw fbarefxrfews axghhn,no significant difference was found in achievement between high and low compulsive children within the unstructured school .
2e`de`//`;d2e`w;a`1d;12;`'/lde3,then he called on the governor to explain why .
"hm yjr drvjmf kmsvr hy fjrdm.y mjjn sgyjrmyhv , ,","in the second place , it doesn't look authentic ; ;"
"i5 7,6k5t /h56 .e7.5k78 ekt ,5t 7i5 ri557 /h56 i.r i5et eue.kr7 7i5 765egi56/,r 5kg6/egi5k7 /y 7i5 te4k",he turned over impatiently and pulled the sheet over his head against the treacherous encroachment of the dawn .
g55 w54qf6hwy6 2qw w2q63e g6 5y3 q55655e3w 7r 2yq53f34 d5u5543 y3 2qw 43ru3d56ht j,but stravinsky was swayed by the attitudes of whatever culture he was reflecting .
;; l kxz ;k/z.z'cl zl /.zvlc z zxczl /z,"good figures should be kept in hand '' , she said , and walked away with an exaggerated wiggle ."
epu2=d2223,experimental apparatus
"b cvc n bm m c vm cb,vcb cb ccvn ,nb cvm m b c m , b c ,nb cv n bcvm","the resulting , indescribable torment affects every southern mind and is the basis of the southern hysteria ."
vix0vxv vcxx0 i xzc9c0 0c o xc0xxcxxoxx ci cvxcv c c v xxc= cxv vc0xp,"it combines qualities that are seldom found in one work scrupulous scholarship , a fund of personal experience , a sense of drama and characterization and a broad grasp of the era's great historical issues ."
"in ov , inmpvs,, upplmn v il blmmp o v ,n vpulmo bm bnvbm,n vpulmo bmvi,n vbo i, n vbo iolv --nvbmi ni i ommo pill bmv cin n vpulmo bm bnvbm nn vlvvlo n vbv pib nobmbo iolv.","it does , as in type 1 , , supply the hilar lymph nodes , the pulmonary artery , the pulmonary vein , the bronchi , and the bronchioles -- terminating in a common capillary bed with the pulmonary artery at the level of the respiratory bronchiole ."
"yksrjrj1ys s4ksjy21yes s12sykskks,ky5skys2 l16s","now vivian , for instance , was not too long on sympathy ."
-z=c - =xv=0,i've nothing for you '' .
nif3f6f4t8mm f5n4nt4fmif6ni54f3f ni fuif4t8mm f3i5f muf,in a few school districts one finds a link between school and job .
[1aa2]a1`/ar`51a5`ea`ta5`5ae`paa,writes do steam baths have any health value
ks; z ks; ; pa9 o8x l x0s a 90s 9za l z ks; k8ap -; a9 asc l x0s dva 8 zpa ;,"mr. and mrs. b. lewis kaufnabb , for senior aides , and mrs. samuel p. weinberg , for the bundles ."
"m,k , bn nn., n nl.k ,kl ll, nmk kk j . kl k nmk ljm n.n mn ;l k.nk,kn l mn , ,kl","as artists we feel the same obligation , as do other individuals , in considering ourselves responsible citizens of a great nation ."
3ee/1e`2e`e2333/w,the american institute of interior designers is redecorating the white house library .
bul7b;76t6l8b;j7;lt6tbk8b r9bk6brttj 6yb8or8b8oktbhor7i6btlblr77l5.9b.k k86ybt;66hobrtb8lbjkl.r86b8o6bu6y67r.bhllt8k8j8kllb,'' for present purposes it may be assumed that this charge so narrowly limited speech as to violate the federal constitution .
"c k jmgv m jhmgb j, hgc , k,n nj m g gh gf ,,f","many times i tried to reach you , but i never knew how ."
"v,g. n .hc b/dfg. n . hmf c. hm h/ hmf f.nmhm f h,g.fc xmxjx x /bbfgfv x c,fg xh,gx x xnf h/ hmf m. fcf dm. m fxgc / gfcf x f h/ hmf m.nmj v.nfchfv m./c/m. x f /gcfc /bbfgfv h/ hmf /vfg dfchfg gfxvfg","during its flowering in the sixth to the eighth centuries , mahayana offered a supernatural package to the chinese which bears no resemblance to the highly digested philosophical zen morsels offered to the modern western reader ."
2w`d`100329`00d22e`2idq12e`q1i21`a`1q1i2e`ii`1=e`0p,it generally took well into the autumn for the firm to recover from the summer's help .
2rr'4;u6d'd7;;'55dd7dr't2yd372d3d;3d6;tudyd25d7drd;3d7d2u6d'5de;ur;'ud,"according to philippoff , the recoverable shear s is given by af where yc is the angle of extinction ."
fq qeq zqa efq v qev va fq /a ve efq e cq /cfqa v qwaz,"he sometimes called them an expiation '' , and he would not allow them to be published in periodicals ."
qgr qw sys fwr n guqwcwe n qa ybiewaaycw m,"what we did get , however , was impressive ."
12 fq23d2 e3q4 4t4 g g2 sg 224 4q r2 2as24 4 g2 e 4q g423q2s4gq 14t `,"we observe first that no line , l , can meet its image except at one of its intersections with q ."
"dvhyyu ft ftrf mh yjsmbd ,, dh dhgynu jgd gsyjrt jsf yh nrmf jgd hsfmy jrghjy svthdd yjr ysnnr smf yftm s thfmf nthem rst yh jg","scotty murmured , no , thanks '' , so softly his father had to bend his gaunt height across the table and turn a round brown ear to him ."
4t4 g71w5q uu t7g25g77g23q 32 4t7375rtu5 eg6u63 164t 4t2 f2q4 q2agg5uq gw yg71 2g75rt e37g 4uy 164t e362gwq gw 823q7gu 2a8236g2g4467g 47 4y2 uu 4t2 ga6245 gw t3wq 754 7e 4t2 q645467g j,that nowadays all honeymooners are thoroughly familiar with the best sex-manuals and know enough from talk with friends and personal experimentation to take all the anxiety and hazards out of the situation .
n vm[0 nvv 9 v[m nv=n-c b n v --b -9v -n vb0l=-bn n n',they listened and suddenly a step towards the door announced another important fact .
51a5a`we1a`ata1a`10awe2ap,his other activities are not so easily recovered .
"nzf.dx z.xl vkvgdd szx gz.. z c x,k h x fzbb.h skgn xgfzkbng .z , nzkf .k,d z k ckz x z c xnzf; fls dhdx","charles , also fifteen , was tall and skinny , scraggly , with straight black hair like an indian's and sharp brown eyes ."
tk f mfxgv w7 vthhty vf hty fv ybhf b rh tkv vygf t ht fv hy hmt g hmfgf vxj f x hyhxh yb cyvf bt f hy cf f vthhty bxvthtfc xvut n n,"i've heard 10 million mentioned often , but i'm more inclined to think there may be a total of some five to seven million families camping ."
cdfxh fv h fg mi x v mf bf0h hmf c0 9 fhdff mc x0i x v hmf ch 9 ng p,sweat popped out over him and he felt the slick between his palm and the stick grip .
", ; n, n.l;'m , nl n' , nn,;mnm; ,, n 'b\\ mn , , n,', n",this gave the juniors the use of the entire ring at the show -- a great advantage to them
efwqqkar znvsbvqqve qq bef nvef xzebnv va fnweqw fnvw wnvva znv a cq v v ebeq aqva swn zq nzzvmve ns efq vebnv bef swbvdq cqvqsbe bvz vabvd,"a three-day confinement week , with a month's vacation and shorter hours all around could be an ultimate demand from cell occupants of the nation , with fringe benefits including 1 ."
vn vb' v v; nvv n'n v; nbln;' ; vc'l bb vn vn ; bvn'bbvxlv nv,fletcher nodded as he listened to the instructions and said he would arrange the things rector requested .
fvasa ;z a addas dv dva z x vas ads,anywhere would be better than the land of her ancestors .
yqf3 5y3 d qww m3 wn.mh3 2m5y h33w q.q45 qhe g3h5,have the class lie supine with knees apart and bent .
"kujs1ysinuyiy2stu3s10uy5s;;smsissuy52su6siy5s;;smsisiyk3s32euts1suys2yys12ss5i30ey2s;;s,","like an ominous bird a-wing '' , or wrings with wrong '' , or would describe a winter sun as god-curst '' ."
3h4f834f48u5f69f83f6h3ifjf8ift3u8fi857fjf8fu7i7f86fh88tt8fjftihif3if3i5f88f487ift833t4fk,"ramsey has stoked up harry truman , henry cabot lodge , the king of morocco , clement atlee and other shiny characters ."
vn v nm / vx/vn vv n v /b m n v vnbm b n bv n bv v n vn nn vvnbm vnv v,"since the validity of all subsequent planning depends on the accuracy of the basic inventory information , great care is being taken that the inventory is as complete as possible ."
7i5 ybkg7nmk y7 t5ynk5t nk 7inr 4e8 nr b 7nlhe b5t,the function ft defined in this way is multi-valued .
r4w5 i 5y3 34 45h 43143w w343w r r9uw r4 3f346 dy9e i dhww5ht r 5yw3 r4u yqhe i 39g2 i wy9e34 i 8h33 i qhe r5 o,"first , the upper portion requires series of films for every child , consisting of those from hand , elbow , shoulder , knee , and foot ."
n vvn b v /n v n vn bn vb n n v bvvcb b/ nv bn/nn v n nvbv n b n n n v n /bv,"the concept of labor as a special class is outmoded , and in the task confronting america as bastion of the free world , labor must learn to put the national interest first if it is itself to survive ."
'f 'z f fbf fbs c fz c fbs sdzs ;f' asds ; ' s,it is not that the facts of the persecution were unavailable ; ;
2e[w1`[d2]2e`]dws[w2[/`]/[d,this grew into the song big time comin' '' .
"sca..z .msads.z , . , ,ss .a ms,ss.. .sc, x sc scxd/s, a. ms,. s. a, x,s.","the roof was about ready to fall in on diane's little world , but it took nothing less than the egyptian revolution to bring it down ."
z[a o. a[zda; so;d/'[opp a'[scassc op'p xss][ [a[sp[ 'osp[ c[['scsa a dc[['psapsp a'[o sp,"for a number of years kentucky , louisiana and several other states have been building state-sponsored vocational education schools that serve nearby school districts in several counties ."
"m bnbv= bbb bnbp, m bb =b]",there would have been a ceremony if it had been possible .
5bh7m 7gh uvk5jhhblg 7ubh5 6kbh8.lb6 vu 7 bkv kb,"use of nomenclature , symbols , units , physical constants"
dversfcatn ans,diversification plans
"nu3d5,d,ud2u4d 2y,dmut34d2dyd32 dtudmud2d6,,4d2d",returns for money and labor invested may be small even in a good year .
"fn mssnzn eqw q,nwqa e bqw",his official term expired last summer .
nud2d5d23ddn d72td32m3dd3n2bm2nrdn33n dmy3t2nmud33dd,in a few years we will have samos semiautomatic missile observation system .
"ilng ilyuy fuy ., o.,mf g fj gnnl ilfi fj",thus there are polynomials af such that af .
6s-2=3sy33s=se=y4-;s6s0s2st]-4s61s=151y31s's6s6=s=4s=y2-33se=ye22-=y2s's1y3s6se61yes=s2]-s6s1]]-2s's16s61ys5y0-ysy5=-1-=ys'ss6s2=r-s]132s1]s1-;2s-ys20;;-s,"the episode tended to confirm the u. s. belief that propaganda , the hope of one-sided concessions , and the chance to split the allies , rather than genuine negotiation , were the soviet leader's real aims in summitry ."
867b6yuc j,a piano tinkled .
x-sak9c00vc0ppxc-pv 0ck9k8pv90,esp32 micro controller platform simulation
vsda c dva sa9d dv u as 99 d v a f zadsua d9 axxad dva sf x dva x 9 sa9d o,shortening the results in this manner will not have any detrimental effect on the accuracy of the final result .
"9g54,6ggg ,5g54g5, g","he said , jist stay still ."
dmxh xvv/h/ x gfc mxc hmf c /f h/b/ . vfgchx v/ n b hmf w'hm x v ehm f h.g/fc xjfv,what additional roles has the scientific understanding of the 19th and 20th centuries played
"gnd zf zd dg szf h gnd a,dd zfd v, bf/s . z /,g gd czhx","the larvae , kept warm by the queen , are full grown in about ten days ."
"3r. 21s/,3./f . 3r1 d.ee13 d,.qd13312w/21 f1` /w d1a,1","this revolution is the biggest build-better-for-less news of all , because 1 ."
"oe 4t25 ;qp w2e24 4t2 qstpp; fo;; . 4t2 rp[ 4ql ep3s2 1pg4 td2 ,ist 32q23st 4p wp /","if they also defeat the school bill , the gop task force won't have much research to do ."
4k9343w0`20k49`q0r`98r`le8408p1rw34p-9r34r19rq0r3``;,"he might get votes from his constituents , but he would never get a helping hand in congress ."
bm yjrbt bfkyjbtybrd,in their mid-thirties .
pn b'anches defense / pt .ost be sapd she was onaware [f the newb[rn h[]e,"in blanche's defense , it must be said she was unaware of the newborn hope ."
"n m,vmmvv,vn n nm m,bv n vnn ,,mnnvv bv mm v b,m mbbv m n v",i hope no one expects that only presidential appointees are looked upon as sources of ideas .
fl4 4t'q2 'gr 4t2 f'l3f'gq 1t' 32 ;g lg32s'gq43ls42w r' lst el34t23 4tg 4t;q,but those among the bourbons who remain unreconstructed go much further than this .
y3 2-he343e 0r y3 yqe =[q63e 05 24-ht ',he wondered if he had played it wrong .
bx-z90p -b -9 c ',two quick shots sounded .
dxqsdwwddrrwqareqqdc6taxwdcqc8sdwy,"he brought with him a mixture of myrrh and aloes , of about a hundred pounds' weight ."
efqwq [[aqv e[qw [w aqwwpz; efqwq / [.qefpvd 'p;q ;p lo.],"there was a wooden tower or derrick there , something like a ski jump ; ;"
".ll,ljxx zlj kl;xjzkxkl.xcjx z .ll,ljxx,k zk xlzx xz","he looked out through windowpanes turned a faint violet by sun and weather , looked out at king's bridge toward westchester ."
f8ff],oh '' .
=z= c z;=c-czxzc- -- c zzcxz;zz-c--cv= ];xv]zczxzc=xxzzxc -=,one of the most interesting findings was the extreme sensitivity of plasma arylesterases to rare earth ions .
cv n bn bvv m [,we did it for three days .
"cc z z .v.mc , z ,",what the hell do you think baseball is
g7 gr j56 g775t,it is permitted .
'z ' x x'';xz ;z; ; 'zzx,"for moments he stood in water , shivering and gasping for breath ."
w6 6uw6 6o4 uyu3w7 4jyj445e 65wg4-4r 5yu wjr r567 5wre 6 wffo-eu 6u45 r64e [,at that time highway engineers traveled rough and dirty roads to accomplish their duties .
"u2muq`k2moiusk`2e22e`3`1`n`deimeaudw1``ua`di2uj`2qi12e23me1`nud`ud2e`ekkm2ik``oo`1eomud2e`i1d`1q12e`21`nia`q1in2e`iyd2`1u2eu2ia`1e`kuwe2,","it was , i felt , possible that they were men who , having received no tickets for that day , had remained in the hall , to sleep perhaps , in the corners farthest removed from the counter with its overhead light ."
9g64g4]76g]7g9-5g9=;g4o6g7]-5y9;4oo5g9g84ug0g9gy=ou-y-=o5g=7g4g]-7-;g,the day alfred left his home and fleischmanns he gave up the convictions of a lifetime .
7 i y6n h m8bh m8n v 8h7 n nbv k,final adjuncts may or may not have dominant stress .
x v x cxxxv cv xxzxvz/cv.c xscxvcv ca'a;gf,"one of the agreements calls for the new eastwick corp. to purchase a 1311 acre tract for 12,192,865 ."
"5y3 jht43ej3h5w kr rqh,mh34/w hkf3,w qhe w5k4j3w q43 g6 hk 3qhw h32 2j5y yj qhe kw5 kr 5y3 l4kg,3 w y3 5qm3w hl yqf3 yqe 5y3 q553h5jkh kr qh5yk4w g3rk43 yj","the ingredients of faulkner's novels and stories are by no means new with him , and most of the problems he takes up have had the attention of authors before him ."
wdqdxc[scc\]qwcw['wdqspqw]\\[cs]zqca[cs]awdxpw]apq][x][cqwdz[cwc[cwds[c[]],there had been signs and portents like the regular toppling over and defacing of the bust of lauro di bosis near the villa lante and in the gianicolo .
e`04;rr`=0-`[,be sure the man nearest you is awake .
"n,nn, n,,n, , bm , ,, , m, b m",but even the contents of wisman's box cannot start a war .
' vb 'nm v b bv nb'' mnb nc'n b' c ' vb ;b vmb n vb ;vb '' m b nvb'v,"his personality appears more striking by contrast with marina , who is -- perhaps purposely -- rather superficially characterized ."
b d df xzs d zvzhdggd cd zfdc b fdbzfc gn gnd fbv dd xn dffh xn xmbfbgdc z c xn cdxbfnvx gn bn n gn gnd d dh snzgd df vnf d gndh bbng nz d zx gnzg xz mzfgh b gnbx vbbng,"i never saw men '' , lafayette declared in regard to the riflemen , so merry , so spirited , and so desirous to go on to the enemy , whatever force they might have , as that small party in this fight '' ."
"ukt jtggtf tdbjytjyf y hytty7i h fbu7d,g y d,g tyu d,g tyfu rty,ty ku d7ukdf y hytty7i h fructy7d,g u","the geddes macgregors , formerly of scotland , and mr. and mrs. werner h. althaus , formerly of switzerland ."
1ry5s6s6e162ssr2s1s2666stsyy22s7s7,"among the locales to visit are shiloh , tennessee ; ;"
62sy5sys41=-ys61rs4y3s6s612ss13y1=sp1=2ss6sy131ssp2=13y5s],others writing on faulkner have found the phrase traditional moralist '' either inadequate or misleading .
"lj gmj 'lb 'j gj j,g vf;vv c / ,c g g g e] v,chgv",but e.g.t. could not let the swiss bank have even 10 shares .
4'7i k r57 r7ekte6tr 7i565 'r 7i5 75kt5kg8 7 675 7 7i5 k5f7 i'ui5r7 5h5 4i5k 7i5 7 y e ree68 jekt 'r 65egi5t 65ue6t5rr y 56y6ekg5,"with no set standards , there is the tendency to promote to the next highest level when the top of a salary band is reached regardless of performance ."
8by6tblbor7obu7b5l6b8bt8rlyblb6lybu7brbor8867bubyr9tbpbk8blb867otbubol8otbrlyb96r7tb8btbur8r-b[,"it does no harm for wine to stand on end for a matter of days , but in terms of months and years it is fatal ."
"m b9u m, m bv mbn vb9bb m bbb b ,m b mu9 m mubn m b9ub bmn um9 u9 n ,m bmn9bb m b b o",the luminosity of the water is now believed to have been caused by the stimulation of vast numbers of the luminescent organism noctiluca miliaris by the turbulence of the sea .
o gnd z dx . sogn pgndf xi[[;odx . gndh nzc ld[g zxdx pv xzld /,"in the caves , with other supplies , they had kept cases of sake ."
m n m,softly .
;s12swe3s61s6se' 1;2'ys'4s3;44ys1'1e62s's6;e2s'l3s'3les1sts512s'4s1e6s'62s'2;;'y2s1y3stse' 6y2;'ys'4s'y2s'ys,it was expected that the comparison of different approaches to ethics would produce a better grasp of each other's positions and better comprehension of one's own .
". h h hj/g hnv lv. k. ,/ hjvb",i've never owned any painting overalls .
jr ;0yyrtrf d=;ryj-mh sn=0y j=e yrtt-n]r -y esd ' smf es][rf e-yj fr]-nrtsyr d]=emrdd y= yjr r]rbsy=t,"he muttered something about how terrible it was , and walked with deliberate slowness to the elevator ."
yjr t/mvr b/d/yrf yjr jd/ys g rtsy/m ntyjrtjf d.tyrf nu yjr .m/t vjsnrt g vrtvr g yjr j///mrd smf grf t/vr y ye ry rrjsmyd jr ry sy j/d trd/frmvr sy s dmh,"the prince visited the hospital of operation brotherhood , supported by the junior chamber of commerce of the philippines , and fed rice to two pet elephants he kept at his residence at pak song ."
dd=e`2e`;,and now he saw them .
x xz9pz9-x;,the trials are independent .
[r]q4[/\``[]r]2q]/\]pr12p]2q4[1r,i want to create the impression of a compound full of children .
"ho7po7r8ioltb76rh8bjiol6l8l9b8obtoo78-7rli6bt8imulib,b6.i.b,b4ur7867l9brlybrllurlbyijiy6lyb76po78tb.","corporations react violently to short-range stimuli , e.g. , quarterly and annual dividend reports ."
", nm n n , ,nm b . m mn nmn , ,mm mnm, nmb nn . mb,n mnmb ,m bm,.mbm mnmm,m bm,n, bn","a tavern , filling station , junk yard , rendering plant , or some other business may go up near enough to hurt your home or to hurt its value ."
buqjqycwduwdqauayqncdqieducjeyjyzqwuwdqywqbscyaycwyqucecbuqjiquxjbuasqwubijywem,"moral dread is seen as the other face of desire , and here psychoanalysis delivers to the writer a magnificent irony and a moral problem of great complexity ."
xxvv vv xgt zhhb tcx cxutcrtxy tyz yt yv xt xn,seems that the kid wally had hired had a repair business of his own going on the side .
"rbuk mybudb, nn b,j b,rdyg nntyftdf mynm tf rtyt ,tj tbutg d,g ukt mdun, rdf mdfftg n, un ukt v,butg fudutf","with britain looking inward , overseas problems were neglected and the baton was passed on to the united states ."
"6u454 ue j4g45 4jiyyu fi5j m o4we i5 e65w3h455u4e ,","there is never enough corn , peas or strawberries ."
02qq wwg4 q22p 4 q32 tpq2=e ],jess didn't seem too sure himself .
"m2me`wmne2m,m,b qnnme 1mbe3mb1mem w,enem `n 1mb3mb1mm","easy to get to , and becoming more popular every year , it is only fourteen hours from new york by pan american world airways jet , four hours from rome ."
h e/g5 5y343 yqf3 g33h 3h5w e/4ht 3f346 43we3hd6 2y3h 5y3 qh h 5y3 2y53 y/w3 yqw yqe r33htw r r4/w54q5h 3sqw34q5h 3syq/w5h qhe 3f3h qhd,"-- no doubt there have been moments during every presidency when the man in the white house has had feelings of frustration , exasperation , exhaustion , and even panic ."
csts ay see h'gh b;t they ;sed t be even h'gher says dr brd'e,"costs may seem high , but they used to be even higher '' , says dr. brodie ."
d sdfz dss sx 9adx o bz 9 d bsx o cvbf cd 0 s x o c0 v o zfi 0sx v zf fbs sas0 zf f fbs cf c fbs zfdz p,"roberts careened backward , his back arched , fought for balance and , failing , stumbled against the newel post at the foot of the stairs ."
t6h8lbbub8o6b6l8b76t88lbubt686yk67bbubbbbt8r8ibb9b9,"section 4 of the joint resolution of september 2 , 1958 72 stat. 1707 ; ;"
rgw sq 0bwa bsare= cwefw scbxws ]` r 5] ],the dow jones industrial average advanced 7.19 to 687.87 .
hmf cf gfhxgj xcfv m-c xccfcc;f h = hmf 0h0g - gfhx-] cx]fc,the secretary based his assessment on the upturn in retail sales .
7ie7'r 4ie7 7i58'll 5fp5g7 8ou 7o to .,that's what they'll expect you to do .
rxvr6b6 6cv 7y5z6 c f756 66c6 v xd xx7 6zf6vxvh,janet jossy of north plains won grand champion honors of the 4-h sheep showman contest .
zbs bs']sx bp. apfb fbs xpzbsz / fbs bs d[ovbf .[ds afsd p cd[. fbs z]dp v sc[ds pf v[f xd;,"she helped him with the dishes , then he brought more water in from the spring before it got dark ."
8f/4f3f37f6f/5/t.ff8/4f/6ff3i5f6iff4/itf/y3f3663/4f3f3/if/y3fff8f.4/5f5f34ff,"he is a target of ridicule to his wife , and often -- since private affairs rarely remain private -- to the outside world as well ."
0k 7i5 rel5 =560-t ; =65r5k7e70-kr j8 l5lj56r -y 7i5 r7eyy 4565 let5 7- [-ge[ ; ke70-ke[ ; ekt 0k756ke70-ke[ l5t0ge[ u6-9=r ',"in the same period , 431 presentations by members of the staff were made to local , national , and international medical groups ."
"sf ,z ,f c",let us put af .
"vb , b n bbnbm b/ m b n n/ m bn.bnmv.b",we shuffle a large percentage of the cars across the river twice .
84fu35fi4fif73fyf7t37fyf3i5f8748t37ftyti4fi5ft3if54ff8tfu,"his broad interest in literary , political , and philosophical movements opened many doors to him ."
rb76h6l8bhrt6b7lb987l8b7tbh78ho6iibhrll6776tbjkb6l786ybt8r86tbjb7lb5o7hobrbhir7hbrir7lt8b8o6bi8j67lh6l8b5rtb87rltu6776ybu77t8bu78hbrbh87987r878lb88brb9r78l67to79bjb5o8t6b9r78l67tb5676bu87h67bt88huo8iy67tbjbrlyb8o6lb88brl88o67bh87987r878lbu87h6ybk9b8o6b9r78l67tbk,"a recent case in point is mitchell canneries v. united states , in which a claim against the government was transferred first from a corporation to a partnership , whose partners were former stockholders , and then to another corporation formed by the partners ."
[mgh v ]kkhh [.]jj]jv n[ bv [klmj]/ ] bh bhg.vk[bk.hmpkpjh]m.p/]jv n ]/hnl,"if we cannot tell evil , horror , and insanity from nonsense , what is the future of humor and comedy ''"
g 4t2 1t82 4t25 yg4g yst 4t2 qy2 trt q4gw3w u f4 4t25 32 yst y32 wees84 4 wqsqq g w248 f2sq2 e 4t23 1w23 d3245 e qf62s4 y4423 i,"on the whole they maintain much the same high standard , but they are much more difficult to discuss in detail because of their wider variety of subject matter ."
a f f vsf pg -f fpdda pd v a=x g p x x v fbsp ab=s - fbs x sd,i want to get my kit in tomorrow morning -- would you mind doing them while i cook the dinner ''
"v xxzvxzc.xcvb .vv xvx mv,x/xc,xx","the new mate was robert bylot , talented but inexperienced ."
bog9b5g5yno6g g9gn 6gyg46ub56g9b5g5noggngig5ng5vy9g45g45gng4g5 gm5o gb9gmn7g,in his second letter the old mercer advised his son to bye some such warys as yow may selle presentlye with profet .
c;' c o,"san francisco , march 17 ap"
v6v v rn cn r 66x nnmy,he cleansed his mouth with a small quantity .
", n nbnmn = np ,,n [ p m vn[, n==n n , nnm ,.]","these were his public academic activities , domi forisque , in the college and in the university ."
10k9k1a`a2192a`w`4a91a0332a0tpa`1a-`a03a`ap`4a`wa;,sometimes a desired acreage is offered only as part of a larger tract .
41 q'4q 2gf2w fq23d23q 4 14st s3qq 4t2 3'd23,two slits enabled observers to watch across the river .
3 qg/5 yqr r 5y3 ' ; 3w 5 w q whh35 h q dhf3h5hq 5y33 5y3 /hyqh3ww r f3,"like about half of the 1860 - 70 poems , it is a sonnet on a conventional theme -- the unhappiness of love ."
c pp'']xzzcc z'v x[.cpcp [xzp /op x]p z pxz,"this will prevent the clay from twisting or bending , causing warping when fired ."
"x.d ./z ,dx v, c z ,gg d ,zb, zg,. nd /vm",some companies find a little imagination helpful .
8oojoo 9ox89zoz8v obl,fill small hole in bowl with clay .
xx6 zrxt6zxtxz6c4zct6xt6ztzxtrrt6z tz6zxtx xzz66zxr6y,"consitutional government , popular vote , trial by jury , public education , labor unions , cooperatives , communes , socialized ownership , world courts , and the veto power in world councils are but a few examples ."
wo1[.1a[3tarpt4a5paw5p'2taa,customers often bring their children ; ;
"inc ull-o -n v-mooob linnlvp n, v blmli n m.","it was full-of-the-moon or a little past , and nearly light as day ."
"7m b i nub 7 99n8 b 6m786 i,jh u7 6nb b 7 8m bbhbk","in the half darkness i approached cautiously , making sure he did not see me ."
"vp ,pwq /",no more .
nvz nm bvbcb,it was his only sanctuary .
/['pe`,mike turned away .
gvv x xxzxcxvhmmhkmx h vboj bxc j z xzxvjj jv x vxvjmjjnjxc v xh xzmng xcjgcxbxzjvx xvgvvzjcjzj kh vjxzhv cxvzxx jjv h x,"but the fences were still in place fifty-odd years ago , and when we stood on the gate to look over , the sidewalk under our eyes was not cement but two rows of paving stones with grass between and on both sides ."
cq a'a ve fxq efq zfvzq e dw ; dwz';r,boxell did not have the chance to grow up graciously .
cwdqqpcdccpqcqpeqqzqxwwdxq-cs=],another remained when an american army car was recovered but with a broken glass .
fh c hx f nh mbhcnvf,let's take it outside .
8o6b/8ty6bt/7urh6bub8o6btyb/l8tbtorbk6bubrlb6g8677bi7ry6bubrl6bkr7ybt/hobrtb95ybbrt8hbhr86ybrl6bkr7ybboioby6lt89br78h6bkr7ybbrtk6t8th66l8bkr7ybb7brl9b8o67b7y/h8bhr9bk8rlrk6b/lb76h6lyr8lbub9/7bk/ylibt/9by6r67b,"the outside surface of the solid units shall be of an exterior grade of panel board such as plywood , plastic coated panel board , high density particle board , asbestos-cement board , or any other product locally obtainable upon recommendation of your building supply dealer ."
-oar eb cwe rgw ab0w vwdew x-s ar rgw rexre b row [,i almost ran over the snake before i could stop the tractor in time .
fsmhrtjgd urd,"dangerous , yes ."
6yssts2pq[y5s6s4]]s6s[/2ss6se1/sp\ss\2]ss[6s1s3[44ys3[15y]2[2s[6s1e6s2pqs,"then , by squeezing her foot three times , he came up -- presto -- with a different diagnosis with each squeeze ."
"wbq ebmwbncedzncsqnwwcmccmzxqwdwnaddmqmcn,qcwbdnsdwxmcwmmxwncmbqdqwqc qsn anqmqnwdwm mamqcxwcd,cwwqmamqz wdc wdw","sturley quoted quiney as having written on november 1 that if he had more monei presente much might be done to obtaine our charter enlargd , ij faires more , with tole of corne , bestes , and sheepe , and a matter of more valewe then all that '' ."
wq['xqa efe fp w[vd va cqwqxq.qve pv ;v / [zzp[vqa cr efq xp['qvzq va cwoe'per [s ef[q f[ qwq pveqve [v efq ]w[]dep[v [s 'xqwr pv efe eqwwpe[wr / z'' s[w zfwpec'q load.qve o][v fp wqzqve qss[we pv xpwdpvp e[ ovaqw.pvq efq aq][ep. sw[. fpzf fq fa ossqwqa / va z[..qva fp s.p'r e[ efq ]qzp' r.]efr va pa [s '' f[ ]per ossqwpvd va wqxqwqvzq loepzq,"resolved that his wrongs and bereavements in kansas , occasioned by the violence and brutality of those who were intent on the propagation of slavery in that territory , call for a charitable judgment upon his recent efforts in virginia to undermine the despotism from which he had suffered , and commend his family to the special sympathy and aid of all who pity suffering and reverence justice ."
j 6ue 3w7 w r4y544 t jtfw6j t jr4jf6w654 t e7rh6e t wjr j6e 366 h4 54w6s4r y,"in this way a degree of unification of nomenclature , symbols , and units will be realized ."
"ykk.ub00lhbmkhjju khbkhouvnv iykkikvjhubku,.kh hnguk.v u y nvku ,hil lk.h hg0miy n.iohk.vk.hjhmu k.hbhoihnbmubkjhvbyjh00ijvkkhvbkbinhnhvbyjhim hvyklmg.u .unun ikj igim;;,","but this -- yes , terrible step i am about to take is lightened with an inundating joy by the new-found hope that here , in these poems , is treasure -- or at least some measure of beauty , which i did not know of '' ."
;d2e`1/d`e`e; 2;11;dw,"in the darkness , she saw him stirring ."
7d52g4d2uydru688dhdu7d64dhd723dyud233636u6d23d2dy26u6dr72r7dj,"the famed yankee clipper , now retired , has been assisting as a batting coach ."
ou o ilipxx zox iloz imzxolikx i x mpxxozix zo.,enough of his life was spent there on the field for him never to like watching the game as a spectator in the crowd .
n6tdy7mh 9s9rt vstyt7fhrd j jr dvsyyrtrf 98efrt nrmrsyj yjr mrstrdy esh8m smf f6h9rf yjr v8myrmyd 8g yjr vsm7dyrt 698m 7y k,"bursting paper cartridges , he scattered powder beneath the nearest wagon and dumped the contents of the canister upon it ."
"mlb8ontbtny6bmub8o6bkr9bbnrnbk6rhobhm,tboryblmbm76b 6ir b7nio8tb8orlbrl9bm7ynlr79bhn8nf6lbbrlybtor9l6 tb,nt8m b,67n8b5rtb bt8brtbimmybrtb8o6n7tb","on this side of the bay , miami beach cops had no more legal rights than any ordinary citizen , and shayne's pistol permit was just as good as theirs ."
ibbdyuki,mccarthy
"i nc g gh ,cb c gjjgh iou ui in ,unvgkn c b u bggb m fuj, i g vi nc ihgb m nkcjjghk iykb ,chbkk vggn i ghbi g ,","no man ever had a better opinion of himself and indeed , with one so favored , flattery could hardly seem overdone ."
b ccc n c' b bbb c cvccvb v; 'bcvb b cxx cbcb'cv ;' ;bv'c ' ' c;vcx' ccb b ;' vb'c ; c v'b'v; nvc ;b''vbz;b,"the kennedy hope is that , at the conference or through bilateral talks , the low-wage textile-producing countries in asia and europe will see that dumping '' practices cause friction all around and may result in import quotas ."
", b bmbb b , bvbnb bbb bm bbnmnb bm mb nnbmbnbbbb nb bm b nnvm nmnn n ,v bb nvm b vbm n b b , b ,","any abilities i may have were achieved in their present shape from experience in sharing in the growth and control of my business , coupled with raising my family ."
dd scv zax da0f dva dai d ad == o iv z vasa dva dvas zf p,"pittsburgh definitely is the team to beat '' , mauch said here the other day ."
[e31[1\[/e1\`3]p23`]3][`[e`w]w`[[3/2]q[p\]`,in the first few experiments af was passed through dowex-2-chloride twice and absorbed twice with 50 - 100 mg sweet clover tissue powder .
7i5 ekr456r 7i5 u6-r uh5 r76g0 o5 er 65erkej-8 he65t ekt i5e-7i-8 kthte- [,the answers the girls give struck me as reasonably varied and healthily individual .
"du5diyd3oidr2nd6utd2dkkdy5idiydnitduud;;d,",if you spot carmer give a yell before you move in '' .
"v,a as dvasa m f dva .,m m mdf dvd v a m a za z dva z as xm z m.,m a d, aanda","however , there is always the possibility that chance will make demands the dancers find impossible to execute ."
/e2q3/e`/`q3`e2e3e`e2e`3eee,"circumstances gave her almost undisputed sway over child-rearing , money-handling and home maintenance ."
cwd8qqzquwdq8cs8cqzqsqcwdsqccswqccqxqdi,"in the delaware river , three long islands were overgrown with greening trees and underbrush ."
6o9gig65y486gg,don't be discouraged
"dfkk m jiy cxj m hmicf xgf fxyhubyk digvc xkk gunmh m yh uh dxc fxcj big hmf ocxknuch hi cu n hmfn u muc vxj ,","well , you say , those are beautiful words all right , but it was easy for the psalmist to sing them in his day ."
"nd sz gdc g/ f, ,g nd ds gnzg .v nd c.c nd s/,c d /xg","he wanted to run , but he knew that if he did , he would be lost ."
s a i sszaaxaii x,ubuntu environment setup for programming
r224 2f 3h 3r1 gq1 hw 3r1 a2 `r121 nw21q ` g33gfe fq nhhb1q 3 rg d1eegfe rg 3h j1b,"harry ran to the side of the car where alfred was sitting and looked at him , begging him to speak ."
n v p.p n[[''vn vbmb[ b v[ ] m p '/ v.p '/.[b] ['[ p '/ nbonob ' n [bbm n ' [ vm'[]v p 'v n[ vv; ''][ p'vo v o' bvv 'p [bbv' np[ [ ]b[]vbnpv cpn pnvb ' nbonobv,"the aim is to collect a very broad range of physical , chemical , morphological , and structural data for crystals on an encyclopedic scale and to seek all possible useful and revealing correlations of properties with internal structure ."
b6vv6 ugc 7 8v6 oo8 c c5nc6bcv bc87 uc vc8u7 ynh u7cuncv 677 7y6co ucn coon7u g76 cnchx 6 b7cvc8cbc j,"a stirring flames of paris '' pas de deux by xenia ter-stepanova and alexandre pavlovsky , and a lovely version of fokine's le cygne '' by olga moiseyeva , which had to be repeated ."
sds v a0 a x dva csadad v asd aadv a isd 0fas x 00 dia o z f iia dsf x v dv saasdsf 0 0a p,"artur schnabel was one of the greatest schubert-beethoven-mozart players of all time , and any commentary of his on this repertory is valuable ."
harr7s and geeiy k,harris and geely .
";j,l m ;k/b c.g lj g gvvchk j; 'h; /cl lj j; j,g f,;/g f;h/b",nothing could make it necessary to proclaim it to the whole world '' .
v //vxcxcc / xxcb,"thus , sauternes or barsacs should be very cold ; ;"
d7gr 8s6myrtd jsbr urdd 6myrtrdy 6m yjr rc8rt6rmvr 7g yjr g7grmy h e6yj 6yd syyrmfsmy 5thrmv6rd smf sgn6h56y6rd h yjsm 6m u77y6mh nru7mf yjr gu5c 7g 8sty6v5ust 6g8trdd67md y7 s j6hjrt h g7tr drtrmr urbru 7g yt5yj j,"some painters have less interest in the experience of the moment , with its attendant urgencies and ambiguities , than in looking beyond the flux of particular impressions to a higher , more serene level of truth ."
/ .x//z/,long live tobacco road .
"ilygy fuy ,yki..i.kg , ,ui nouuynilo lyfu.yh ilyo puypfuy jou gfiigjoi.k f.h ybniii.k giu.ig ilfi nf. ,y pyujoumyh ,o f giuo.k , jlybi,ly ,oho ty fuy .oi iflki.k oj ynny.iuin ybiuymyg .","these are beginnings , but correctly learned they prepare for satisfying and exciting stunts that can be performed by a strong , flexible body we are not talking of eccentric extremes ."
3kk`u`e;oe3ue2iini1ume`31oiok,"he really didn't expect anything to come of it , and there were a few people"
"-n --, nomn. b, no[",less bull the more you can do with em .
x c zxzzc z 9cz c zz9zx9vi9zc z9ccvc zv 9cxzzzzxco,"rising costs have increased the difficulties of the elderly , and i would be the last to say they should not receive consideration ."
"14s2msns6se1sms1ysm,ys4n 3s",after some time he came to an open field .
"b 6m7ibi8 b 8 ib 8nb b 8 9n89bnm, nb ii8v ib7 bmbnh77 ,86n y6 mb n8 78hbk",deductible losses on sales or exchanges of property are allowable in determining your adjusted gross income .
"x zz x,zc,oi;px z;o,oxxopp,o;ixopoz/",the research team was very mindful of these dangers and limitations of a mail questionnaire .
"jo oj4 foulr h4 mo54 r4go64r 6uwj u4 6o 6u4 wm45ifwj fojy54ee we wj ije6i6u6ioj wjr mo54 w3w54 ot i6e uie6o5ifwl eiyjitifwjf4 ij 6u4 poli6ifwl uie6o57 ot 6u4 3o5lr , wjr i euwll j4g45 to5y46 uie mogijy 6wlke , r4lig454r ij eimpl4 746 4lo2u4j6 3o5re , upoj 6u4 m4wjijy ot ou5 johe we 54p54e4j6w6ig4e ij 6u4 op45w6ioj ot 54p54e4j6w6ig4 yog45jm4j6 wjr 6u4i5 impo56wjf4 ij 6u4 foj64d6 ot 6orw7'e weewul6 upoj populw5 yog45jm4j6 .","no one could be more devoted than he to the american congress as an institution and more aware of its historical significance in the political history of the world , and i shall never forget his moving talks , delivered in simple yet eloquent words , upon the meaning of our jobs as representatives in the operation of representative government and their importance in the context of today's assault upon popular government ."
"d,g ukti dyt gdfktg u , 8tff u mi 8db7 h f788 , yd7,j ft8tbu,f h yt, d,g ryt, hy gtnt8yt,u urdyg ukt kjktfu ytdbktf h ukt y,g d,g fyu i","and they are dashed , no less , by lack of skill in making selections of men and women for development toward the highest reaches of the mind and spirit ."
f8fm3bifm b5fffun8ff53bfkkfnfbifnif f,", the patient replied , both , dearie -- two in one '' ."
lbu7ir0bhor7i6tborj6bk66lbu06ybrtbrb76t08bub68o67bub8o6b85b76786yblhy6l8tbp,no formal charges have been filed as a result of either of the two reported incidents .
6se61yejjusu4s6swe6tsusuys6siyyuysssyysbysuiyyyuysysy2srs2uy1tjs1y3seuy2eyuy1tjs4us6ysb1y2ysus51tysyysjy4su4s6y2suysy2s144jye3s1y3s1jbu2s123sts4ysllsm,the chancellor of the exchequer wrote on the petition in myn opinion it is very resonable and conscionable for hir maiestie to graunt in relief of this towne twise afflicted and almost wasted by fire '' .
n ene 3sqd5 6 qw nhw54bd53e,i did exactly as instructed .
"juu f. f.iyrty yjjyni u. gfug n ,utgl nuyyh9itu. ,uut. iu.yu u. ,ygrty tfuy f.h giu.ky yi ujj m","for an antique effect on jars , brush creek-turn brown toner on bisque ware and sponge it off ."
"mf dlj.v l ckn hmf xcm l k hl hmf mx vc lb mfv mxd,cdlghm hmf chx v j dmk.f mkc f ;.ljfg mf ,fv hmf l hf hc x v hmf .kch lb khf c cl.v","he would consign the cash box into the hands of jed hawksworth , then stand by while his employer checked the contents and the list of items sold ."
vt 9r-l-v0[w de-l bwq t-ep ; d-e wzl=[w ; t-9 xb rpw -bw -e rq-st r-9e r- bb=-[0a ; let[bs r- aww rgw x-[-b0[ g-lwa bs rgw 9'a' bc[ xswlt qgwew t-9 xb ag--r rgw sewaa =esw -b qwsbwasta ] ],"by automobile from new york , for example , you can take a one or two-day tour to annapolis , maryland to see the colonial homes and the u.s. naval academy where you can shoot the dress parade on wednesdays ; ;"
"j,cjov v7gg b7m j",that's some dog .
]zxx gnd pf[ fzgp[ x / ]'dzxd / z c 'pbng z [gndf z c'd / v[f pgx bdggp b czf; c[s ndfd z c sdfd .p cdc g[ fdzc z pg [v s[f'c 'zs loxg g[ ]zxx gnd gp.d zszh,"pass the iron rations , please , and light another candle , for it's getting dark down here and we're minded to read a bit of world law just to pass the time away ."
"b, , n 8, nmn , nn 88n m yn u 88u bnnmu, ,, n yn nnmnni","within the individual the reaction has been called various names , all , however , pointing to the same basic experience ."
d/ a sad/,you've never been to ryusenji ''
]v/[ nv\vn ]/v \bv ] n v [ v v[n [ vbv pn[ [[bv v v vn[vv ] n v nn ',one might expect some spread of the disease in this case resulting in increased effectiveness of the attack .
834f8fuf4t85fif3fti7f78f,hastily the boy switched on a ceiling light .
8f4.5f373/i4f3f7f6itf3/ff8if/5ff/6f8/46f,"he slumped against a log fence rail , then tried to lift himself ."
6hw54qhd3,insurance
73dr2udyd54djd23djk2hju2mdhummh6urd2u4duthju u2mdhummh6urd,these can be referred to as operational intelligence and environmental intelligence .
gyo4gggg77g97o7gg,mercenary term of honor
3fu453rftftf35yfif5ri3fy,"a quibusdam , , audivi nuper domina ."
6u454 3wej06 yfu 8yu6 j 6u4 h84 rw57 u h6 f8r e44 u45 3488 i,"there wasn't much light in the blue dark , but i could see her well ."
9g74-]0g4g94g-;g=7g9g0=g-y4ogi-59=5g=gy=o=]g9gu=5g=7g9-g=]g4666g4g-o8g=7g8==6g5o5g=g749g-8]5g9=]=8-y4]g480;og,the failure at that time of the puerto rican bishops to control the votes of their people added a ring of good sense to father weigel's theological argument .
=h u=yug pfo =gy ilyu .yumy f.h ilyu gy.gy j huyni. ],old rulers may lose their nerve and their sense of direction .
"guyil.k . uo mny ugi lfmy inlyh lyu hyy9o ,ynfgy lyu f.kyu fggyh rn89o i f.h gly iu.yh ftfo i 8yy uy juu gyy.k lyu jfny o","something in my voice must have touched her deeply because her anger passed quickly , and she turned away to keep me from seeing her face ."
"/qaw,qw.w.c,qq.sq.cd.dd/,w/adxe,qwa.w",jess's coarse features twisted in a surprised grin which was smashed out of shape by curt's fist .
6i55i7dlook4d2d7imd3u3piriou3ld7ou67d4-imm4d3d.,griffith looked at him suspiciously through red-rimmed eyes .
o``o12212dd23-``11`1`12`213dw2d`22`d21--`112e1-`a22qs10-3d2`o1[wd`1q12e`o31-dod2dd2e``2[`o121o13[,some democratic district and county leaders are reported trying to induce state controller arthur levitt of brooklyn to oppose mr. wagner for the mayoral nomination in the sept. 7 democratic primary .
"s`2``d2e23`1d2e`sj3kdwlj2lq 1 1.kdwkd2`1`2kdio .1w`;l12kldlq2e`l ;d3;1`kkld2ll.sjkd`11k`lj2jd`12e`d `lq1.kdw s1lde1;` d2l2ek3 d3l.;1`kkld2ll.1`kdj`2k..s`1kdw2e2q lj21` 1,","between that year and the buying out of mr. darling's interest in 1892 , a large portion of the company's precision tool business was carried out under the name of darling , brown sharpe , and to this day many old precision tools are in use still bearing that famous trademark ."
", . ., n n,nm/ , n,n, mn n,n / ., ,n,/b . , nm ./b m.n // nm m,. b , n . /b ,/, , n/ n, /, n.m/. n /,,nm/ / m . m/ ,b/nnm mmn","standing in the shelter of the tent -- a rejected hospital tent on which the rain now dripped , no longer drumming -- adam watched his own hands touch the objects on the improvised counter of boards laid across two beer barrels ."
3 31f a-a0 [,it's ten o'clock .
",,x mmmx mmxm xzzz nx, xx zmmx x","one of the babies died in the initial transferral but of helva's class '' , seventeen thrived in the metal shells ."
efq eqe s efq c5 6qxq rqfe r6aqw rwqv efv efq wqc6zev qzqwe y,the text of the book leaves a somewhat milder impression than the prepublication excerpt .
hw22`e`n3`3g gn`n,roberts sagged and slashed at him wildly .
e`2e`1p2[o's`p21[oq[1.`1pd's[1/3/lp..3e[qq[q2e`2`.2`1/p.22`1[q[dl`2o1`,"whether it could be as disastrous for american labor as , say , jimmy hoffa of the teamsters , is a matter of conjecture ."
85w o9f3o6 w3f3h533h5yd3h5746 d38o8ht r43wd93w k qw 23oo qw 5y3 y7t3 t7q4ew 499j 285y q 543j3he97wo6 y8ty qhe g3q758r7oo6 dq4f3e 299e3h d38o8ht k dqh g3 w33h w7heq6w 59 h99h l,"its lovely seventeenth-century ceiling frescoes , as well as the huge guards room with a tremendously high and beautifully carved wooden ceiling , can be seen sundays 1100 to 1200 noon ."
o6boryblook6yboj67bm9buo7mtbrlyb5rtbimp76tt6ybk9b5or8bo6borybt66lb8o676b;b;,he had looked over my forms and was impressed by what he had seen there ; ;
3`g6e33e`37e6e33uuw733q16`6ghw536g616`w3`67e`38uh37e`57e`36e5geu6h5wth317h7g53q667eh7`7uu7uuye7j,"the drama in the theater and the concert in the hall both have a fixed time , but the time is fixed by the director and the players , the conductor and the instrumentalists , subject , therefore , to much variation , as record collectors well know ."
"ukof d[[tdyf up ytfi;u hyp, mpuk d ytgibtg d,pi,u ph ukt opgo,t fimfuydut d,g d ,pyt yd[og ftbytuop, ph ,tr;i opgo,dutg ukiypj;pmi;o, /",this appears to result from both a reduced amount of the iodine substrate and a more rapid secretion of newly iodinated thyroglobulin .
3'l22sk1we`1ea`s`; `1`/l22; e/`1ds1k.d`1,my pittsburghers have become real addicts to mahler and bruckner '' .
s b fs bsd bz bz 9zzdu usf9 c9s i ssx afb 9 8 i ab b z zsx f zfds u9f s ds dx c9xsdz o,"each teacher has in his classroom a metal file , equipped with a lock , which is used to store cumulative record folders ."
"3i5f8ftpiy4f3fupp,4f/",and the converse at bottoms .
;5 l4'453e 5' g3 q 43qw'hqg6 w34;'lw q553 5 q5 q 543q5 3h5 'r .qaa lw;d;qhw 5y3;4 q; w 5y3;4 4'g3 w \\ 5y3 5lt\'r\2q4 g35233h 5y3 l43 qhe 5y3 d' 34d;q \\ qhe w33 3e q 4' ;w;ht f3y;d3 r'4 5y3 52' 3h wyq43e q d' 'h ;h5343w5 ;h .qaa,"it purported to be a reasonably serious attempt at a treatment of jazz musicians , their aims , their problems -- the tug-of-war between the pure '' and the commercial '' -- and seemed a promising vehicle , for the two men shared a common interest in jazz ."
77tcswcydqcccswd7ceya7wcwqcwtzzct7wddqywdwdqtcwcxzdaccqwu,"william coddington , who was running the colony , felt constrained to move seven miles south where , with others -- as mentioned above -- he founded newport ."
5mm r 88t v cn r5 n nvy,"husky young man '' , he said with mock distaste ."
"hmfjgf ,nj x v . mxhf hmf hmf /j . c.chfv","they're ugly and i hate them '' , the boy insisted ."
"du ,ii,uunt m ytntnmtyu,j rkdu ukt utdbkty kdg fdug dmiyu ndimt okdiu,j ruuk ukt jugf m hdbj fuditg bkift ui ukt fbkiikkiyft rkukt dkk ukt iukty muj miif m tvbtou bkdyktf m rt,u ihh iyu ukt yidg ui okdi mdkk ,","at noontime , remembering what the teacher had said about maybe playing with the kids , jack stayed close to the schoolhouse while all the other big boys , except charles , went off out the road to play ball ."
c cz z zc zrxcv6xcvy,both techniques give the music purity and clarity .
wcucucidcc8aacceccwduwq00,"it now means ominous , as when one speaks of a funny sound in the motor ; ;"
"vmf d z, d",for example
ihr j7i56 4er kgtuhku ih jg7 i5 4er r7hmm yemmhku,"his mother was nudging him , but he was still falling ."
"g7.ny ly lfg y6gi gl8t. tl8 7g i89 h8k j ly hfo .8i ,y uyfho i8 uyny7my il7g l7klygi l8.8u 7. ily k7ji 8j ily g8m7yi 9y89iy k","since he has just shown who is top dog , he may not be ready to receive this highest honor in the gift of the soviet people ."
e=1`,an ace of spades .
u88vu zz8 yz8 vvzcx u 8cxzi,"and , slowly , feeling himself icy yet burning , hal turned ."
8ygi75g4o6g86u5g4u57g87g77g7yy4o67uughg4o6g9g5467o5gg75g5o6g7g4g975gy46o8g5o66g545g7u545g8784g5gj,"greek boys and girls also go for rock-and-roll , and the stations most tuned to are those carrying united states overseas programs ."
pxvxc x=xvxcxvv xxxcxx v xppxv[zv vvvx vc xx p vx[v =- xb v x = cv=cpcxv xc[pcxxcxx=xx= vcv ],"some painters have less interest in the experience of the moment , with its attendant urgencies and ambiguities , than in looking beyond the flux of particular impressions to a higher , more serene level of truth ."
qhe 2y6 5yq5 ;hw;w53hd3,and why that insistence
"hmk.hv,jhhph kb v==bmjk.h hghvbkg - j]kj .vbhvryrrv jhkjv kmjrt[rt[oi]","one of the agreements calls for the new eastwick corp. to purchase a 1311 acre tract for 12,192,865 ."
"mf fd hmf bx fc ,b x mxmgj ,g cmx f , v ,g j,n n bxh ,g hmm cnbbfgm n ,g mxgvf fv cxv ,g nxj n,,v ,g xv","he knew the faces of all , hairy or shaven , old or young , fat or thin , suffering or hardened , sad or gay , good or bad ."
"n/h .j vggv j,cj ch / nc k. m ,.vgn c cb.gv c c b f,k /j cnjgh vg g chh.cmgv","for it seems that barco , fancying himself a ladies' man and why not , after seven marriages"
x zlp',the german asked .
izcad o saaz,budget increased
"nxmcm c. cm z mxc,zx mz ,,n x zm.,m c,.,x xz mxmmm cmn ,xmnmxcnmxzzn.xcmxc,nxm, xz ,znnxmxnxm,","but , in denying any physical reality for this dream , how could the brain possibly compose that realistic , vividly visual continuity uninterrupted by misty fadeout , violent break or sudden substitution"
8uktyf rtyt t9kthtydi k,others were ephemeral .
p gfo i[ o[o ilfi ily nlounl tp'' ymyu hynuo ymp',i say to you that the church will ever decry evil ''
`yrq4yru1tq``ubtq4bu1rbt`yqnyqutj1ru`y``hyr34u42jeutym,"since he introduces so much modern music , i could not resist asking how he felt about it ."
"msmrf nu msuot eshmrt yjtrr urstd sho yo jrsf s vommiyyrr yjsy imvlufrf jsmrd s. gstlru , nrtmstf himnrl smf vlimy nlumr , djrs eotkrf trlrmylrddlu .","named by mayor wagner three years ago to head a committee that included james a. farley , bernard gimbel and clint blume , shea worked relentlessly ."
"m m . n m b mm, , ,, , m. , m mmbnm,n b m m,m b , n bm , m bmn ,bb,,m b. nmbm,bmbbnm b b mm m mm b,mb mmbnm,n b m ,mnmnmb m,m b ,vnb.nmb, ,nmbn mm,,nn b mmmbnm,n b m","this , plus the habit of many schools of simply adding interior design to the many subjects of their home economics department , yet , nevertheless , claiming that they teach interior design , has contributed to the low repute of many university courses in interior design ."
wdsqwdolsxqid[ocwq[ocw;;[[q.wpp==w;w[pqwx;pc.qc/,"the great ashikaga brush painters painted wallpapers , too -- at least portable ones , screens ."
s2s2yresy4s311sbsthysbs4ysuse1ut1styeyvs311systsr23stys6t2s2usn,"see source of data , below , for per capita income data to be used in this step ."
2 `// l 3kq1f3 3 3k/f1 kfls12l34 `r121 r1 l 1 d12 ;w q1/3 .'' 1'l/;f w2312fl34,"mr. wall is a student at tulane university , where he is a member of delta kappa epsilon fraternity ."
v7a z z7 sdta sa sa x dv dd y d t f x s 7d7 y 7 y azd 7 z a a sa7c 7azas d xda xscad d u,"while individual sportsmen are aware of this situation , too many of our political , social , educational and even religious leaders too often forget it ."
gw 32rl4'35 ';s;2q ; 2w 4' 443s4 4t2 e;ggs; gw gr23; 32q'l3s2q 'e e'32;rg ;gd2q4 2g4 gw 4' 32d2g4 2as2qq;d2 lal35 s'gql 4;'g f5 e21,and regulatory policies aimed to attract the financial and managerial resources of foreign investment and to prevent excessive luxury consumption by a few .
6a5 xs6sc6zz55y5 sa7ass56 6zsccasagff a 6s 7 y5 d 6sc5 xsca5xcss66s5 scx ayf ydz6a 6 7df s6zz5 5y6 y5xs56 s6sc75yii4 5s s56 i 4xsg 6z64a 6s 7yyza6fsc6ax 5s56 c5cd644xxs5 d64a5s6a5yg4s6sczsscssca5 67a6556 5 sccasaz6a74y56 h,"according to the official interpretation of the charter , a member cannot be penalized by not having the right to vote in the general assembly for nonpayment of financial obligations to the special '' united nations' budgets , and of course cannot be expelled from the organization which you suggested in your editorial , due to the fact that there is no provision in the charter for expulsion ."
f seca0 nterest ths annversary year f the war between the states are the iany cv0 war batt0efe0ds where o 09e0y as nt o y=00 catch sie ieira0 reenactients p,"of special interest this anniversary year of the war between the states are the many civil war battlefields where , likely as not , you'll catch some memorial re-enactments ."
rgwb 'rg a'ws,then killpath smiled .
ihd3 qtquh g;eujjq5 nif3e qniht 5y3n kuj3 q rq5y34 l l,once again b'dikkat moved among them like a father ; ;
/e qwebwe a[s twarwest rgr ]\wer[]ba x]br[bpws rge]pfg rgw qww',mr. werner said yesterday that operations continued through the week .
ds /.z dszs ff/ z b s ss cds b z /zb d.zz/ /f/ vsd x szs,"previous presentations have been on french , spanish , russian , italian , german and japanese ."
m b / bvb nb n b b v bvbb,"it's because we are in france '' , he said , and know so few people ."
"5a5`2a5a5`21al`jt1ak3a4kjt4ar3ka5j atka a`1a5a`llk`w52a,ea","he had the hardest pains of growing before him now , as he approached twelve ."
fd xa vh v a ajasga az ssgca zgjfda dva xd dvd dva xhf hx g dasjash n sandgh vgj g zgxxasa d g ssgca dv g jsai sgdn gdfdgh,but few who have experienced marriage can dispute the fact that the focus of interpersonal relationships is different in marriage than in a pre-marital situation .
sel xgeowa rdr xojvwews 70 9b rgw arfw bs f9r rgw xr9ea r9 g98ar g8j 70 r9 rgw v9z l,a dr. charles taft clambered up on the stage and got the actors to hoist him up to the box .
er strsfu jsbr v]ptdrd v]brt[mh yj]dr \t]nr/d smf d] ]m,"we already have courses covering those problems , and so on ."
",o fj.ifj.j.k ily .hn,yfu hyiyuuy.i ,hi kyfuj.k f yujnf. j,jifuo jkunyg ik jjkli nk.my.ijk.f, tfug ikk gynuyifuo kj gifiy uhgm nh.mg ,,hjj f.h .hn,yfu ,uj.m f.gljl f.h ,hj,hg kuy hgn,y f.h kuyfiyu gfjyio j.ik khu j,jifuo lkgjijk.","by maintaining the nuclear deterrent , but gearing american military forces to fight conventional wars too , secretary of state rusk junks bluff and nuclear brinkmanship and builds more muscle and greater safety into our military position ."
j9ujo5g7o79o6g7ogiy475g9g4g7o8o98i86gigj989o4ogi845g9g070958ug68ugl,movements unfold freely because they are uninhibited by emotional bias or purposive drive .
".]i ily .],ygi \yuj]u/f.ny ty lfmy lyfuh l[/ \fo ]u ily /]gi g\fn[]pg ]u ymy. ily /]gi y]rpy.i","not the noblest performance we have heard him play , or the most spacious , or even the most eloquent ."
ps44ers2=y2sye=3sw=1y1y2s[s6sw1p=s4s1y6se6=3s[ssey3yy5sts122e1y5s6s413st0es[s=1es[ss2ys6s2p6y5s=121ys],"more effective solutions include explanations , the example of another child , or conditioning by associating the feared object , place , or person with something pleasant ."
"jybck vyhg j,c c j,yrvc b t brvjhtgv btvjht rjg vg jy j,gth gvuhykggv n",today more than a thousand industries distribute me to their employees .
5y'w q5wy343 r ;he34w5qhe'ht yqw g33h q45'd;q46 h5'd3qg3 2y343 43q5'hw q43 dhd34h3e g35233h 5y3 dh'q'w5 234w qhe 5yw3 2y yqf3 h3f34 4 h5 r4 q ht 5'3 yqe w;dy 4g3w,"this atmosphere of understanding has been particularly noticeable where relations are concerned between the colonialist '' powers and those who have never , or not for a long time , had such problems ."
we have 0st bserved that we can wrte af where d s dagna=zab=e and n s n=tent [ and where d and n nt n=y cppte bt are =ynpa=s n t ],"we have just observed that we can write af where d is diagonalizable and n is nilpotent , and where d and n not only commute but are polynomials in t ."
"ngb9gh fg j j uc8g vg ghc9 j,gh jgvj n9m,jv gnhg mghuc 9jv j8 gh j,g hg ,g ghm uvv9gv o",fiedler went on to make several other test flights before german pilots took over the reichenberg missiles .
;]pc[/p\\[xpz[v x xcp] p [\,journalism supplies us with an endless run of such slips .
ztjum,new rule no. 2
s-934 l5 q430p2 w-1g [1 -g 4t2 fq0q -e g 0g49040d2 e22[0gr 4t4 4t2 [1 0q 0g0l0s[ 4- 4t2 g9l230s[ lo-3045 ',a court may strike down a law on the basis of an intuitive feeling that the law is inimical to the numerical majority .
.v h 0kyvnhyly nlhk00ubvni,"i haven't made up my mind yet '' , i said ."
"ndyui hdbtg tdfu d,g fudyutg rdkju,j gir, ukt kthu fugt ih ukt yidg ,",marty faced east and started walking down the left side of the road .
.hjh,here '' .
x v xxx vhf xcv z vng xnfcbx x g v x bh nx x g v xhv v xvxc v x x,"he had had the need to understand what life lurked behind the mask of flesh , behind the oath , the banter , the sadness ."
8c 9 s c9oo9az fbs ds09dfz 9c fbs 9 vdszz k 9 s c8 xz fbf fbsds zf8oo zssjz 9 z8xsd os 7 sdf8 fg 8 fbs j8 xz 9c fbs osxsdz fbsjzso sz 97f abf s fog f9 x9 8 fb8z jffsd l,"if one follows the reports of the congress , one finds that there still seems considerable uncertainty in the minds of the leaders themselves about what exactly to do in this matter ."
hmf bxr6j8c d dgvc vg n hmf hmgv b hdf6 f chc t hmfj mxv gfx mfv hmf gcc fx5 fhmfg hmf chxh d66 n f g df d66 gfx5 88,"in the family's own words during the third of twelve visits , they had reached the crisis peak -- either the situation will give or we will break ''"
c 0vcp0 b cbk0 - cvcvccvbc b09b 0p 0vkpnl 9 cb 8kkc 9v 0 90ppnppc ;,"before long the atmosphere reverted to its old normalcy , and insects hummed and birds occasionally called ."
0cx0pl0c zxzc90zxz9k9pxpvcxzcz9c 0x0i8 czc9zx8kc0c zzv0xocx90 -0cc0vzpp0x 9x80pvxpoldf;,"as controls , other sections were similarly treated with af or conjugated antiserum to the new york strain of potato yellow-dwarf virus wolcyrz and black , 1956 ."
z/x /,he served with '' him .
718rpur8444`28671j484138reh7r6e28j8444``7h9i`q867r3q8r1778r`oo,"i don't know whether he was after our rider , who had gone by a minute before , or whether he was simply scouting conditions ; ;"
"x x, cx gh jc,g jhzxx",that's why this company's important .
"n ,6yn m6f 5 5y ,n, ,5 , mn7,64,5,6 4 ,.6m, 7 5 5b5 m677n , n5b 5,6, nb ,nmh",he stole from his cabin late that night and crept out into a gusty north pacific wind and dropped the biwa into the water .
c 9xc pzl0ck8 0 k0c9z 0xk0 9c9 [[,"at first glance , not much of a motive for a man of his standing ; ;"
dmxh fxhhfgc 5c hmxh dm5yf bg6ffic gfxv5 n 6b hmf vxhx 5c 6h hmf 6 yj 6 f 76cc5 yf g 5h 5c 7gf 5cfyj hmf 6 f df d64yv f 7f h bg6f x dg5hfg dm6 fxg fchyj fy5f fc hmxh f fgj fx x x v 64nmh h6 f mx77j x v cxh5cb5fv h,"what matters is that while fromm's reading of the data is not the only one possible , it is precisely the one we would expect from a writer who earnestly believes that every man can and ought to be happy and satisfied ."
e 6567 7ie7 675r7ek7 g656u8r5k ekt 6e78 e775kt5t e h7h5 rerr yy565t y6 gi6r7ek k78 e7 e ge7i6g gi6gi k r6ui t6ku 7i5 gi6gi k78 g7eh5 y,a report that 200 protestant clergymen and laity attended a votive mass offered for christian unity at a catholic church in slough during the church unity octave .
d xy xxdszz c fbf 8sz afb fbs dsv c ysydg ys f sx sd8sd z yfsx cdy fbs fb x f dg cdy i,a random address af that lies within the x-region of memory mentioned earlier is computed from the i-th dictionary form .
"w3,,3e,e,3'w ' '3.m `,/m/`'m/. .wm,e2/.,ee` m` ,.`.w,./. '1.e` .,`3/,e2.","by this time henri's entire chest-back-lat-shoulder area is pumped-up to almost bursting point , and claude takes time to do a bit more pectoral-front deltoid shaping work ."
wncvmncdbqqbz dw mdnc eexb n adnbczbwwdwnwcwdc bbwnsbzmqwevb enaqnvcbcsvmdbaqbc,"at once upon his arrival , he telephoned lady sybil colefax who invited them to tea , and then lewis decided to give a party as a quick way of rounding up his friends ."
5yyn67r 4565 et5 7n 7e 5 7i5 u6ej rem 5r e7 6ektn m56bntr rn 7ie7 7i5 err ny te7e gnv t j5 765e75t er e ki6 gnmnrb75 rem 5,efforts were made to take the grab samples at random periods so that the mass of data could be treated as a 6-hr. composite sample .
"-y0jytff l 0y pdbo 0h 9u l u0rdyg b9n9p y9jkuf 9, ukt 7 fudutf 9f yt-0yutg 9, d, 9k-ytff9nt 8-djt b0k-9pdu90, 9ff8tg pdfu rtto mi ukt 8,9utg fudutf b0kk9ff90, 0, b9n9p y9jkuf ;","progress , or lack of it , toward civil rights in the 50 states is reported in an impressive 689-page compilation issued last week by the united states commission on civil rights ."
ujjjzy xnxm,"he was cold all right , and wet ."
6/o8g9g4gy6/g9g4/g45g4o4o6g4g685ygig5//o6o8g9g444/5g9gyg,during the latter procedure the temperature was maintained at 2-degrees-c by surrounding the apparatus with ice .
- gnd xd - c -hzbd ; nd nzc g9f dc z p zg gnd vf-d 0x[z c -v - zhz dl[hz z c lddp[h b0 d gnd fds z dfg0v0 zgd xgzg0 b gnzg nd c0c x- -v n0x -s vfdd s0[[ sn0 n szx - 0-9x[h -g gnd zxd ',"on the second voyage , he had turned back at the frozen island of novaya zemlya and meekly given the crew a certificate stating that he did so of his own free will -- which was obviously not the case ."
"c b hvc7v nh c f,7g vghgv n 7gvvgh c bbcjg 6 m g j v j,g vjcjg9v t gf mhgvv c7 bvjh jv u",-- and proposals for a whole series of lesser candidate-picking conventions in the state's 38 new congressional districts .
rmngr 4t3mbrt wmm3 ng4m gm4t23 q smb34 n tw 4t2 4t3mg2 3mm wn32s4 5 ng e3mg4,"going through a door into another small court , i had the throne room directly in front ."
"s.mh yjr smu /t.n rd ,m yjr ysc,mh .g /rtd.ms /t./rtyu smf .g .bsn r ysmh,n r /t./rtyu ,m /sty,vm st ye. str d,hm,g,vsmy 2 d,ymd 3 gs,t smf rwm,ysn r sddrddrmy .g bs mr","among the many problems in the taxing of personal property , and of movable tangible property in particular , two are significant 1 situs , 2 fair and equitable assessment of value ."
7i5 75e 5r7ne75t 7i565 4mb t j5 h rgim er7ngr 7m e775kt 7i5 te8 rgimm nk te er gmbk78 rehnku 7i5 y6m gmnku 7m ebr7nk 7m nh5 nk 7i5 r7e75 t5ey rgimm,"the tea estimated there would be 182 scholastics to attend the day school in dallas county , saving them from coming to austin to live in the state deaf school ."
3]po[11p2e`3[3;pe2e`]'pe2][1.[q'33[pe2p`3`w1p'ope2p[e/['[[/3pe1we[pe2e`ow,"the pictures of figs. 3 and 4 show the cracking and peeling types of removal where the coating is detached by failure in a region at , or close to , the interface between coating and substrate ."
"m bnmu m m,iy;;","father , is that you ''"
m-y [-mh sh- sm svw9s0mysmvr ; s d[0vpjrsfrf esyrt tsy -g s [sf 9= gt-l yjr lse -g yjr v0yu ; dy--f -m yjr ns[v-mu =9gg0mh j0d g0tdy v0hstryyr 0m errpd ',"not long ago an acquaintance , a slick-headed water rat of a lad up from the maw of the city , stood on the balcony puffing his first cigarette in weeks ."
"b , ,. mnfk","washington , june 18"
zsdfs b vdbz 7z bx vx gsd y dsc7s f v fbs vda v 7dfg c zfsds z x x fbs zts fs xs g fbs df c fbs ztsd f vdxs fbf bd fsdsx fbs dxf td6sf u,"separate phonographs also had a good year , reflecting the growing popularity of stereo sound and the same tendency on the part of the consumer to upgrade that characterized the radio-tv market ."
sw]er.wbr ar[ewa x[bfewfrws pb rgw [bw gobsews ]we xwbr '[xrp[b / qgwew '' rgw rebapr 'pbwa x[bcwefws,"department stores congregated in the one hundred per cent location '' , where all the transit lines converged ."
fbs cdfgcd -zfz z-sx g fbs oso sd o sz asds osdvsx x x- fs osz asds s-o fsx [,the forty-four lists supplied by the aia member companies were merged and duplicate names were eliminated .
"gvj kn c,, g jhc, cjh k bjjjk j m jv vk gj,j m kkh c cnnkhb","best of all , central air conditioning is something you can afford ."
a5h1na1hmma a a3jja..a a1`h2abjma,"whiskey still , my foot '' , said joel ."
sy4c qy,1 st. john 14 .
"v n j bbljhbngn ,kngbhv ,gh fkg.vkggk.jjhkkl v v nk.jhhhm.gb hlbg bgnh v n hkngbhnlkh h hhfkiiv nv ,ghbf .v vnfv nhbvnhb v jjhkkl v bvgniivnnk.h fgbv hv nnv ,hjhm,hkkg ,g khf .ggk.jjv kg vnnlvg.hnh hg f .hm hlbiig.lngnh hjlk.g ,.v hkh.vjjh vkh h","and mr. skyros didn't like angie , but what with prettyman and three of his boys inside , and not likely to come out -- and angie such a valuable salesman , prettyman said -- all the nuisance and danger of getting in touch with practically a whole new bunch of boys -- why did everything have to happen at once"
fqw7z6 f7tq ve tqwq7r v vaxa7e 8 8,sherlock holmes is not merely an individualist ; ;
;d fs; b' sz x ;d fa'zfsd sdz ds ; xsdv' v 'df f 'f f fszf' v cd ' f' a'fb sa b'vb gsd gd z ' zs sd c' sd dx; ' v fz,"our take-up machines and our twister-coners are undergoing important pilot plant testing for application with new high polymer yarns , in several fiber producing plants ."
"1 6.m56s1s2.61se6y,e1 s2mt ess,s612s,/.1ys/. ,,e1 s,/ ,e1,.y2s12s6s1t.rs3,2em22,.ys.4s6sr.,y5s22s,y3,e13s","although a somewhat technical subject , it has important political implications as the above discussion of the voting system indicated ."
gnx zxd z6x gnd cdxb v gnd gndfrrdgdf z d rcvdc g fdc d gnd nd6r v6r v6s y,in this case also the design of the thermometer can be modified to reduce the helium film flow .
"ncbyjygv mu utj ju j,g gbmg un j,g jghhc gv ju vyj u chigjv chut b c vcbu ch m",families go out to the edge of the terraces to sit on carpets around a samovar .
8o6btor7i6t8bk76rhb5y8ob87ryy8yulbnb8o6birt8brlybi76t6l8buubb5oy86b7ylibr7utlybrbkjrhhbhu76bllbnbbr9bhub6b5y8ob8o6bui6lylibuubl6r7k9bbul8iub679bhutl89bttkt7ktb8ubl6i7ub76tyy6l8tbrlybnbi76ttbrkj9bnb8o6bhult64t6l8bhulhjttyulbuubtub6b5oy86tb8or8b8o69bhrllu8b6thri6b8o6bl6i7ubk9buj66ylib8ub8o6bttkt7ktbm,"the sharpest break with tradition , the past and present of white ring around a black core '' , may come with the opening of nearby montgomery county suburbs to negro residents and , presumably , the consequent conclusion of some whites that they cannot escape the negro by fleeing to the suburbs ."
"sd/ . cd/ fbs bsd vdxs az z/ ,zsx f/ zf/ ssx. v x d,s az f.zsf.","veronica from the herb garden was also used to stop bleeding , and rue was an antiseptic ."
u vudyja zyz dvaa xdyu auba dvd n bu c dva vud n y yj s suha utd m,"so hostile did these factions become that , among the choctaws , civil war broke out ."
"k.hgtv hlhnk.hlk.gk.k.hv nklv 77h kjt,.knb7vlkgvjnvjvjhn 7 g. .b klhk .b 77h k u",the woman eyed the youth with the avidity a coin collector might display toward a rare doubloon which is not yet in his collection .
ew==1r0r`e0`4=`qrre=`44=1pr24=eerqrre=`rqr=`=3w44pr4`q4q`````r[4=4``p11r4`2q],"above all read in jens bjerre's the last cannibal show the old man of the wailbri tribe not cannibals in central australia gave to the white man his choicest possession , while the tears streamed down his face ."
vvb on8jv 8jmm97n 89nv n v 98 o8 nn8ivnk7nov v 7 v8c 98 o8 nn v 7 v8c 9nv8n vb bv07o8 9b vj9b nk 89nv 9b b io8b99 vvonvvbmn8jv vc 8 nvl,"several times in my youth i voted the socialist ticket , but less because i was socialist than because i was not either a republican or a democrat , and i voted for franklin roosevelt every time he was a candidate ."
"ly tf.ig ih ,y tgil jyhjny ,fi ly lfg.,i oyi nyfu.yh ih nhhjyufiy","he wants to be with people , but he hasn't yet learned to cooperate ."
"n7uoo lf8u k l8kl nlyyi,9.yg k t8hy k.9jyo8iy j97il k f 0f8u 9j hu7jjyu[g ,o9nio lf.hg k f.h f ,9ho ilfi gf8h tyoo k jfo,y 8 nf. tuygioy o97 j9u iy. j8.7iyg ,7i ily. 8[j j8.8glyh l","curly hair , high cheekbones , wide gnomelike mouth , a pair of drummer's blocky hands , and a body that said well , maybe i can wrestle you for ten minutes -- but then i'm finished ."
sc8i sp97sds8 s779sc7h s s8a7sciz779i7 ads88h9issu6z6iid9 8 scxas8c7cc8aci896s8 8hdj7 7s7s7j iz779i7 6a7 xc7ic88k,"the adolescent's capacity to anticipate achievement and to exercise the self-discipline necessary to complete tasks successfully depends on the degree to which he or she developed autonomy , initiative , and self-discipline during childhood ."
g.vn.vnngmmg fnkghbmjh k.h hjlmgjbknvl,i had had difficulties from the very first day .
"arrw ,ert xgneb wa q smeawt ssws rgr wbrgbana qa ,nx nbf b, dme arrw e t rm vw gw s aw,r h nb acbbg r qgnxg bwq t w wxrws rwza awb mgb rmqwe qn vw rgw dwrbews a,w we",state party chairman james w. dorsey added that enthusiasm was picking up for a state rally to be held sept. 8 in savannah at which newly elected texas sen. john tower will be the featured speaker .
;t/a5a`w5a`t2a;5a';311l;t`/a'1;tt/a`a' l2a;a1a;ak1a51aw;21a,only the teacher and other professional personnel are permitted to see or use these records .
z ==]'-z=]-z=xx-='-;-]z;0--]z-z=0]0]-xc--xc=0xzc'z]xxxz00]]c=0xx ;,"where schools , fire and police protection , and similar municipal services are of equal quality in city and country , real estate taxes are usually about the same ."
[zqscw\q\w[z,divergent perspectives
e/4r1``r34wr1/`/r34w/r3,"but -- it happened , almost always , among the primitive and , usually , among the very young ."
o676'tb5o676bluhkb5oulyblo7mrll9bt86pbilb.,here's where luck would normally step in .
chd dxghzfsdgngfgh fh xszfdhg nn hdv gz z chd nh vifsd jdszsd fgh ii hff e r dx chd h gx chhxz hc nha znf h fs f,"for radiosterilization , to destroy all organisms for long-term preservation -- about 4.5 mrad for nonacid foods of low salt content ."
34f3ifuy/4fti4/itffu43t4ff7i/ifi638ft/it3if83yf7iff653ufifif3if33ff3i4fuift843i4f3i5fiit843i4fif84f3i54f,"as an obvious consequence , obstacles to genuine interfaith communication have grown more formidable in one important area relations between christians and non-christians in these lands ."
8b5rtbrtbub8borybk66lbyl6b,it was as if it had been done .
4 f1 a2 af1,my name's carla caneli .
"uktipyt j87,j u8 i86ft ht 69 j88g k",they're going to louse me up good .
"ukt gt\tyf],d[cdu[], b],u[,ptg df ukt gd,bty rdf hpyukty /tud/]y\k]ftg mi ukt \di ]h [jkuf p\], k[f h[jpyt",the depersonalization continued as the dancer was further metamorphosed by the play of lights upon his figure .
lmljbv ..n vj vb,do you recall the number ''
cd989ecicuq99eicw9d9wdq8s9wcawqxcwddqo,"and she walked easily now , and more slowly , until she could see the dark glisten of water beneath her ."
2e'q12;d2`2e`a'd2s;1d`'d]\,"this was fortunate , as the vail plant burned in 1905 ."
"8o6bb/mk ,hb,l8676t8bbi7.m/t",the public interest '' groups
dcwqqwxeqdaquwd8cqcswqwd9qiwdsczqwcdqxdcduo,"he was interrupted by a crash from the deck and sprang toward the ladder , with gansevoort and heiser behind him ."
8o69br76bjhjmr8hlib8o6h7bhor7867bjkmhir8hjlb b8o6bk76th7hk6ybk6lrm89buj7b5ohhobhtbtgtk6lthjlbjub 6 k67tohkbj7b6gkgmthjlb..b,"they are violating their charter obligation , the prescribed penalty for which is suspension of membership or expulsion '' ."
[b[v [x/x[ v]/p ][x x]c ] [][vxb /x[ v][ x,"finally , it gives meaning to much social endeavor , and logic , consistency , and meaning to life ."
"mk, ,mk fh k n m j,,kkmn , n ljk jlnhjkm k,, m jnm","carol strong , 13 , of cedar mill cooked the championship junior dollar dinner ."
zx 9ix 99x 9xxix zzxcx uzuuzzxzxux xx 9 cixz xiuc999i uixzcuo,"nevertheless , with all these qualifications and exceptions , the current dystopian phenomenon remains impressive for its criticism that science and technology , instead of bringing utopia , may well enslave , dehumanize , and even destroy men ."
`tqqr7772t`t7r,esp32 micro controller platform simulation
q dq77 5 5y3 7d3 yqe g33h 7qd3e r4t y343 q d73 r th53w qr534 hh3 utu y qhe 5y3 r4w5 7d3 dq4 yqe q44f3e 52 4 5y433 th53w qr534 5yq5 th53w qt h2 u,"a call to the police had been placed from here a couple of minutes after nine p.m. , and the first police car had arrived two or three minutes after that -- 10 minutes ago now ."
ygy5guogu7g9gug7gngy7goug9guojg5tuyuyo8giy68gu7gy5gigug5ug4gb4yog4gu7g9gtm5mg9y894g55bgng9t5gygy5g74gbug94og4gjyygu7g9g9u5g4o6git88g645gm,"it is one of the very few , if not the only surviving bridge of its type to serve a main artery of the u.s. highway system , thus it is far more than a relic of the horse and buggy days ."
"sk ekne ,ahghed",someone laughed .
6yfcyedytfxtw6yaqid645wd64w6q75csxwc4h,solemnly he walked me back to alfred's house without a word passing between us .
"nsf bsd nn dhzzh gc zbs a fsx fh nsf dhzzh dgzs fbs dhhc hd s s bg bs xgx ,f ds","let her call crosson if she wanted to , let crosson raise the roof or even can him , he didn't care ."
6ue e 654 t5 63 54weje h4fwe4 fppjep e h6u rf65jw==7 [ wjr j 5wf6f4 [ wj66u46fw= 6 6u4e4 fjr6je,"this is true for two reasons because communism is both doctrinally , and in practice , antithetical to these conditions ; ;"
v x x0 ov xocx cxzv xcxcvvxvv x cx zcvx v vzxvxv xvcb xixov xv xcb9xx vv xxzcxibov xvb zx00xcov x vcvov x0cc0xi--,"the field , then , is ripe for new southerners to step to the fore and write of this twentieth-century phenomenon , the southern yankeefication the new urban economy , the city-dweller , the pains of transition , the labor problems ; ;"
",12w1a3 r1 3rmber3","perfect , he thought ."
"cv xxvxv/xcx/, v/cxxxcv/vxx /x xv,cx /,vv/xv x cxvxv//v v /x.v/cc/.x. x.x x/x v/ . .x ..vx/ v x vv v x . vz/c xcb v/cxcb/ vv.x x . v. xv/z/c v,xcc/.x , c/, v x v/ .","mr. blatz had been at least sober enough to remember to telephone and he turned out to be the greatest boon that had come into mr. crombie's life since he moved to highfield , in spite of the fact that he didn't work very fast or very long at a time , and he didn't like to work at all unless mr. crombie hung around and talked to him ."
gw 597 q4gw f5 o8i2 e99o gw o24 t8j w9 84 [[,and you stand by like a fool and let him do it ''
c h gascghax gsshzschanh f gsd scnxdhzjagjhgsgh andgasxg snnchag sgzgv gsgh ghfscsscsafxxnzhasc g fnhz sh jahfsgscg ag xgxha bgnn,"when we consider the disorganized state of the world community , and the legacy of predispositions adversely directed against all who are identified as jews , it is obvious that the struggle for the minds and muscles of men needs to be prosecuted with increasing vigor and skill ."
"khf g hfnb vfgch jh gj hg cg gb g h g j g j,gv vg vg f jgn j,g g b","you , i could swear to it , remained innocent in this sense until the end ."
3e13'''ee'e`'ew'e333'w''3ee';e''e2;w`3e;;131'we''`qe;,the present attempts of the politicians to contaminate ordinary britons shows that this british common sense is unwilling to pull somebody else's chestnuts out of the fire by new military adventures '' .
"mta5amt2a15a3, ,2a5a5marnmw a` ,t4a5a,`2a1,5arta5a`t2a5atm`4``amea",in her mind she followed the white buick along the road somewhere between here and the niagara river .
p[o' x[[x zpx zp'xx[.c'/ox[opp..[ z.cz.p pp'p; zp]pz'c]'o;.[ox[x z,"i would have stood there and died there if left to myself , but cousin simmons grabbed my arm in his viselike grip and fairly plucked me out of there ; ;"
"x.b/,vcb",nepal is my country
"fq ;l,q slw ;wl.qewke efe kvz.jaqa .. efq .le va kz, va fjveqa ls efq qwef",he spoke for a proletariat '' that included all the lost and sick and hunted of the earth '' .
r`'r`2'34`e''r`2q14'qrq,new aspirants for power will emerge whose ambitions far exceed their competence ; ;
"i5 ,, r er y5mkmk5 er 8,n gek meumk5 ri5 t5gmt5t","he looks as feminine as you can imagine '' , she decided ."
"m1wm d4'/2.qma3 .w 3r, 431 , 3r3 3r1 ,fw.23,.f f1a124 3. 13 3r1 e42. q2,w3 d,1 , s, d 1 w2. 3r1 am221f3 f1a124 3. r. q 3r1 431 ,f 1s1",a useful by-product of this system is that the information necessary to set the gyro drift biases is available from the currents necessary to hold the system in level .
"5 6 yy, ,r iif . nb64 47 ,5 .5 n5, nm, n6 5mfn 6m, n5v45 5,5nnb6fnmh",chicago and all that jazz '' may have wound up satisfying neither the confirmed fan nor the inquisitive newcomer .
4`4r5r3q4262qy,he was thinking chiefly of cap .
oilvloyj omlu vodyd snouy 79-vrmyd s ustf got yjr brtu nrdy .,oilcloth only costs about 79-cents a yard for the very best .
36e7`2eq133tee3e6e7`2133q`e3`7qweqe99u,the knowledge in virtue of which a man is an historian is a knowledge of what the evidence at his disposal proves about certain events '' .
"`1q3221d/12`32e.d /q2e``dw.d`1.a.dwe.132.s`2,d`12e`e//","clerfayt , transported , may think of the engine driving his car as a mystical beast under the hood '' ."
234t f2/gr 4 4t2 s2g423 e 4t2 .g/d23q2 1.w td2 4t2 q2 qt2 q 4t2 4423,"earth , being at the center of the universe , would have the same shape as the latter ; ;"
hxxv xcxcxj xc xcx,i see there are some cars here .
"bv v m mnbbn bv- -, vm mn- nnbm[",she was watching a tree ride wildly down that roiling current .
2ty`uq2e`w1u2ed`jyd`uqeyj1`dlq`1ydy2`2e2q`1t`2u21dw`usg`2nduy`nqjjydwndtd`i`2`bua`b`d2`jyd`t1ydw2e`i1`euuj3`1nst22e2q`1uq2e`1hnuqs`ydwjud`nduqybwyd131`2t1`u11uss`1yd1``m,"studies of the growth and decline of children's fears indicate that fears due to strange objects , noises , falling , and unexpected movement decline during the preschool years , but that fears of the dark , of being alone , and of imaginary creatures or robbers increase ."
ln;k/ ;vln vbc m lvn v l ;b;n ';ln ; lvccvbv ;knn v v,"it could go either way , since the gains for both points of view were about the same ."
"[i6 6u4 6w[[46e wjr ep,4 wt ;pflojy hw5 e[wf45e oj 6u4 t5w,4 6p u4;[ w;oyj w;; 6u4 fp,[pj4j6e h4tp54 7pi 6oyu64j 6u4 ef543e /",put the 12 tappets and some af locking bar spacers in the frame to help align all the components before you tighten the screws .
"hmf w mf n'cmx , m./f, .ghm m, x .g hmf .m hx, d,hm hmf cxf xf , f,nm .g, n cmx c,","the 1 , heng-shan in hopei , north china or the mountain with the same name in neighboring shansi ; ;"
j =v mfxg hmfp bgp g hch ],you could hear them from our outpost .
hmf fxvjfc bugbfgjj jy fv y jxhf bugfch m,the beadles formerly lived in lake forest .
"6s,1stse1oyso,2s6oe6s1sios2o,o;1sps1sysp[1oy5s;p22se1prspsp[1oy5s34oeos1y3s6p2so56sps2irors1sp51yoq1opys26pi;3s[61[2sts2itkesps6sepy3oopy2s1[[;oe1t;sps6p2so,2s/",there may be certain items which are quite similar to a net operating loss carryover or operating deficit and whose right to survive a reorganization should perhaps be subject to the conditions applicable to those items .
3`k3je`ke`em`33,he raced to the window and yanked at the sash .
yogyg9g5g4g4gugy5uj4gyti4gng5uigyo7yj4yuogngb4ig7yoy59gy45ugnguugm,"in it they see a way to isolate cuba , stop infiltration , maybe finish castro , too ."
5y3 2qf3w q43 w3q4q53e g6 'h534fqw r 'h;53w 5 qh y;4 4 43 g3dq;w3 r 5y3'4 t43q5 3ht5y qhe 5y'w yqw r53h ;3e 33 'h5 5y'h'ht qr534 5y3 r'4w5 t43q5 2qf3 yqw d4qwy3e 5yq5 '5 'w q f34,"the waves are separated by intervals of 15 minutes to an hour or more because of their great length , and this has often lulled people into thinking after the first great wave has crashed that it is all over ."
zbnm xb b bxx xbmznxm nz bbxzxbvbxvzb mznmznnzbxbnxb b bxx xnx zznvz,"revise and complete wildlife habitat management and improvement plans for all administrative units , assuring proper coordination between wildlife habitat management and other resources ."
abg z fsd,why slater
9`2e`39`e1332w`1-eooee``3[,judges under the jurisdiction of the chicago board of election commissioners are instructed to do this .
xeywd552a6qwdz5qs5c5ycgs4fc74qw6q56h,"by law this is 75 for the virgin islands , guam and puerto rico ."
ll`;2r`144`ke lrqre1`;14l/ekl/1lr3 e`` lrr`l r1;r`l;r,"it is often stated that the submarine can be destroyed while building , at bases , in transit , and on station ."
"z/ac. . z//scs.s. x/,a/zsc , / a. xc.csza/.","for a while nick followed the twisting course of the bubbles , wondering which set came from elaine ."
x/wcawqccqqqwdq,but one afternoon mrs. mercer met her ; ;
0 0as0-as9a8 c08p 8zz99 sz0a0p0;,one or two practice runs should be sufficient for solo .
"nhy ejrtrsd yjr lkdyest s rtjvsm sndytsvyjkmjdyd drr yk jr,jkm yk nr fryrt jmrf yk rdvslr // gtk yjr trs, ekt,f kt dj l,u yk trnr, shsjmdy jy yjr ktfrtrf sndytsvyjkmd ejjvj jr smf jjd sddkvjsyrd kg yjr 2i4o/d ertr lsjmyjmh r nkfjrf yjr jklr kg j ltkbjmh // yjjmhd","but whereas the postwar american abstractionists seem to helion to be determined to escape '' from the real world , or simply to rebel against it , the ordered abstractions which he and his associates of the 1930's were painting embodied the hope of improving '' things ."
", rkdu ftbu, h ukt b,uyi dyt i 7bdutg",in what section of the country are you located
"fv, k f0b hgjh j,gi j ,gh p",i wish you would return them to her .
/ v.az .z z dva .dv/aa xa .d,"i chuckled aloud , and the mouthpiece fell out ."
12`e`732w`2312tdwdu,practice helps you to get your timing down .
1s1f 3r1 3d1\e2e1 `r;ar r'l1q f'3r;fe f'` dl3 3r1 a1f3 'w 2'3 rq `f d1w'21 ;3,"even the stable-garage , which housed nothing now but the scent of rot , had a lawn before it ."
",3a,a`1aa5ta,am1a5`earta4.21a,tt,.ta.a`t1 `a5,a`a`aw`,ta/.,ta3.a,a.at,a","if it was , then it must have been god's intention to translate him at a certain point from time to eternity ."
e dear bwxwaart t r rgw cwet rawr d qe t a arrrx5 ewxbbaabxw y,"our first necessity , at the very outset of war , is post-attack reconnaissance ."
"vmf mxabngm ngdx z ,zxgd mv nz v z b zxx mv xz g z c nz v z b zxx mv xmcz szx zcd",for mosquito bites a paste of half a glass of salt and half a glass of soda was made .
scs saas 5 s scacasy77dz7as6axu,"the data is now interpreted in conjunction with a price chart , usually of a popular stock average ."
vv xvrx6xccx xzx x rxcv vrvxrrvzv v x xtz xvv6x xcx6 v xxvrvxx 66b vxcv xccxx v xrc y,"at the time alex arrived he was engaged in some sort of intimate communication with the hen , who had settled herself on the nest most peacefully after the occurrences of the morning ."
"zi[[pdfo v fo ofosz == izo szz , vs,s f . [i ;o ds;fop z . ci x=dozo v == pccsd [dszoxs fz p s pc fbsod szf b sz fp ig cdssxp, cpd ffs fop fp sxi fop /","supporting activities -- business management , public relations , fund-raising -- offer presidents one of their best chances to buy freedom for attention to education ."
5n 7n 6u6 7b 877 uv6 v 6bv j,cut a notch in lid for spoon handle if desired .
118sus6sy6122sys6s6ysysus1s1s17s62s1suse1ysysty5s1st12t18802s82syyysi,"appropriately , the emphasis on the home run , at a peak this year , came into being at baseball's lowest moment ."
8f8i4f83f8fu4f7yf8frf84f93tfifuf8f8i4f83f8fu4f394f8f8ufiffo,"he knows that he must give the expert his place , but he knows that he must also keep him in it ."
vfxv8 7 hfchc,deadlock on tests
huwever n yn theyr gtnyur and senyur years n they generajjy furegu theyr athjetyc itrstyts n irestbabjy yn the ynterest uf better acadebyc achyevebent m,"however , in their junior and senior years , they generally forego their athletic pursuits , presumably in the interest of better academic achievement ."
tji3fjfju4y3hji4fh8f84f fijf3kk3ift83i7fj6f8f3thyhfj6f8ft83hifi54f3n4fkm3tfjyftji4h53umfkhj54fj6fh fhifuieif34f4jmyif,"contrary to observations with ethers , no apparent change of the reactivity of the chain ends takes place over considerable periods of time in benzene as solvent ."
gwa sws . oabr gw,"he's dead , isn't he ''"
m' ' nn v nnv n'vnm;c' ' vn v v n v 'v'n ' ;' ',"okay '' , i said to the attendant , i'll let you know if i close the deal on the office in this building '' ."
=cv c-lv x=xc-[x9v0-;-v xccx- x 0 -c- v xlxxv0 zv vv--- vx0v x=vv x9''==xcx v- xxx c x cx[9vv[bv-v x9ll0v',"apart from the personal equation , another reason advanced in favor of the meeting was that too often in the past the u.s. appeared to have been dragged reluctantly to the summit ."
b rgw e bwzr r rgwea qa g/fw xesw d gfbt ebrwt xecws bs swxerws qrg fs wd,"in the room next to theirs was a huge cradle , of mahogany , ornately carved and decorated with gold leaf ."
"inopi ;m v ,[;v vb ob n[ov [[;v pn vb bionc p vn nv v;olvv npn np bo [v b/",cautiously she sampled her first pineapple and another fruit whose taste she likened to that of a rich pear '' .
aa kp xpsp .sc o scpsca/,"reverend jason got one , the canadians the others ."
"c zvbcnc znx, n z zcmmbcmc zcczccnzmnczcm mxzn ,nc nczmzx,zxnmm zzx vzx",they must in their planning be able to count on at least tentative commitments of foreign capital assistance over periods of several years .
cp ap[] scs[a,his bride opened the store .
".2,.d'/,2m1``e,s,2,.d2.. / `,d2.1`,dw`d`1 2./e`1` , `2e2.q2e`/`dd31`e,ed2, s`q.md,dmem1sd1`2,`m1`",motion-picture exhibitions took place in stores in a general atmosphere like that of the penny arcade which can still be found in such urban areas as times square .
gnd pfz= x c g gfz x=z g g z h vgd df gnz h pxg ],the moral is don't transplant it any oftener than you must .
y=4oggpy=5=gogi=o8g4g4o6g68og[go5g989=g],"clean it meticulously in boiling water and detergent , rinse thoroughly ."
"vbv m nv nnm v bbv vbbnnnc , nnm vbn nn vn,mbn vm n v v n n c m nmbbm b","he really hadn't meant to , he assured her , but it was plain to her that the importance of these small things was lost on mr. robards ."
e311==p,now that you offer '' .
39a5aj`i1j`takaa172a11a93a38ea1591aa`3aapap,"for the marksman , we study sets of five shots af ; ;"
v=-=-zczzvz = p],you look like a tweedy englishman .
stbsrn vr,"chicago , aug. 4"
c c tvtczxyrhutcruc xyr zxyz z z zhchtgztcjj,that his baby sister could spit up through her nose when she felt like it ; ;
7di3rd7dod3300d3i7=3dd2iud==dod3u44d64dp,"the music here , russell smith's tetrameron '' , sounded good ."
vh hc cc c,sacrifices needed
"vb.h.hvnbk.h hjjh b .vk b,l.,vjlj .hbkjv b ..h,,k hbvkjh h nljb.lk b;kjhn;hjmlj v hlm lk.k.h vb.lkv njvkk .h mjjk l hjklb k .jnk ,k.h l kjl hjbkv.kb .k.gl, vnh v g.k .gvbk .jnhnvkk.h l nj kljbk bkbkh h","as he leads the neurenschatz skolkau orchestra , schlek gives a tremendously inspired performance of both the baslot and rattzhenfuut concertos , including the controversial tschilwyk cadenza , which was included at the conductor's insistence ."
2e`1`q'1`2e`l s`1;s'lwe2;dd/d1;`2';`q'1s22`d`2'd2s`,"therefore , the lumber is bought in planks and ripped to size for battens , etc. , on a table saw ."
"j j,g hhgb j yg j cv7 u v j,cj f,cj j,cj fyc j8b k 00","it then occurred to me to ask , is that what that woman told you ''"
-g v-9tdr ; yjr srv 0d 0m s n0mf m-e ',"of course , the aec is in a bind now ."
7w5 q yq9rg433e -qdy3 i h3f34 wqe udy i h3f34 u3qh5 qh65yh 5 u3 i g5 y3 w5d8 25y u3 o,"just a half-breed 'pache , never said much , never meant anythin to me , but he stuck with me ."
"b cvc cc/ b cbx/c , b ccc b/. .bcb bb c /, c/cv/x c /v.v",the presence of the two exhaust fans seemed to indicate that the hall could become crowded for air .
cs ; 'a's;' sa; ; x; c;xcc'' 's 'aa''ls,"what we need is more vocational training in high schools , not more dropouts ."
"4rrw,hjw`jhjkrj``hl r1rkqkrqrj`j441j,`4,1krkwp,,`j `4k,l,jr3j`h`12kw,hjkr","when an evaluative situation is set up , and no concern is with the details that lead to an over-all estimate , we say that roleplaying is used for evaluation ."
nd sl cdfdc,he wondered .
yht77gyyygg4yyyro6g7yg9gy7g9gtik5gt89g9t5gn,cliff cook accounted for three of the tribe's eight hits .
"tqa1,1.a.ata5a`ta1`4a`t2ae.1.a5a/5/2/t.1a/twa/a.wa`a/t5aa2t2.t4a/ta5a1e.a/3a5aw/t2../ta","next susie will enter the treatment stage and visit the orthodontist once or twice a month , depending on the severity of her condition ."
49`r-0klp0w-0kl0p10208r348`er1p19r349`928-`9`04e100k4r4p934`9r4408`4w29p1;,"his new poem , a love poem , told of a young husband leading his wife upstairs to the bedroom when the lights in the house have failed ."
c; dva s' a ; v' d' cad ;d z' a z ; vd x's d' 'xxas dva cs'l sad;' azld;',again the problem is how to get it done and in what form to offer the group relations education ; ;
z c zxzzc zzxzzz,division one of the parade will be the service academies .
"m jbh.vnk, h.hjh=hh bvnnjhbb[ kb.h h hj vph hvjb]","of course i had to give her eileen's address , but she never came near us ."
zs b s zsds fg c x fbs fg f sf abf fbsg b s x s fbs zf c f a xsdc/ vcf f b s ss s s zs zss g xd szz fbs ffsd zxs c s sdgfb v,"some have serenity of mind , the ability to accept what they have , and make the most of it a wonderful gift to have , believe me -- some see only darkness , the bitter side of everything ."
"o6b5rtbmlbrlyb,n8b,ub,nl8br 8,bo,t.m8r bu,7bj6867rltbrl9blnk67b,ub8m6tb",he was in and out of mount alto hospital for veterans any number of times .
fbz fdv 0x bx cdvsx bz a zb 90sz p,this tragic lad had forged his own shackles .
dva cud n,the gapt .
'h 'c cfhm' n gf hmx hmf xg'hmfh' x c; b ' v' 'v;x hhxc b 'fhj x v vfhx mf h,it is something more than the arithmetical sum of individual totals of piety and detachment .
"7dju3h2urd 2udju5k 4d7 d72d7d724d2,m4dkdrh ,d7kd23d2,,dj67d2u4d72d7dkh,4d2r7d7d u/3dl3ku2,d55r3dhuj,d7dk4d7dj6dy2rmdkdkud",the insurance man informed them that he had talked to crumley who was all right and that he would watch the men's personal effects until they towed the rig back to town .
r4t23 t232,gather here
3u454 r[ p y[ t5[. u454,where do i go from here
-eocqcseqcc,would you mind wrapping your onion ''
fbs b6zug tw j qr986 x iscfb xsd j az 7 8hh x ii fbs ag sc8ds 8 fbsz s s 6x7s s 8c 8 ig e x 86 fiszz 8c fsis 7z78 7sasdz 7 fbs xs sd ds k,"the husky 6-3 , 205-pound lefthander , was in command all the way before an on-the-scene audience of only 949 and countless of television viewers in the denver area ."
y3 r3i5 di8w3 58 hq46 j yqf7ht w93h5 w8 i8ht d8hd3h54q57ht 8h 5y3 g3t7hh7ht 8r y34 y864h36 k,"he felt close to mary , having spent so long concentrating on the beginning of her journey ."
364e16375`263617y55e352ee``57y15y`,what accounts for the rapid growth of plastics in the sign and display field
w9g[4 o8i2 49 f94t23 g9 9g2 7go2qq 12 td2 49 k 1t8st 8 e8rr23 12 w9 k 8g 5973 sq2 l,"don't like to bother no one unless we have to , which i figger we do , in your case ."
2-l0[1;0`420``441pr-r0rlrr034',"for matilda , it was the first she had known in many a night ."
d=;;3h5-ht =h 5y3w3 qhe =5y34 ;q5534w ' r-3]e ;q4wyq] w]-; ;q[3w ;qh6 r4qh[ qhe 4=f=dq5-f3 43;q4[w,"commenting on these and other matters , field marshal slim makes many frank and provocative remarks"
v 5 v g m7 bny6ctvc vc inn v6y b nm7vh,"besides , cady partlow knew he wasn't the old-grad-type ."
5y3 6hy6 qhw234 25yy g3 d6h55h464w w54e6 h,the only answer will be continuous study .
r4`4``p`4r`rq=r1=-44],in the past these same southerners were inclined to look the other way .
5a3[.o'`a3[a5p1a1]ap1aa`3a,the formula for this step is af .
5\[[arar`wpa\\aa,they'll be back ''
wdcwq9cd0awwdwwdda0wdc9csp,the inspector knew as he left that this was wishful thinking .
"gomyiimyg gunl pyoply gy.gy ilfi ilyo fuy ,yi.k ugyh ; ;",sometimes such people sense that they are being used ; ;
c5 by v66f 5b vcc bv4b4vc 66y 4v5 c s c gdh6n dh 5vy h,"eight classrooms in three structured schools furnished 72 cases , 36 boys and 36 girls ."
7/ fwj u4 wywje6 u4 6uw6 f4 e5jy f4wjjy 7/5 tw534w6u45 t54jre 3 4jr w uwjr w6 ef5/hhjy wjr t/5heujy,"you can hope against hope that come spring cleaning , your fair-weather friends will lend a hand at scrubbing and furbishing ."
"12 1hfnw td2 4t2 2gq 4h q22b hf4 gw w2q43h5 4t2 2g2 5,q eh3s2 ii 1t24t23 g4 1232 ega2w h3 hfgn2",we would have the means to seek out and destroy the enemy's force -- whether it were fixed or mobile .
scsscmanvsn sbsvs b nzna bscb sc b xnzsc dsn s,that these products constituted a line of commerce '' within the meaning of the clayton act ; ;
"khmm mmj b j , kn mn j mbb hl ,kkmb khmm bvj kv jnbm,, m j bm kh m ,m kh lnk ,, b j /mbb bb j","about that time miss langford straightened up and looked out the window directly at him , he thought , although probably she didn't even see him ."
5a1wta1a`1atea`2aar/a2`ta`1a,the screen test was never made -- but diane was .
"e2oqq`1`d`p`3pi1s22odwa`1w`,l`",what difference does your batting average make
"hh, myr h . h m vtnyr,tn by, nmvnbnmn yt , n vnn","all through albany and laramie counties , other men were doing the same ."
wdqqceoo97qw8ckxq8sdwd8o[o8a97sdww9xkcx0qko8zoe8wdd9008csqxx8wkcdcs8csaq9jwd8o8csc8qej9wdqs99j9x8ok08cc8cso9oe8cwdxql,"there were new yellow curtains , bright as a child's life ought to be , a new bedspread , lively with hopping rabbits , and hanging from the ceiling was an airy mother goose mobile , spinning slowly in the breeze ."
"vkjkxx zkc jxjzkc v vzj,,xmxlv","to innocence , a word given is a word that will be kept ."
5a31a1a1a`awr5t1ea163a12ar`2ara3`w6atara12awt16`t1ataara`awrrt`ta3a5aay,"the first step is a comprehensive self study made by faculty , by outside consultants , or by a combination of the two ."
"jmtymm dnyj mg frytmny s gmtrt ,trdnfrmy mg yjr ,tmgrddnmms hm grtd sddmvnsynmm en trvrnbr yjr nrm jmhsm ytm,ju gmt jnd vmrnsv gm menmh s trvrmy n mrdd","horton smith of detroit , a former president of the professional golfers association , will receive the ben hogan trophy for his comeback following a recent illness ."
scsc'ls da'zzc;;zsc; z,that house was ten years off his life let himself .
c=wd0dq0ww0dwdc=,can't hold her little white han'
"v x ocmul,ziv v x cviooxcvx vo ximl,xomx .","the formula , with the fractions converted to decimals , becomes af ."
on pi nonc n i[[p v np/,i thought it wasn't supposed to '' .
"y46 ,j",get in '' .
"zhfgv fhwa ,,",cousin howard ''
"k.bb,jnvm.vn hh mv mjhl b,jhvkhbkgnjjlbb hv vgvbb vn.hv k.v n.hj .b njh ghjhknnlnv ,kngnj mnjk.hbj hhm","this group had been palfrey's greatest worry since anna was in bad health , and her children were too young to work for their keep ."
u9eht,molding
", n nn n , nm /mn, n./m, n/ nn/mn n m . n , ,./ / nb /m nn/n,m/ m nn/mnnn,m ,. mm . . n / , n/,n,. .,.n / ,,,mn,n // .",these examples underscore the importance of even more searching evaluations of new major development programs and even more penetrating and far-ranging analyses of the potentialities of future technology .
7 6sadph7 a7s77h8zsc dp s76 ha7 zz8as7scs7s 8ssah7 ca d8 8h9 d8a7 6sad 99id7su7ii u 8c8k,industry's main criticism of the navy's antisubmarine effort is that it cannot determine where any one company or industry can apply its skills and know-how .
x zxc7y 7zzc 7y zyxz t7z z7 zxcx7x x 7tx xzct77y z7c7x 7 u,"with curiosity and elan , he explored every inch of glen , beach and burn , once stranding himself for hours on a ledge high up a sheer seventy-foot cliff and waiting with calm faith to be rescued by maxwell , who nearly lost his life in doing so ."
"mx nx x nxnmx xxzxnx xmnxb cnx m,xmnxzmbz, mzx ,zmnnmmxn znb xzn mz z mznxzzc,m nxn mbznnx nx zmz mx xx,","on the basis that all citizens of the state are entitled to benefit equally in the development of its resources , plans for the provision of essential services such as water will be based on need regardless of arbitrary political boundaries , within the framework of the state plan ."
xcx lcv x lv;cv v xbzxcxzx..vcxvx cx k xcl v xl. vxv xv xckv xl ckvkkvb//,"here , for the most part , they were well treated , as a reminder of the old testament heritage of christianity '' ; ;"
.wqec/a/sdwcwqew,quadcopter dynamics flight control systems
qhe y343 q66 5y3 5r3 6 5h32 5y3 ws 26e g3 wht 4 4r63w h 5y3r,and here all the time you knew the sioux would be using our rifles on them
zzx .zx,"here , before the court"
"sd m ks ld h xld g xk d pp z c zf df hxg nz d cfklldc z vds ck,,zfx bdggj b gnzg ,kzc k //",we know penny spent some -- and carmer must have dropped a few dollars getting that load on '' .
bjrzq qve jv fqv q.a shvhfqa mjg oo w efjw oo nqa q ej er mheemq mjvdqw,"joyce went on , when we'd finished , lou -- mr. thor -- asked me to stay a little longer ."
7i5 guurrk iet rr5t ek etukr76e7h5 6t56 4igi 4er gie995ku5t er trg6uke768 euekr7 k5u65r o,the commission had issued an administrative order which was challenged as discriminatory against negroes .
'e'e;23'e3''ee;3eq';;;,"ironically enough , in this instance such personal virtues were a luxury ."
trkg was lne lf the fkve vl.jnteers,trig was one of the five volunteers .
"q/r`./w.1`/4/,q4`/2q//",contrast trim provides other touches of color .
8o6b587ybo7tt6yby7t87lh8i9bu78hb9868ptbi79tbrtbo6bt876iii6yb88bo7tbu668bk,the word hissed distinctly from poet's lips as he struggled to his feet .
bv vb' n v,preserving the pool
n fact i a99 ersns were erutted t crss the rhne nt 8eh9 i there beng n sentry sted n the west sde f the rver o,"in fact , all persons were permitted to cross the rhine into kehl , there being no sentry posted on the west side of the river ."
rot9bkb8o6bo8io8bt977h6tbr76bto86oy6ybu79jby878brlyb56r8o67b6g09t776brlybhrll98b9kt877h8b8o6bj865b9ub8o6bt8ilbl,"also , the light sources are shielded from dirt and weather exposure and cannot obstruct the view of the sign ."
"jfh hh j,hgg jg gv fhng m,c c g jh nf , fgj, fv g fgvjh j,cj fh bghnfn c f,h ng gb jh g hhg j,c c ,f bhgb kgchv hnb c b f,hvg ghj,jnc g ,cb gg k fcnn vjhggj vf fh","two or three times , c. c. burlingham came to lunch with us in weston , that wonderful man who lived to be more than a hundred years old and whose birthplace had been my wall street suburb ."
8f5t4yf4if4f83f83i4f8if3t8fti773if3i5ftf6i366ftfif8fri54f3i5f834f6f8fi5y536frru4fy,"the decisive question is what happens within each congregation and , finally , in the minds and hearts of the individual members ."
2e`21``20da`d1=`2``]32=12e``d2`1\\,the street was unpaved and rose steeply toward the center ; ;
ut7h33dbd37dryutur4dydvytdru24dn,"nevertheless , she continued to move upward ."
c z8 v97 zu9v979[czzx8ov zc9zooc z xjl,then if you change jobs you won't necessarily have to sell the farm .
d3r24d7d7]]d=0d=5d7-;dd'd[27]d6-uu4d,"scared the hell out of him '' , kahler grinned ."
"pi; vvlxv x,xccoxc.v pi .pcv xb izl;olxviclxbplv x bx pcxv l oo /","couldn't take them near a river , though , or they'd squawk like a turkey cock the day before thanksgiving '' ."
q sqqh rvzyvsywechq e cqtvd cyqa cr zywuywetyv yw rvtyv yw eqhqxttyv qe b cre rveth q fxq yvq gvyhqadq cyre efqq ufqvyvqv va fe efqr wq aytvd ey r b q zv fwahr hqwv ey zyvewyh efqv n,"we feel uncomfortable at being bossed by a corporation or a union or a television set , but until we have some knowledge about these phenomena and what they are doing to us , we can hardly learn to control them ."
"4`m bnmr nnnmr`2m`nr3 `33nwre4nr4r`m bnmrm24 qmrm,nq ``` `4`m bnmrq,en nn`m24q4m1m bnr`qrwnnr3`qr",the resolution limitations for a single stage are given by the inherent resolution of the electron optical system as well as the resolution capabilities of the cathodoluminescent viewing screen .
1y3srys54s6s21s5ys262s71s64s6s5fsgs6sf556sgs54s6s556s21y2f1ys52s6fs5ys6sgs3ry67s1s1y5y5s6s275es6s4241ysr1e156ys41s56s1se1f75y5s57s5y6s6s53s67ys271e2sh,"and even if they stay in resorts part of the time , they might , if the right salesman gets them in tow , develop a yearning to spice the usual vacation fare with a camping trip into the wide open spaces ."
07 0r k-7 t0yy0g9[7 7- r55 7ie7 7i5 r7el5kr -y 7i5 ge7p0k e65 e[4e8r e66eku5t 0k =e06r ; ekt 7ie7 5egi 0kt0h0t9e[ y[-456 0r k-7i0ku j97 -k5 r9gi =e06 r7ekt0ku -k e u655k ; j[egp70==5t [077[5 rge[5 ',"it is not difficult to see that the stamens of the catkin are always arranged in pairs , and that each individual flower is nothing but one such pair standing on a green , black-tipped little scale ."
"biyiyk xvyovkxuv x civciin xcxk biycjx x cizcx c niyk cxkujx bob vxkk icvyx;;,",you could set up tables in the front room and serve salads and your baked beans and brown bread and grandma could dress like a gypsy and tell fortunes '' .
767612a767a1`y1a63a4t`ya5t1a6a1f`yyar415t11aw6twt1a`a74ry5w52a56445a1r`a456t`yat1ay`11aga`t2araa3y1aiia25w2a6a5a1f`yyar415t11aw6twt1ah,"proposed property sales of general interest to small business concerns are publicized through sba regional news releases , and by flyers '' directed to the small business concerns ."
". ,dr yjr jtsdr sfb.drfu nrvs,dr yjrtr esd d/ryj.mh /d.y.bru .mfrvrmy sn/,y /,t trsy./mdj.",i use the phrase advisedly because there was something positively indecent about our relationship .
"3kht`,a ajaj1a5a35`a5jw5a5`1a`je2a`a5j1awktw,h1jkta a3kaja `t1a5`awkk,jt4ahjl tak3a`,,amjt21a `atkarajtw,h22ajta`a k4`4a a`t2a5h1a`whj2aj5a`a jtj h ak3a3jt`twj`,a111a","fortunately , it is the fha which has arrived at this conclusion , for it means that cooling equipment of all kinds may now be included in a mortgage , and thus acquired with a minimum of financial stress ."
do c zz-ozcx xozzccvz zczzc czz zv x-cc z z-c v z9vzc x c zxccc z c xc[,in 1959 saami's shooting development program announced a new activity designed to expose thousands of teen-age boys and girls to the healthy fun enjoyed through the participation in the shooting sports .
xi f zfdszz a00 vs sd00g s fbs z 8s f 0 vzf - -,dominant stress will generally be on the subject a linguist ; ;
",b.m , n, n ,, .m ., ,",i wouldn't have missed it for anything .
"09.k ,fn9 o igg ifugnf. jyy0g ilfi lyu hyfg ifo lfmy ,yy. .j0y.nyh ,o ilgy j 8fn9g. 00n9 p","looking back , miss marsicano feels that her ideas may have been influenced by those of jackson pollock ."
"hr.8rmlbh 66ltbtmilr bto,8bt6l8b8o6b6lbon779mlib8,b8o6m7b5rm8mlib86rtb",captain clemens' signal shot sent the men hurrying to their waiting teams .
cfsd fbsg b s ss 7 z b88i csa gsdz j fbs7d 7 fsdszf 7 9ighfsz 8c fbs7d 8a vs 7 dszsz j x fbs7d 7 fsdszf 7 x6ifz xs dszsz o o,"after they have been in school a few years , their interest in playmates of their own age increases , and their interest in adults decreases ; ;"
b cvcxcvc r hc tb y chtv n,the men were huddled in those lairs .
j'erbrt ;g yjr vj;f jsd nrrm v'mdysmyu dltt'lmfrf flt;mh mltdrtu smf rstu dvj'' shr nu rrt ht'ld,"however , if the child has been constantly surrounded , during nursery and early school age , by peer groups ; ;"
f3 63361 `166 d1w21 3r1 31r61 r1 q21q rfq21q41f af fq 3r1f r1 rq f 2e1 3 fq 3r1 d166 d1w21 3r1 31r61 t 3 351 r6q w 3r1 21 fq a2r 3 ef3 3r1 a2a61 w d2f1 7 7,"into a little well before the temple he dropped a hundred-yen coin and then he had an urge to sound the bell before the temple , to take hold of the rope and crash it against the circle of bronze ; ;"
nb v b /n v.b v. n n.b m / v / vb v bvvn n v.b v vb,"most professors in the course must , naturally , again have a higher degree than the course offers ."
gndfx zch s; cdc bf'dc nz cx ' z dx ddx ' d'dx ndc zx b zx xx' d z c gnd sdz vf bnzxgh s; cx x'dc x'cdszhx xsh zxg gn;bngv;h g d fd ; cdf gnd xzxn' b nvx,"others , badly wounded , gripped hands in manes , knees in bellies , held on as long as possible and then , weak from ghastly wounds , slipped sideways , slowly , almost thoughtfully , to be broken under the slashing hoofs ."
"8o6buikki5ulibrniyl8tbiub5r867br76bl66y6ybo67byr9bui7bkuj6t8ihjbrlybyin6t8uhbyt6tb,",the following amounts of water are needed per day for livestock and domestic uses .
"mmn mbnbbbnb ,vbbnm mm bnb nb , bm ,nv m m bnbm , , m mnmm, . nmm ,n ,v; n bmnmm, ,bn, b, ..n,.nm mb , b, bm","it must be remembered , however , that there are many agents for which there is no solid immunity and a partial or low-grade immunity may be broken by an appropriate dose of agent ."
"/ v. , c / vjc g hg g .ghv vjhgvvgb j,g bgb. j/ .vj g hgb. gb k j,g c.g n j,g g gn/j hg g/ gb","in such an instance , revenuers stressed , the deduction must be reduced by the value of the benefit received ."
"m b,vbnb ; v' b ,n n' m; ' '' m b'n nn' b","they were husband and wife , and myra had no right muddling and chilling their marriage ."
"7dlk3d djudl2jrh,2d d724dtjh2,,d3r74d572u4d42ju6d d,2yk2d kj53d d2u4d7drhtju6d,ju3dk5du2hd d7j,ddel33ju6d2dy,j5d72d7d23dk4djud7dhujt3d","the potters , in particular , had virtually eschewed freehand drawing , elaborate motifs , and the curving lines of nature , while yet expressing a belief that there was order in the universe ."
/lio8llib,lighting .
wg04 32y2yf23 u w 5 00,"don't remember , do you ''"
h 5yw 245 t yw w3 r hhd64 w w5q456ht qhe w566r6 y,"in this work , his use of non-color is startling and skillful ."
"k'rtnty ukt h'y du;', 'h 'yjd,;bdi m'l,g ;'g;,t d;,i ','\;'g'uiy'f;,t bd, mt dbb' ;fktg ;, bt\hytt fifut f","however , the formation of organically bound iodine , mainly mono-iodotyrosine , can be accomplished in cell-free systems ."
va fqv fq ]=vq d-v -v efq zc-v ' ]qvaqw ]=qwqa f- fqa -ve= f- w; va qe ' s=w fq [vq s0]] q]] fe ;0e cq a=vq ' fe -v efq qva =0]a cq a=vq,"and when he was alone again in the cabin , alexander lowered his head into his arms and wept , for he knew full well what must be done , what in the end would be done ."
"nthj,ghbuhg y c ybg jynk gc , bgvym m",furthermore i can identify each design .
' cxc c z zxzc ;c zzzxzzc' z,in what part of the government should the peace corps be established
"3t8f4,ntf4 t5f6,fm4f3..,y5fum554f m4f3u,nfllf6m4f8mt8fmfu my5f,fuf43 fun4mi444f83f.3mtm.35fmif8f.,5ntm,if,6f3.,i4f3i5f3.,if4n..,f444f",each source selected from its approved bidders list about 200 firms which it believed to be small businesses that participated in the production of weapons and weapon support systems .
"c, ,v c. vb m c ./, m m'' .mb .vbm '' vbv vbv mn.v/ ,v .c //m v, n.v/ m, .b , b",willie's wonderful walloping sunday -- four home runs -- served merely to emphasize how happy he is to be playing for alvin dark .
m c b czmx bnn zn,he was only vaguely aware of the sluicing rain .
"dmxh hmf . xgf hmf bx hpgc hmxh p hgo ihf hp hmfcf [mf p,f x","what then , are the factors that contribute to these phenomena"
hn the sg er jf 1u6i the jxhdathjn kjnd beca e cj kmetemy sekthc and e htted jbnjxhjgs jdjrs,in the summer of 1960 the oxidation pond became completely septic and emitted obnoxious odors .
"41h,myseh, jy12s6s2kh6ys,5y3sl61l2s ks 124h,,s61ysjs612srstys sksekh,3srsts s3kys","faulkner culminates the southern legend perhaps more masterfully than it has ever been , or could ever be , done ."
z zxc zcz z-zcczxz9zxzv xo z zzxzcz zox0z xz-zozczxvc zzcz zvx0p zxzc z xzccxz--zx zz c-vxzx -zxzzo[,"he had unearthed stephens's letters in a new jersey farmhouse and he discovered stephens's unmarked grave in an old cemetery on the east side of new york , where the great traveller had been hastily buried during a cholera epidemic ."
", n / nm. .m/ , n n bm b m, , . m .b // m,/m,n . , ./mn n /, .,/ ,//bn ,nm / //,/ ,n /,/, n./,n , ,n",the discovery during the second world war that guar gum was similar to imported locust gum increased its cultivation in western asia and initiated it in the united states .
v ni b viv uvv b 9 bu b n o,"he cannot , of course , examine each proposal from scratch ."
"goqwcwe , ib rgwie jubioe bs awbioe twea , rgwt fwbwellt doewfo rgwie rglwrix pueauira , pewaumvlt ib rgw ibrwewar od vwrrwe xswmix xgiwcwmwbr .","however , in their junior and senior years , they generally forego their athletic pursuits , presumably in the interest of better academic achievement ."
w tw6 54r;f6'j t \ 45 f4j6 'j 6u4 eww57 t w tt'f45e e;45g'e5e wjr 6u45 4744e j6 h4jy'jy 6 ;j'je,"a flat reduction of 10 per cent in the salary of all officers , supervisors and other employees not belonging to unions ."
", nmn j n,b h jk, nn , j nk , nmjnm , nkm, mkmn bnmn ,n j,.hj, j hl kn,m ,jkk m m,mkkl k, nk, nm j n",the regiment was dug in on the east side of the river and the north koreans were steadily building up a concentration of crack troops on the other side .
4l` r`'qlq//we;1lr4l`;;,this means practically everybody in this room .
"i g kias ic izfi az fbs cudzf fi buf ciyd f bins x vuk bixvsz fyd sx fbs fdu j u diijkg ;z s sffz cuskx ,",bobby lowe of boston was the first to hit four at home and gil hodges turned the trick in brooklyn's ebbetts field .
"4t4,q qth34 eh3 `fgg4fq",that's short for quintus .
b9n9 [kbhhl97jbhomvbv.hj98 h9jmv lk.8bo8kkohvn h k7jh8bv h h k9mjvu9j8j09jkv h[[l,so don't see yourself as a heroine or fancy this little adventure is an event of major importance '' .
"u4 4 luwejs4r 6k 6u4 l54ejrjjy 4,r45 6u4 l,wj kt yjgjjy hl 6u4 k,r fuh5fu wjr kgjjy wf5kee 6u4 5jg45",he emphasized to the presiding elder the plan of giving up the old church and moving across the river .
rlyb8o6blr77r87b76hr99tb8o6b57ytbubotbur8o67bibjlh6l8bk67i67bbb8btbl8bk9brl9brul8bubth7r8holibr8b8o6blyjyr9b8or8bl6bulr999bhu6tby5lb8burl8lyb--bo,"and the narrator recalls the words of his father , vincent berger it is not by any amount of scratching at the individual that one finally comes down to mankind '' ."
", nmnbnmngnvf ng gn hf, g,,g mhf hnnn,g nj ., n . nn b h g ghn",there were nine qualified scouts sitting around collecting base pay the day helva was commissioned .
"c b b0h- m j,g 0 ,ck j-;g ' ;-h-c; =njg f=0]b ,chmg j,cj fh-m,j c b =]m- c c fghg ;-vbg;gc c jv cmc- vj j,g 0 ]- =hbgh =n f-v = v-","and during the unhappy time , miriam often would charge that wright and olgivanna were misdemeanants against the public order of wisconsin ."
a75a s67 u6 sash d776 xscx5sgu 878usc5us6gs6 c5g g6adj,"we served our national interests , and by so doing we saved the guatemalan people the ultimate in human misery ."
4t2 4ttbi gw 1ty3 ue ut3 g21 i32qq2q m,the thump and whir of our new presses .
r1 32p[[1q 3r1 2p2 ;p`;4 ' ',he stropped the razor slowly ; ;
l6f f.ii3ifl4f4; l 4f3f/l/f4; uflif8l4f3''3l43/4f fl6f8l4f3i3/4l4f;6f8;f4if5l'/; 3tf f8ft83//i7f;6f3if3f;6f73f34f3i5f4;tl3/fy;/kl;i4fl4f;6iftllt3/f3i5f'44l l4ltf]]f//f f8ft;5fl4/6fl4fi;f;;fit;k37li7f,"if mr. kennan is sometimes a little somber in his appraisals , if his analysis of how western diplomacy met the challenge of an era of great wars and social revolutions is often critical and pessimistic -- well , the record itself is not too encouraging ."
".t .j 54w5.jy 6uw6 eu/6 t/5 6u4 .j4g.6wh4 eu/3.jy 6/ 7/,5 t5.4jre 7/, .j6455,6 6u4 e42,4jf4 6/ we64 .j w t43 t5w4e /t 6u4 fu.re y5wjr/6u45 3w6fu.jy 6u.e 4g4j6 7/, uwg4 h4y,j 6/ h4 wj w56.e6 .j t.","if , in preparing that shot for the inevitable showing to your friends , you interrupt the sequence to paste in a few frames of the child's grandmother watching this event , you have begun to be an artist in film ; ;"
", nmnb b .,0bpb ., n b n, nm .n , nob mm n , m n m npn-n nm,n m n n n-n 9 , -. n [","there was no way to know , no way to guess whether any one of them was surprised at sarah's appearance , believing her to be drugged and senseless -- and just possibly dead ."
orpk7i67br886tb58obl8t,hamburger patties with nuts
gndxd zfd dfx' z;gh vz g'fx,these are personality factors ; ;
7i58 4.t u/h5 k5 y/ke 75r7/k8 y 7i5/6 gie5ku5 7 57 7i5 55 r55 7i5/6 e66uekg5,they would give one final testimony of their challenge to let the people see their arrogance .
;p`r1eiror3i[;1.`4eopir`;/,"we're lost and burning up already '' , she bit out tensely ."
;ys s1s;s6s/r1;s sls1ysly;s's,"on my way to the elevator , i ran into pete ."
aw rgeww area d x7t r g7s b 7xw aww dfu 1 y fw ` u,"use three strips of clay to hold in place see fig. 2 , page 71 ."
"`iir4ouqjur34ukir3413i24`n4uq43ki1ur4ru34,",soon they were picking their way along the edge of the stream which glowed in the night .
bj 6u4 54m5nrvf6bg4 w54w b6 fnv r h4 54wrb 7 nhe45g4r 6uw6 w t4 6 t5445 6n rbefvee 6ubjye 6uwj e6vr4j6e uwr m54gbnve 7 bj bd4r w5b6w e6w6ve e4f6bnje,in the reproductive area it could be readily observed that all felt freer to discuss things than students had previously in mixed '' marital status sections .
5`16r6`66464533`f6614h,i saw a dozen or so other outriggers moored there .
hnchmmv jcn vjbvnh mmmn nn v h h vhnv h h nhjjn h mvchn g ngv jn nk jnj b k mkvb hn n vgnhmh nhjj vnbv vmmmjchh vnmh nmvvm,it will be shown theoretically that the high image intensification obtainable with such a tube and contact photography permits the utilization of extremely low incident light levels .
hm-c b=g; ;xj f = hx- fv bg=; hmf ]= x] =bb- f =b j=0g v-chg- h v-gf h=g,this form may be obtained from the local office of your district director .
b c cbc hfb xf vhf bhb c vhb vgc,then he backed out and swung around to the front drive .
nc b b n b vcmvnv n b cbvb n bb nxb bb cnvcbcx c n,many english catholics are proud of their catholicism and know that they are in a new ascendancy .
e y99o g97ot r55 4ie7 4er u98ku 9k l,a fool could see what was going on .
"l/g ,/jnfg ,.u",his bifocals blur .
"4umburnu6d7dtnd72d7d3eb2 dbunmudn3d2udu4dnudn3 5dd7drmu5urd4r 24dddd324523 db,7m 4d72db3d2 23dyd6244d23d7d6mtunu6drmu3n42nmu3dm5dr7n3n2ud2n26d","denouncing the view that the sexual union is an end in itself , the conference declared we steadfastly uphold what must always be regarded as the governing considerations of christian marriage ."
`r3423`2p4w`p=`[4reqp`2],"using the figures from the previous examples , the equation becomes af ."
"4q[orrorqor,rr.[or343pir1e2p4o,/","he crept in an incertain manner , patting the ground before him ."
",pg;ol;g.gpig5o,[;gp;6gpi5;7g.g45gpig94o66gi5g9gipplg.g94gog,46g;o;g94ggooy4o6g[puo6oo8ggio6og9g6o5yo[;oogp7gooy4o4opog/","more likely , you simply told yourself , as you handed us the book , that it mattered little what we incanted providing we underwent the discipline of incantation ."
22hjdk1jw1 hdw2jd`w1jmh2`d`11`eahdw2jgkw1`2e`h1ejhdj1`12jn``kk`h2e1hhdw`g2hjdm `jdj h dgm2g1mm`a`m,"stations programing to negro listeners are having to upgrade their shows in order to keep pace with rising educational , economic , and cultural levels ."
when the sfayyer facet7yanes 6f anayyt5cay c4b5sf were 7yaced 476n 6r r4xta76sed w5th the yarge g dense sha7es f6rfed by the aff5xed fater5ays 6f the c6yyage g they had t6 c6ayesce bec6fe synthes5zed ii 5nt6 yarger 7yanar sha7es thefseyves s5f7yy 5n 6rder t6 fa5nta5n the 5ntegr5ty 6f the 75ct4re 7yane h,"when the smaller facet-planes of analytical cubism were placed upon or juxtaposed with the large , dense shapes formed by the affixed materials of the collage , they had to coalesce -- become synthesized '' -- into larger planar shapes themselves simply in order to maintain the integrity of the picture plane ."
``2`s`1q11`12da1/.e`q2e`2.3,select class members for reports on various phases of the study .
rgw bwq xbx0 qa raw0d bwaxv0t d 0rx0 iwbbf o qgxg qa iar x0we0t ewcw0ws b rgw vawbxw d bt pbpdpp iwivwea bs rgw ewawbxw d awcwe0 ar00 0wswea p,"the new council was itself inescapably of political meaning , which was most clearly revealed in the absence of any u.n.f.p. members and the presence of several istiqlal leaders ."
"nnm sf mbdsav f xsna z f m dd mm mavd znxxasa d va m a sax ad m vd n m mbd xsna z f m dd n adsm,m nd ancv msvmmz",missionary outreach by friendly contact looks somewhat different when one reflects on what is known about friendly contact in metropolitan neighborhoods ; ;
i5 5565t e7 ir 46r74e7gi,he peered at his wristwatch .
cz zxx izcox ozc,"open your heart to him and pray , stephen , pray"
=y g=06r5 ' 7i5 7=06r =y -kr5g7-=k -kg]0t5t 7i5 5h5665r5k7 ri=67r,"of course , the tours of inspection included the ever-present shorts ."
b c6bbcv c b6bvcbrcb b c ccc666 cbvcbc xb gr xccb6cv bcrb cx cv vb cvrvc b c c bny,in the latter cases an additional treatment of the deae-cellulose-treated af with 50 mg of sweet clover stem tissue powder further improved the specificity .
y`y`eljuuh3ybm,i didn't look at him .
n v p kv 8-nc09 v 9 ;,the gas flamed up two inches high .
w f5jeeoe4f6hjj jt w jj5 wm mj345 ug wj m4y he euj3j hj thy y 3h6u 6u4 gw5hjge kw56e mwh4m4r,a cross-section of a normal lower human leg is shown in fig. 8 with the various parts labeled .
jh5 rgr nhhbgjy w6 wjj4 4we4 6u4 64jeghj we g6 fefwnn7 rgr,nor did looking at anne ease the tension as it usually did .
ok [vjkvkv''gvb [j [mk.hvjkhmm[jkp k.hhvj'l.[ phb,but no art at all was born of the art effort in the early movies .
"bn, nb ]m]p ,[,","well , then who brought it ''"
nd zxpdc gnd b- df ld g v-f gs- n9 cfdc x-[c0dfx ; sn- sdfd g- d x=d 0v0 z[[h zxx0b dc g- zffdxg d b[0xn gfzcdfx z c c0x[-hz[ 0 c0z x ',"he asked the government for two hundred soldiers , who were to be specifically assigned to arrest english traders and disloyal indians ."
gw ar77s 7b rgw e7xy h ay6bbt h s6fb6d6ws v7t a5ee75bsws vt rgw 7xwb j,"he stood on the rock , a skinny , dignified boy surrounded by the ocean ."
gndh iz u xg7h6izg78 k,they lack stimulation .
"rgw rqm qwew aw,erws dem wxg mrgwe vt rgw anz vfrw wa md m, `15",the two were separated from each other by the six bagatelles of op. 126 .
"x lxx x/;//;x l ;x l;zkc,",this statement also allows the naming of the index words used by aj .
"7/tdd7d23du/d2d,3./ud/5d7d ,3.rd/5dr2.u6d2d3/u6d/2u4ddy/7d.u4,3.2d2u4d26.r,,2dd2u4d/ud,u26,4dyd26d.u/..3d/5d62u3d/d,33.2u3d","however , there was no real question of the justice of creating a strong poland , both industrially and agriculturally , and one unplagued by large minorities of germans or russians ."
she 97cued 69 the baby and n6zzied her fat warh i7ttie necu k,she picked up the baby and nuzzled her fat warm little neck .
2y5y q ry4b t4yi uh 5y3 bqhlw yqy4 bq5wtu qiijy3e 5y3 gjqe3 rjq5 uh q dy33h m,with a firm grip on the man's hair matsuo applied the blade flat on a cheek .
v xzxc;xc'zb '' x 'vv x;xc;xc,the lower number is always divided into the upper number af
8o6b76h]//6lyr8[]lb]ub8o6by6\r78/6l8bbrtb56brtb8o6by6h[t[]lb]ub8o6br\\6rbk]r7ybb5rtbkrt6yb6l8[769b]lb8o6b]hrbk]r7ybu[6bbl]8b]lbrlbuk[b76\]78b,"the recommendation of the department -- as well as the decision of the appeal board -- was based entirely on the local board file , not on an fbi report ."
"ily gb ybyhi.g i gi/ho yngyg j ily g/. j tlnl ly tfg f y,yu i l i nufh muk.f f.h nfju.f fg ty fg i ily g/il fnjn f.h i u/ggf","the six expeditions to study eclipses of the sun , of which he was a member , took him to colorado , virginia , and california as well as to the south pacific and to russia ."
d'q 'q;csqw;w;cswdcsq;'l 'qq'c;w;wdcq'c,"who were more ingratiating than gracious , more personalities than persons ."
"ombo m b iu oi om ib l n bumbn o ulb mb nb bll , bll o m b n ulo,mi bnib vbnb ou i m llumbn .","some of the sinusoids contained large numbers of nucleated red cells , and cells of the granulocytic series were found in small numbers ."
k lnnhnkl .vj.kh,i nodded to charlie .
7sh756s66s86sjs68656sk,"it might hurt you , though ."
mf dxc nmxv hj mx f hh hmfgf,he was glad to have it there .
d0llrt sn-9y 2 l0m9yrd ; smf prr= estl g-t drtb0mh ',"simmer about 10 minutes , and keep warm for serving ."
9g4'5gyo5;6,other allies consulted
"5a5``,,`ta,1 `t21a`a1mw a1e a`ta`e`4a.3a.twaeaa`1a",the hawaiian islands are struck severely an average of once every 25 years .
yiff5t354f37fif7f5ifyft44f6376if34f76i7ff8ftfu3if6f8f3f77ttf6f8f83f878f4f8f3i5f4fif3f6f76f8f48ft78fufuif3i5f8ft4f6f473yf345f6tf4f47fu,"even two decades ago in go down , moses faulkner was looking to the more urban future with a glimmer of hope that through its youth and its new way of life the south might be reborn and the curse of slavery erased from its soil ."
df vfii 9m7ii79c wwwwt j bg8h x 9g8h7 f h hxccx m6cfhhc bxh7ij j 7 m7c hff c dxc 8 fghfv 6 vfg hmf 9gfx m7 n 8b ijhx ff mfg k,"wendell phillips 1811-1884 , from a prominent massachusetts family , in his teens was converted under the preaching of lyman beecher ."
"fcc z zvhfcfbc g gchc z hnz vg,cc zvh zxg chfc g","but then , when you stuck things into the holes , why didn't they come right out again"
4t`-a5151a2`3a`t2a2wa22o`ta`t2aw`aa1t1r-a3a51a31aottwapara3`-11a322ar`taw-2a`0aw2apa3a5aw`2aaa`t2a5a22aapa3a5a1wt2aoa[,"general hershey's draft and doc eddyman and cap were responsible for his first eminence , but fearless freddy bryan could take credit , if he cared to and he did , for the second time ."
3r1 381 r7` 3r3 j,the tapes show that .
"hy ch v ,yyh btvjht jv chg ,chb uhgvvgb nt c tchhk c b r g j,rvtcvjt c yrj y cjty ch jhct t m n",local school districts are hard pressed financially and unenthusiastic about vocational training .
33y`m,he hesitated .
noy jr dspf py y[[ d[[m / g[t py vs.r [oy lody nrg[tr yjr ys] y[ ejpvj yjr f[[t trd][mfrf,"but he said it too soon , for it came out just before the tap to which the door responded ."
"mcwdamc ,cwd,awdkh,cddmwzcwcd,qnc ,mcs.nqwczqwd","in the final month of the 1927 season , he hit seventeen home runs , a closing spurt never matched ."
"m b, n b vmmn mnnm mbnbmb b bvnnb bnbmbnvbm m bmbn nn bn bnbb bm n,bb bbm nv m b, nbnm v , nn nb",they also deduct transportation expenses incurred in connection with the performance of services as employees even though they are not away from home .
"vb b b ,,mb // , m,.. m b/ n b bn/",we have made limited application of the ' parallel ladder ' plan .
bd1``d2nd2eve22`d2bndes``dwba`d2n2e`m1nss ``2`d2nq2e`v11`d2nd21`dbdsvbd`d`ndnb21`n`e2bab`2n2e`nv2 nn qn12e`d`1qv2v1`,"in recent months , much attention has been given to the probable extent of the current downtrend in business and economists are somewhat divided as to the outlook for the near future ."
/og9/5g/o54oygg94/gg/o5/5oyg/5gi/o8g46g94g.g594g/5gy6g,"in this instance , happily , insistence is being made that our share is protected ."
l[ sz fbs ds [p'sx bpz d[]s x fbdsa vp / fbpz fp.s bpffp v bsd [ fbs ; of cp'p v f[ s pd 's bsd,"jones then recoiled his rope and threw again , this time hitting her on the back but failing to encircle her ."
"ukt kdyg k u9ou8,j udbiotf p p","the hard , jolting tackles ; ;"
3 65f34f5445f6nf8b4fbmfnf8f8n4mb3 f,alfred was dressed for his trip to the hospital .
"jlb5or8b5r9tb b8o6lb byjyb8o6blr8j6l8/tblt9hojhr,bk,jlyl6ttb rlju6t8bj8t6,ubb","in what ways , then , did the patient's psychical blindness manifest itself"
rgla st '/ we gs arerws dlear,this day palmer had started first .
hmf hmf/f /xj f hmf b]g/xh[] ]b x cmx\f bg]/ dm[ m ]hmfg cmx\fc f ] f,the theme may be the formation of a shape from which other shapes evolve .
6ue e 6u4 t5e6 6y4 j 74w5e 6uw6 w fwjrrw64 t5 6u4 54er4jf7 wjjjf4r 6u4 54e86 t wj 484f6j j 3ufu u4 3we r4t4w64r 00 u u4 ewr i,"this is the first time in 100 years that a candidate for the presidency announced the result of an election in which he was defeated '' , he said ."
88by8ybl98bt66jb09tt8ko6b8or8b8o69boryl[8bk66lbt09886ybl,it did not seem possible that they hadn't been spotted .
"efq anwqzemw eqw q z w cq nqxq efe zfmm nef zfn awqv nxnvd sb enq nv ne zwq be e q sb wq,mvncn ner smw efqnw q swq","the director , walter e. clark , believes that a school with children living full time in its care must take full responsibility for their welfare ."
v v n nv 99,he hesitated ; ;
8cwdj9qc8cswdd9qwqdqddoawwdjl,in the morning the shorts were where he had left them .
0s efqr a- q[[ efqr a0a 0v 4 efqwq zv cq v- z-l=[0ve ',if they do as well as they did in 1960 there can be no complaint .
vjr blrgkbf kr ;;wews .lbf wbljfg rl rrexr rrwbrklb,"but nothing , it appeared , long enough to attract attention ."
nc wanqswbcn xqnawd vxanqq sw,"don't forget , i am an old member of the club , a former delegate ."
"i.4oy9g,og5l 9ko8g j5gigy4j5ko8g54o.5gog g54o8gi94uklgijg59gougloygylooy6gkgk9g,kkg4.,g","blanche knew something must be causing stanley's new , strange behavior but she never once connected it with kitti walker ."
8fti43if4fpf8t8f4fi3f6f[fpf3i8fti43if0iif34ffff[,"the constant is , which is one-quarter of 3.1416 , another constant known as pi '' ."
"'' efme4 4 e,5","-- 'scuse me , sir ."
"n5h5g54j9ghokg9j g ghoj,g5uogj 5g5uog//g","jesus saith unto him , until seventy times seven '' ."
"ily t0kf. gly k8gi lfmy ,yy. f i9.o ,f,o tly. lyiio f.h hyp9f lfh gi00h fuk 9. fuk l tfinl9.k kuyfi fky ku0t gkfpp f.gtyuyh ily .0h t9il lyu 0t. ;","the woman she must have been a tiny baby when hetty and delia had stood arm in arm , watching great age grow small answered the nod with her own ."
r756k gier5 =,stern chase 10
va vz za vv / z vv z,he had no idea which was up and which was down .
"14sl1riy5s6im1ys,smesjoiy3s6styys5oo3m1yst1y3s12s1sroe1li2s.","after leaving whiteman , mercer joined the benny goodman band as a vocalist ."
gnd xd zgf szx xn dc h xgzbdx df zdbdch gf/ /z c/x.gdx gnzg cdzhdc .f /xx/d fbfz,the senator was shocked by stoppages over allegedly trivial disputes that delayed our missile program .
9go'o4y'5g946giog5446g;o'g'g8'l5g'og9;5g455l ;'og;9g9g5l 4igg5ylggo'o4y'5g4o6gg5ylgg4y'5gi;o8gl56g45g9g8'l5g7'gy' 44;ug5'o4;g5l6;5g,the nonreactors had been separated into two groups on this assumption with the presumably secure '' nonreactors and secure '' reactors being used as the groups for comparative personality studies .
zpamixoocxollzxplc oxmimulcio,esp32 micro controller platform simulation
"fhvj n c== [ fc==k ,cb jhc m nh c k - b n fh- ]","worst of all , wally had no training for any kind of work ."
"k.h h 'k'hbm ; ' vk' .v h hh b'nhjv lv hkkhn' k.'b vbh lvjj'vkhlbk'khnh ,'b.v ,;v,hk.vk.vb hh h hh kln; hn' v hmk.hj;bb'v n'v,;h",the complexities of communication have been considerably abetted in this case by appropriately stilted english language that has been excellently dubbed in place of the russian dialogue .
4ie7 408pt 808 ieh5 t0k5 9k k0k7560]r k0gger9kr,what would you have done in montero's moccasins
r1`r1e4`qrr`t`r66er12424263416q468`4ryry4r1tr4r2r`tr141122r`w6r6`y,"undismayed by this contretemps , a small band of the faithful gathered at lauchli's home at 630 a.m. the next day , put on their uniforms , and headed for a farm several miles away ."
"d/ yjr trd.frmy e/,f s r s jrstyu ntrs gsdy /gg.v.s nu .mb.y.mh h/brtmrmy /gg.v.sd y/ syyrmf",so the president would make a hearty breakfast official by inviting government officials to attend .
h81`8a`1j2e`91`7`d27h``27dw2e`8a7`2i``1227h`e`d2e`h7d721278de27iid82`7`8d2e`89`8qh`17pq71hq81`7wd98i738hh72h`d2k,"moreover , the president is meeting the soviet leader at a time when the administration has still not decided on the scope of america's firm foreign policy commitments ."
"kh dk.. l jg hl x jl f hmxh hmf hfx mfg jch mx f xvfsjxhf fvj xhkl x vf;hm x v gfxvhm lb , ld.fvnf bxg fjl v hmf k fvkxhf f fcckhkfc lb mkc ljgcf ;.jc l ;.fhf vfvk xhkl hl mkc cj mf h x v hl mkc chjvf hc","it will occur to anyone that the teacher must have adequate education , a depth and breadth of knowledge far beyond the immediate necessities of his course plus complete dedication to his subject and to his students ."
5a1lrlr`tar`tw5a;1a5raw2;2a;5a`a1`a5;w5a'l2a5`earta `2aeta;3a;1a4`11a2''1a5`2atea't2a,the suburban branch is thereby credited with a sale which would have been made even if its glass doors had never opened .
zxcxcxxv cxcv v x xx/ / /xcx cx/ xv b/cx cxcxxxx/x x c /vv/cx vv xx,"we are preventing or averting pathogenic phenomena such as undue regression , unhealthy suppression and repression , excessive use of denial , and crippling guilt turned against the self ."
vzg xn8sdc 7 i88xd f8iix d dzgn gnd xn7fg k,fat showed in loose rolls beneath the shirt .
6g4845o5g9gi4ytggg7556g6og9gy6y4fog67gui4ggg95y9g9y6g9g56gf48o575yoyg54589g4o6g4o5y65o8ggg4o5yg9g58fo5g67gi6ogf46g5og5947gy4yt5o8go6555gggy5tg9g5o4776g5fg67g4g4y57gh,"or against her back , pressed on the column of vertebrae , which held her so magnificently straight and unyielding , until the segments of bone made tiny sharp cracking noises , like the snapped stem of a tulip ."
euq7`d72e`12267d6d2e`d`371y1`u7s6q7122`d267d7q2e`623od`w178785u267dh58s7528`1`d26d2e`82``j,"a half-dozen other stations in the new york area also bid for attention of the city's negro population , up about 50 per cent in the past decade ."
'wd'cwdeed'wwdd'axwwqwdcwdq'cqxccqsqwa;wwdq'cwcceqqawq;cw'cswdxcwccd'csdc'wdc;wq/dq'w'cad,"i think they played hail to the chief better than the marine corps band , and we are grateful to them '' , president kennedy remarked after mounting the bandstand and shaking hands with conductor james christian pfohl ."
s sdg s sd 'c fbs c ;g lzf b s ;f s ; ;fz ;cs,every member of the family must have a vital place in its life .
"f. .gf0 j0fmu nf. ,y fnlymyh ,o ifu.fi.k ily juf.9g . juy.nl huygg.k u f ibiuy j l.yo o 0yi. 8ny f.h ,ut. gkfu uu i ily n.n p","-- an unusual flavor can be achieved by marinating the franks in french dressing or a mixture of honey , lemon juice and brown sugar prior to the picnic ."
77v r75 s6va 75e 6s efqr wq dqqur va fww6 h z7gq 7v w75va e7 efq u75vdq fqwq 6ouu cq 6e6vd oo j,"as soon as you find out if they are geely and harris , come on around to the lounge where i'll be waiting '' ."
3rhfer 3r3 qh1 fh3 1f 3r3 3r121 4 fh3 d1 far 21ah2q 3r121,though that does not mean that there may not be such records there .
8o69]j6bl6j67bk68blb908bol05b;,"they've never met , you know ."
", n . n ,// /n",the suggestion is naive .
n v;j.k m nk.. k ;.v jbvk;j.k;. v,the public may still find pleasure in public places .
ud7d564d5d7d3r26d3rur3d2dru342y6d5u4d5d34d5u646d723dyud2rrr624d72dr2udyd34dd64d24t2u26dy,in the field of the social sciences a considerable fund of tested knowledge has been accumulated that can be used to good advantage .
s2sss61sst9rs6s6s1yu192s1s21ys61ys6s6u1ys2e2s--ss,is it true that you believe the other animals are saner than the human species ''
"lhbp.hg-n j ,k.hbohjbbvmh-l k hglj0.vj j kvkvj h[","yes , he would bring the somers safely into new york harbor but at a price ."
y sb ll n jr dsyf m,"i am '' , he said ."
ad ay s8dzza x ady8az8csu 8ysasy susi,"are you indiscriminantly offering unnecessary medical services -- flu shots , sun lamp treatments , etc."
rj6 7. e44 6u4 r/tt454jf4 j3,don't you see the difference now ''
he s5e sthng6y y,he spoke soothingly .
0adi d ia 9 c so a8aaa x cscas aazaw xap,"already many an american knows his count , and rejoices or worries depending on whether it is nearer 180 safe or 250 dangerous ."
"bar q1annmf rmb q rs1 , a1q ,m`12wb `1,mf nf 3r1 rfq mw 3r1 1f3n21 rmbnfe nfqb324 db3 3r121 n n33 1 1snq1fa1 3r3 21 3m2 m2 3 13 3r1n2 man3nmf rs1 21,bqn31q 3r1 ,2nfan, 1 nf bar a b1","such a decision should have placed a powerful weapon in the hands of the entire housing industry , but there is little evidence that realtors , or at least their associations , have repudiated the principle in such clauses ."
"gnux szx bd dfzkkh fdvkd gdc u gnd u uk kzsx iv nfuxguz iy gfudx ,",this was generally reflected in the civil laws of christian countries .
"c b j,g clg j,g ,c0h=0 j9h ; j,g vlcv,gb ocm9ch c b [0 bc ; l-9h 0 m c[- g c b [- g[k '","and then came the hairpin turn , the smashed jaguar and linda , mourning alone and lovely ."
we wjr7 54wfu4r 6u4 tyjwj4 ut uye wf6 n w ethrt4r fubbu6yuj hwfhe6wy4 r543 uye w664j6yuj 6u 6u4 3yjye m,"as andy reached the finale of his act , a subdued commotion backstage drew his attention to the wings ."
7 aii u 8 j zadasca d d7 a ai8 c d8 dva vah7i i 8 7d7 c 8x h8zasdaif v7cv h8ia6is a7cvd z v7cvif 98is h8ia6ia v7v av7 7d dva 9s89asdf 8x x8sh7 c h7aiia 7 8i6d78 k,"as is well known , detergent actives belong to the chemical class consisting of moderately high molecular weight and highly polar molecules which exhibit the property of forming micelles in solution ."
"f2.k2dkgr 4t4 rlw kq 4t2 j4tl3 le 4tkq .1 gw le .. .1q le g4j32 3l g s4tl.ksq f2.k2d2 4t4 4t25 32 lf.kr2w 4l lf25 4tlq2 .1q gl4 e3jq4342 l3 ls, 4t2","believing that god is the author of this law and of all laws of nature , roman catholics believe that they are obliged to obey those laws , not frustrate or mock them ."
"v b,; 'n m c;'nb vbb nb m,nbb n,;nvbm b m mv'm ,;n' ;n b bm","when you first acquire a pool , we earnestly recommend -- for your own mental health -- a good long chat with your insurance agent ."
"he ,ay get a tax refind /",he may get a tax refund .
2n3nn1r``nr`b wer nn br34rv34`v22nr wb`bnr`n4n4rb34b4nv34bnv34n`4nbn bb`1nbr3nr4n4`b1n242rqbrnwb`,"for a good many seasons i've been looking at the naughty stuff on television , so the other night i thought i ought to see how immorality is doing on the other side of the fence in movies ."
xx x/xz xxz//,it seems that open season upon veterans' hospitalization is once more upon us .
7 4er 5 yke8 u577ku k7 k5r 4k kui7e65r 7 /kri k5r t65er,it was like finally getting into one's own nightmares to punish one's dreams .
bvl; bv v b b'/v 'cn v'nv; ; v ;,republican research broke down the vote in philadelphia .
"m b,nm m ,m vbnb,m b,nmbn m , , ;b nb b mb","the morning's tabloids were on the counter , and a stack of dog-eared men's magazines ."
txbyxzxtyxztx tz ztx x tvuzyhkkzyvx yhtuzt n,"in fact , a contrast is often drawn in this regard with the impersonal '' roman catholic parish ."
"uf az yduiyz bia fbs xuccsds f uzufidz fiij fbuz ,",it was curious how the different visitors took this .
dlqsk q/lsl;ka;q,his rage assumes a religious form ; ;
c z z xzzxzpxzczp =x[x x-xx pxc=zpz=px],"by now he was undergoing a fresh torrent of abuse from tory papers and pamphlets , and action was being taken to effect his punishment by expulsion from parliament ."
"u3 ` 3r1 ni3 unoi23f30kiijufe a2qk1 r1 rq 1s12 11f ,",it was the most important-looking cradle he had ever seen .
h s66 ddc z xgdfd rx xhxgdr t sgn xdz5dfx fdvdfz 6h 6z dc zg 6dzxg xd d f dbng vddg zzfg t z c d f rfd v gnd ds 6 c nzxd r 88 fd fcx y,"you will need a stereo music system , with speakers preferably placed at least seven or eight feet apart , and one or more of the new london phase 4 '' records ."
q-1l`02el-1`-qs-2e`[`l`d22ed2e`lo-1023-q02-l=`202-1',for me it has more of both elements than the majority of its competitors .
6snk2s6st1s5jhy5s,he keeps the beat going .
"u i onu uim u ,uiok nu , kunu,u , nynnmi un,u , ,n k m.knnkm, nmn yk,u no m,nn,,io0 n .bu, u 0knnkm u 0 k mun onm ink;;,","if no specific organization plan exists limiting the number of scientists at each salary level , the result is a department top-heavy with high-level , high-salaried personnel '' ."
".d .x /a./ a , s. dva dsaad , .dma z z v , c","a lot of people will roam the streets in costumes and masks , and having a ball ."
"x, d fn.cd ,x z c zg gnzg g,d c,c .g nz d xm n xz g,. n,x ./, ,. szx .g /./m zf","since rhode island at that time did not have such sanction , his opinion was not popular ."
"b 6 n8u,j",he said sharply .
"h j nb v m mj h km bm b m mb nj nb v h m b, bg mj nhm,jgkhb mbmhm j jnjvh m, bkmhhmm,","if congress wants to displace the states from areas which they have customarily occupied , let it do so knowingly and explicitly ."
"2i2`d2`1ea`s``d`2skue`qi12e`ikk`2uidmud`udwm1u2uk`aky2uidmdu`nud2uidiqsuskuiw1oeu`d1u2ukaky`ud2e`qu`kiq21du2uido1issuku2u`dikkuuid1i`2uid,","two data centers have been established for the collection , indexing , critical evaluation , and dissemination of bibliographies and critical values in the fields of transition probabilities and collision cross sections ."
y2is21y3t5ser3s1s6st1s711s7s4ys6syr2s4se6e15s1y3s26s12st2sy5s1y3s1e6y5s6ys26sys21y3t5si,mrs. sandburg received a phi beta kappa key from the university of chicago and she was busy writing and teaching when she met sandburg .
`1ed`q2e`1`d2e``d21`d21w1tt`t1`q2`d2e`1w1`27`dw2eu,perhaps one of the reasons these sonatas are not programmed more often is their great length .
0 d x ox dm mf-v gfcf hof h xnx ch x fnm g bg ogf hmx hmgff vf xvfc [,i know a man who held resentment against a neighbor for more than three decades .
"m m,, nm ,m, , , n,, nnn n,nm, nm n, b n n , m,jh,,hk , nmn n , mn n mmn m, nf","radio observations of the moon have been made over the range of wave lengths from 4.3 mm to 75 cm , and the results are summarized in table 1 ."
",lst,w qa rl gws rgw sews xl ;bt ;l.kxw",kodyke was to head the dread company police .
"byb8tg ukt m8b7 d,g h,g kt rdf , ukt dy7,j 8u h d kjkb8dff ytfudyd,u i",i circled the block and found he was in the parking lot of a high-class restaurant .
"c z ../z/c/z/ x/czv/zc . x/xzzx./,c zc /, czzc z..c./ xxz .","then his mind moved on to be confronted by something far more serious , and as the thought expanded , the implications jarred him ."
2; s1s4l26ly5s s2; s3lrly5s6s1 s s1y3s 1ys1s2lly5sly3;/y/s;ys6st1y.2s;4s6slrs,"some are fishing , some driving the team , and many are sitting indolently on the banks of the river ."
rl ;wwlal/ 312 1'l21q /3 k 12,his official term expired last summer .
7ir i5 ie8 j5 65y566ku 7 ri5 gkg6575 7iku o 6 kgt5k7 o k ir ii5te75 5kh6ki5k7 j8 ri5 r8ij0grktku o i856j0g 65y565kg5 7 76ekrg5kt5k7e0 5h5k7r k 7i5 u0je0 rg5k5 p,"thus he may be referring to some concrete thing , or incident , in his immediate environment by some symbolic-sounding , hyperbolic reference to transcendental events on the global scene ."
"4t3/,rt 4t2 /2g 1.gw/1 4t25 t23w q/,gwq f2/1 .g 4t2 q43224 s341t22q 4.32w t/3q2q /ww.gr q42 d/.s2q","through the open window they heard sounds below in the street cartwheels , a tired horse's plodding step , voices ."
l5wfk/;ke/7 6u4 h;66/4 3we e6l// lj 7 uwjr t;w e6l// y47e45ljy ;g45 7 /kf.l/7 3w645'5;;t 3w6fu,"miraculously , the bottle was still in my hand , foam still geysering over my luckily waterproof watch ."
s25'[g tq .[d2w e3[. ]3[12q423g [3p2g44p[g 4[ g2o43'pq. []2g'5 t[q4p'2 4[ 4t2 12q4,ceylon has moved from a pro-western orientation to a neutralism openly hostile to the west .
x cvc' vc c cbcnb'b c',no wonder melissa responded so completely to its beckoning .
"pmbbb b b]m b] [ b ] , m hj b nbb bm]/[mbn]nbn",cut beveled edge on the long sides of clay at a 45-degree angle to miter corners .
6u4 e4f=jr 6-;4]7 w56 =t 6u-e e[46fu =t ]-645w6054 wjr 6u4 e4w5fu t=5 -r4j6-67 uwe 6= r= 3-6u 6u4 r-tt454jf4 h46344j y==r wjr 4jr05-jy ]-645w57 3=5[e wjr 6u4 4u4;45w] ;wee f0]6054 5=r0f6e =t 6=rw7,the second timely part of this sketch of literature and the search for identity has to do with the difference between good and enduring literary works and the ephemeral mass culture products of today .
6u4 h4e6 4gtr4jf4 te 6uw6 u4 54f4tg4r w vyj6uh7 3wy4 yt whyr6 b g457 yyyr vyj47 tj wj 45w 3u4j 6yu uwjre 3y5g4r ty5 7 wjr tyrjr n,"the best evidence is that he received a monthly wage of about 125 , very good money in an era when top hands worked for 30 and found ."
;5 we6 /'j6 g4j6;54 ew'j64r wr7 w r447 54'y';e t' hwe4r j 6u4 't4 t 6u45 fwh5'j' wjr 6'4r e 6uw6 '6e 544we4 rw64 3;r f'jf'r4 3'6u 6u4 h4w6't'fw6'j t w45'fwe t'5e6 ew'j6 'j jg4h45 ][ 3we w t'wef t5 e6w56 6 t'j'eu,"our last joint venture , sainted lady , a deeply religious film based on the life of mother cabrini , and timed so that its release date would coincide with the beatification of america's first saint in november , 1938 , was a fiasco from start to finish ."
ww2p3s1=4 d-12 `2-1q f 3r1 21p1 3r3 4fe p1f f3f1=4 21w12 3 d1 q1a1f3 [ fq 3r3 23f31 w2 `r=1p1 21a213f 21 3r1 d13 d=1 a21 w2 221e=231 f afqa3 `rar 21 w2p q=1f1 fq 3r1 d12 31p33f ],"affirmatively baker worked on the premise that young men spontaneously prefer to be decent , and that opportunities for wholesome recreation are the best possible cure for irregularities in conduct which arise from idleness and the baser temptations '' ."
q wyd- 2qf3 r4p qr4dq,a shock wave from africa
[ g]ww2w 4] st3[2,i nodded to charlie .
7 xcufv 8 f vxj dmxh mf dxc v87 n k,i asked one day what he was doing .
98 v xvx z--uz xvx z--cuzuxzo,looking young for your age '' means for your age '' and it means no more .
77uu58 iet k7 6t5e 7y ge6686ku 7ie7 rk5ey8 u677u5 t5kk8,tolley had no idea of marrying that sneaky little jenny
"r1or4o``i.4`[qow[o`,1i[p2;3r1`,;;p11r3ri,e`.r14p`qp,[p`1p2;3r1`,;;wrorri,e`.;;i;pq4p4/","and in this square , the respective pairs made up of large and small odd yang numbers , and those composed of large and small even yin numbers , were all equal to each other ."
7itr h57 v5 tk yy6 e hy7 yy gttttku y6yv 7i5 65r7 yy 7i5 gyvuek8 b 74y v5vj56r yy 4itgi 4565 ke7th5 gitgeuyekr n,"this let me in for a lot of kidding from the rest of the company , two members of which were native chicagoans ."
u yjjv c bvj jvbcyn n v iybynu bbmucvn n nvbhubv c uvbn vnuuhun vguu cbyny n vubijvnv y nubmu n vbv ybvnm,"so filled was mel chandler with the spirit of garryowen that after korea was over , he took on the job of writing the complete history of the regiment ."
u46755g77g9g484go5g4g77g9g4yg8ghgi6o8g7og9g875o6g7u77g57g94go4oyg65g66ygj,"various of the apartments are of the terrace type , being on the ground floor so that entrance is direct ."
48hf937i4f83yfi44f7i4f7if8fr97itf86f8fh8hifjf78f74f3i53if67it74f3i5f3hu776774fjf83if7ifi88u7i7fu8i5f8f6i6rf86f937t6i3f7h94478i4f8f3f8778fjfh8f4ifiyif86f68fk,"some painters have less interest in the experience of the moment , with its attendant urgencies and ambiguities , than in looking beyond the flux of particular impressions to a higher , more serene level of truth ."
v xvcuv --v xxvxclvcuv --iovvcmivvlxbzoc .,the truth -- the eternal truth -- is not transmittable by words .
7i5 t575g75h5r 7yeg5t je6g6 4kt56 e665r7 ekt g 457i647 5ky66f5ku i5f 6y 7i5 ke7465 6y 7i5 gie6u5 g 766t i5f jegt 76 i6yy8466t y66 345r756k5ku h,"the detectives placed barco under arrest and , without informing him of the nature of the charge , took him back to hollywood for questioning ."
6xz5xz6zz4x g 6f5xyx6zy5xzzc6f765x56x 5 5 6 54x6 z7 h,"he was ghost writer for babe ruth , whose main talent for literary composition was the signing of his autograph ."
k.h j h h kjmh h kbhbbjmvbk k.hkv hbjbh hjh k.vkv vkkh kkkjkhhjh kjk.hmgkgjhhbhbbh khvmhmghvjhkjk.h nv gjvkhmlv jgkk.hkjhbh k,"the movement of events is so fast , the pace so severe , that an attempt to peer into the future is essential if we are to think accurately about the present ."
b cv;c ;xccv x l l ;vnb bbl cv; l '; c ; lbb'x ;'l /c /c,"the robe , however , was missing , for by that time barco had disposed of it at a pawnshop in glendale ."
9`10k313w89ep0399k01e`390ep29pe03k0e-99e2lk;-39pp9-3`e009pple`39`k83028ek0el30010k39k9e9q9p9ep03l0ei911083w`lk8qqp08l;e039e2`0e-9p,"aside from the fact that business was slow this time of year and his one salesgirl was not the most enterprising , mr. phillips had no worries at all , and he said as much to gun matson , who sat across from him in civilian clothes , on a jiffy-couch-a-bed , mauve velour , 79.89 nothing-down special"
nd szx z-- v gndxd f--dc g d xgfch vbfd = =,he was all of these rolled into one sturdy figure ; ;
"x izlxio ip, oz,ioxmixixzllc.","this relationship , however , is not maintained centrally ."
"pni i i nmnn ni ,i, n ,ioo i nmn, mu nlo i ,o, n mn moup , omi , n,n,bnnmn nmpin lompmom in.","specific differences exist in the action of different drugs belonging to the same group as , for instance , between reserpine and chlorpromazine ."
rgwew qa r- r rgw s00e bs 0p9cwe wbrwews q9rg rgw q0es rgr gw9awe q9agws r0 aww rgw x-r9b ;,there was a tap at the door and oliver entered with the word that heiser wished to see the captain .
"uje uw6 6u4 fwhe4 kt uje hw,rj4ee",his hat the cause of his baldness
",sca,zza sa ,sd c, scz",is there a different reality behind the facade
=s=a=zsc [z=acs-]ad=,not a word of thanks for what i'd already done .
xz'c ; c'x'v zx;,"a real ' nothing ' torso '' , says henri ."
t8b.ly6bb,st. jude 24 .
"vf bc fvcbh c nhfvbxhc bhn bhn,,","just be sure to send your two best boys , tony '' ."
"ig9iokgig45g94gougmi89gy4llg4gyoouiui4lgm4og,g4o6ggig45g9ogig45g4loogiogmg5u6iog,g6oio8gmgokg,g94gig4llg7lg4liug.","i think i was what you might call a convivial man , and yet it was when i was alone in my studio , doing my work , that i really felt alive ."
x ']pxx]x zx ]]cx/\z]/\xx ]\zx]]xzpxzx ]]\[]x\xx]xz/[[x[[[xc]zxzx[ ]/x[,the lack of adequate data on the aerated lagoon system prompted the developer to construct an aerated lagoon pilot plant to determine its feasibility for treating domestic sewage .
"if bsd ,pfbsd api;x ds ils bsd oc zbs ,s fop sx of . x zg fbf of az p s pc bsd p sd /","but her mother would rebuke her if she mentioned it , and say that it was none of her concern ."
"uueouei1e`o3i1innyeu`uq`1ineei13ioiue`kkue2i13uue3uoiok,",it is an experience of a new depth of community derived from an awareness of the corporate indwelling of christ in his people .
"k.h]v]v0j-hbghjhvkk.hk=j0 ,=mk.hb= -v]]vnnhj'v nh h vp0jln-n kmhh]j- -]h,hnk=n=0 kk.h hjv -kl=mb=-]]0bkj-=0bv]vnl","the lalauries were at the top rung of the social ladder , and even a jury didn't feel privileged to doubt the veracity of so illustrious a lady ."
"cnjgh j,g vg g jgg j, g jhk j,g cbg g gcvgb j g c hmc rr jk j f, , j,gvg bgcv c b j,gh cjjg bc j ,c jv n nmhcj g 6c mcmg f6b g cjhc6 h rrgbcjg6k ncr6ch y",after the seventeenth century the audience ceased to be an organic community to which these ideas and their attendant habits of figurative language would be natural or immediately familiar .
37717e`i73i3e`e67e2e7e1e73hik,his wife was in delicate health and nursing an infant with measles .
"5awitwt`uitai3a33wueaoiauta`r`ak`21atiaitkaiao`aruwjut4amaryaia2u1`wuita3inakiw`ka`wueua5`anu45a5`ea5`2an`ta`yquku`art3u1auta`22uuitaiawituryut4aianian`tut43ykakwuit1a,","the concentration of effective power in rabat leads not only to party bickering , but to distraction from local activity that might have had many auxiliary benefits in addition to contributing to more meaningful elections ."
8o34jrir4`9jrq4`4r18r3o9w844199o8r3r3l,tilghman knew that some ranchers were hand-in-glove with the doolin gang .
/ v .v .b/. m / /b nbv v .nv / /,"his legs pumped furiously , his long black hair streamed out behind him ."
agw bq awecwa b rgw ves d sewxrea d rgw s00a atigbt exgware bs rgw s00a rgwrwe xwbrwe bs b rgw ves d rearwwa d rgw s00a iawi d dbw era p,she now serves on the board of directors of the dallas symphony orchestra and the dallas theater center and on the board of trustees of the dallas museum of fine arts .
dmf chgx 6 cyj cmx8fv m6c 85g87cf h7 hmf cm6bh6 n c f fc 7b gx j 5uh5gfc h gx j cxu7 c h gx j v6xuf h6 c h gx j 8fgc7 xu6h6fc h mf hg6fv h7 gfbxcm67 m6gcfub 6 h7 x chju6ch 7b gx j chjufc h vfhfgg6 fv j gx j v6c8xgxhf 5uh5gfc j,"when stravinsky shaped his purpose to the shifting scenes of many cultures , many salons , many dialectics , many personalities , he tried to refashion himself into a stylist of many styles , determined by many disparate cultures ."
x v dmfhmfg h; xhhf v hmlc ;g hmxh ;//fnf x v h; b;//;d hmlc ;g hmxh ;kgcf ;b chkvj,and whether to attend this or that college and to follow this or that course of study .
8g 9 c0 ]g dp9d d sd xn08pc p0xd gnd c00f 0 0 xdf 9 d 0 d gdc -zg9d gx ;,but i don't believe we should close the door on non-service-connected patients .
thats ;ne ;f the reas;ns art ls bec; lng a kse/ess ;cck'atl;n,that's one of the reasons art is becoming a useless occupation .
igk5p7g9]ppgig79og]]g;,by myself i'll be fine '' .
v =v vnn bvbp nvp nv b = v ==pbvn nmmv b = cn n v n]p bn b =v0bm],giffen filed a petition for permission to emancipate four slaves all more than fifty years old with the st. martin's parish police jury .
"mhu mkuk rtyt d k,j ukt ,dfu lykghbuf kh d lkdft rkjbk rdf t,gj,j",but both were among the last products of a phase which was ending .
c0d 9vf90 9xz f0 v9 s 8dfs sd9 vz f0 zb9-z x 9d dcf [ [,for navigation aids to give accurate bearings to ships and aircraft ; ;
;c 'bb' cb cv,i've got to get her '' .
",f4 6f34f6.i5f.6f8,fumf83f3f.mi7f.3if83 6f8,4f37f43f,if8,f34f3f4f.ff",i myself was fond of him but what a young woman half his age saw in him was a mystery to me .
",ou hoy mt '' .",not for me '' .
61y515s12syst6rs1y1s7s7,language was no problem anyway ; ;
46`qru`7q6w`87g887`7r45y`27g275q7``5w`67r`6r48q626q46q45688164`6`g7384`j,this center also receives prompt reports on earthquakes from four coast survey stations in the pacific which are equipped with seismographs .
`2perrr,"as for you , brannon '' --"
s6sss21'3ss1sss612s4'ysss,"oh '' , said mr. partlow , that's fine , tom ."
i k.bp,months .
rgw rtg gs xar cwebb 12,"the tallyho had cost vernon 2,300 ."
cyd fbs vt s b as dszfdt f ffs fty fy htffsdz yc stvbf c j j,"for the mice , we restrict attention to litters of eight af ; ;"
46`26`e77yhe274ewh6`q7uuq67r7287g`4ug7`uuq7gg5r6`6qhe5285eu6q67r7246`e77y4tq1q7gg5r6`ghr11w7q18q626`6qrq4h475346r6r346`w7u567r6167gj,"his first book , before the brave 1936 , is a collection of poems that are almost all communistic , but after publication of this book he rejected communism , and advocated a pacifistic anarchy , though retaining his revolutionary idiom ."
"nn ; .; , n, l , , ''nn ,;bml , ;/ l nn l;m l ,n/. nnmn","even so , many of the things that happened to wright and olgivanna seem inordinately severe ."
o6b/io8by6l9b8o6br8867bb,he might deny the latter ; ;
"v,nm zzcmc zc, c zc z, zx,zx m m nzc z c,xv nxczzc zzxmz mcnc ,xmzz zxc x,n ,ncznx,.z","you will be entitled to all the advantages of a new car owner , which includes the factory guarantee and the services valid at authorized dealers throughout europe ."
gmfghmsmynu djr frmhfmvrd tsmhhmg ght jgd rbgn yjhfhjyd smf htfrtd jg yh nrsbr jrt,indignantly she denounces rangoni for his evil thoughts and orders him to leave her .
8f8f4f83ftiii4f443f634f8f47itf6f7i3ifi034ifp,the truth is that communist russia fears the resurgence of german militarism .
g 4t2 32-5o23 q5q42o p 4t2 qs5g42 gw 32qg 32 oa2w gt5w3q-5 gw g eogr ss3q [,"in the prepolymer system , the isocyanate and resin are mixed anhydrously and no foaming occurs ."
7ub67x6vx xzxg7x 85c876xub x xv6xubv7 6u7 xx6v6 7gg56v87zxc6 5vxguj,only in one instance have we moved purposively and effectively to dislodge existing communist power in guatemala .
e``a`dr5`2e`236565`d`q2e1`8edw2y,he even makes the city look like one of thoreau's hangouts .
`2`d3081q``2q011dso18d29p3081`9d``-p`w-p92;,extend your feet forward and backward until you are in a deep leg split .
3 l3q;13le;`e;'e;'lq;q;e'e';;e'e;ee'2e;;'e3'3l ew;e2e /;lw.'e';e2e;'e`;;'ee`lwq;e'e';e2e;'e w;;'e,"what we must have , if the united nations is to survive , is as nonpolitical , nonpartisan an organization at the top as human beings can make it , subject to no single nation's direction and subservient to no single nation's ambition ."
b c bb bicbv0b v c b ci8v cib cic vibc0nccvn ccvb vb c0 b vc ncv cic icx bivcbc00 0cb c0 b b bv 0cbibci0cp,the fact that metropolitan churches of the major denominations have moved approximately every generation for the last hundred years becomes somewhat more intelligible in the light of this struggle to maintain economic balance .
m a a j hjg ksja j advh c jsa dv h kmf zjh c bgdha z mjjnh c dj mjm gdj z j j jsmhdf xjs kkmh ma js,"law became a conscious process , something more than simply doing justice and looking to local customs and a common morality for applicable norms ."
"t/4e.h qh,rqd5,4.ht /34q5./hw q43 .h ,gg/d",gordin manufacturing operations are in lubbock .
n mk eu',cf. mcglynn 1958 .
pb c] bb c c .c [ob cvcv xcvcp'pc b['[[;b c[b cvxn,in the past these same southerners were inclined to look the other way .
"5y3 3ww3h5,q e,rr343hd3 g35233h 5y3 h32 54qhw', m,hq53e g.q4ew qhe 3s,w5,ht g, g.q4ew ,w 5yq5 5y3 r.434 d.hw54md53e .r 54qhw md3h5 / qw5,d /qh3 w q43 ,ty53e r4. 2,5y,h","the essential difference between the new trans-illuminated boards and existing billboards is that the former , constructed of translucent plastic panels , are lighted from within ."
9og9g94'l5gy4 g;g7/g;og5k77lylo/g5kg8;ko6gl9g9l g;g45.g9l g gg94gl5g94g gil//g]]g9//;g;g74//ggg,"when the therapist came to feel on sufficiently sure ground with him to ask him , what is that , bill -- hello or farewell ''"
"7i5 r7.g i. t56 t5 ,h56r i,r /6.f8",the stockholder delivers his proxy ; ;
", b .n m m , nn,nb n , nn bb n , nbb b m, b ,b nb nnnm ,n bb, nnm n bb, , mnv nv,, n , ,nv,n ,n m .b ,mbv,n,n, n bm ,m n nb n v,nnm b nmv n ,n, n n n nn , nb,.n b b ,nmv,,b ,, n b mn n mmn b n, bn , nn . v .nvvbmmn n ,,m bn mn bn, ,, b ,bn","as this year marks the centennial of the beginning of the civil war , this fact is being commemorated with several exhibits throughout the state , but most of all paying tribute to the first rhode island volunteers who rushed to the defense of the city of washington , putting at the disposal of president lincoln the only fully equipped and best trained regiment at this time ."
"6upoys61y5sp16s21i3sssi4siskys6ous1s1ys161s,sisoul3s61rs3outl3sousupst4os6ous5osors6s''ss","thereupon hwang pah said if i knew thou art an arhat , i would have doubled you up before thou got over there ''"
k8p29-p32e`-0-8p290d0q`e22`s32e`81`0q92pp02k`d2-`1`d2w`;,multiply the population of each state by the square of its allotment percentage .
m bc8b m90 n9 mbb nb9;,the question frightened andrei .
ily giyil;gn;'y k/l.iyh gl/myu l. ily hfu.y.l.k u;;,the stethoscope glinted silver in the darkening room .
k1;a-`1ta8t200oa5a0oa03a409t4a30ka5081a0a5081a95a5a50845p11a194t`90ta03a`ta50t1a`t2a`2990t`pap`r0a;,mrs. pastern undertook the work of going from house to house with the thoughtless resignation of an honest and traditional laborer .
62s75sry6y5s4sooss,is your evening free ''
wq0ht qd5f56 w w023e e2h g6 53sqw h45y34w o g5 234 d4w34w dqh if3 r43306 o 9ht h5 5y3 wqh 8qdh5 o 54h56 qhe g4qaw 4f34w rh3 5q4h rwyht h 5y3 g4qaw 4 wyht 3qw52q4e 5 5y3 4q53 dh546 r gq4q5q4q p,"sailing activity is slowed down by texas northers , but power cruisers can move freely , poking into the san jacinto , trinity and brazos rivers fine tarpon fishing in the brazos or pushing eastward to the pirate country of barataria ."
", nm nmn , b m n nbn b nb b mbn n mmnnbmb vn b nnbm,m mn n bnmnb nmm b nmmnn bnmn n mmbn","apart from misplaced modifiers and headlinese , journalism contributes a wide variety of comic ambiguities in both editorial and advertising matter ."
/ . b . bm // /m . n /b /,i snuggled up close to him -- loving him -- thankful for a man like him .
hmmdjd6mu4j2d724du4d7djj d7hmd37d3mkd dyhu6hu6dy2rnd7d2374drmj73d,"rilly or glendora had entered her room while she slept , bringing back her washed clothes ."
mssssdjzf,keeeerist
"zx z fdxn g , ,.zfz d mgdfzgnfd ,v gnd .dfm,c mx dggdf ,s z c dggdf xgncmdc ,f ,fd ,vgd .dfv,fdc gnz gnd d b mxn zcfmbz",as a result no comparable literature of the period is better known and better studied nor more often performed than the english madrigal .
"k.bbhhrbk.v h hh k.h 6b kg. .j,h gvbmj hny",this seems to have been the conclusion to which origen was forced .
b'g 'ch 'b hmf ey jfxgc hmf 'fgxh;' dxc l vfg bf ; ; f v;gf h;',for most of the 25 years the operation was under feminine direction .
"b/e s.s gw wv/erw ,ar qgr dc/evw wc.swbxw rgw dwswe v,ew, /d .bcwar.fr./b ew/era .fgr s.ax/aw",nor did he elaborate just what favorable evidence the federal bureau of investigation reports might disclose .
;n wash;ngt'n c;ty every'ne ;ved ;n a blbbe 'f 'ts and 'ne death ;ght attract an'ther,"in washington city everyone lived in a bubble of plots , and one death might attract another ."
"va vz acmdmda sa, x,s asm c md",he had a legitimate reason for wearing it .
"5ap`wka5`2am`2a`art2aoa5ato5a,a1it4it4ar`wkao`2a5a3a,a`t2ak`ota`t2aul`awoul2a5`a5ma3`itla.","the pack had made a bend to the north , swinging back toward the reef , and kearton and ulyate could hear them faintly ."
h j sassjjnshmkash hmhsadjax hshj h sczhm a jazja m,"in contrast to cocktail parties , military organizations , even in the field , are more formal ."
9xv98x v xxxcxxvxcvu xxz vuvv99 xx cxz fauxc9 cv xc7o,let us look in on one of these nerve centers -- sac at omaha -- and see what must still happen before a wing of b-52 bombers could drop their aj .
td va ud uszas vy ajaba d f yjj n aydvas sdyu j us y iysaz m,"but he cannot order his elements by will , either rational or inspired ."
"ilyo tiykh ,y ,kfnj iu tluiy iu liugy0,kf.jyi okfuh m nlun f.h gokfglo m kujy mumuf. lyugykj ,","they would be black or white or horse-blanket plaid , chic and splashy , like vivian herself ."
"j,gk u gf f,cj j,gk 86ib b8 c b 7j fcv 8njg c i7jjig h8hg j,c 7 j,86m,j j,gk 86ib b8 k",they knew what they could do and it was often a little more than i thought they could do .
"mmu fuyt,juk d,g /.,j,d,bi gtnt ./ ukt,bth.yuk d,g ukt r,,g, d,g gtdukmtg t/,f.gtf jdukty ukt ukytdgf .h ytd ,cdu,., .h ukt r.,gtyhm ,tff .h ukt . g m.i","but strength and poignancy develop thenceforth , and the windmill and deathbed episodes gather the threads of realization of the wonderfulness of the old boy ."
]] =c fbszs = z-xsdf-= z ds =c d-f- ] -;=df s - = z-xsd- v xscs zs x ;sx- ] ; vs;s f,all of these considerations are of critical importance in considering defense and medical management .
"m9kb 9908 bp9 mb 9 l0bb08mbn kbkbn 0 m 9 n08-v 0 b mmbk-m m0n9 9m0 0kbo9 0 89m,m b9 8 m m9 pk,m 0p0 9b 0 m b9n 8 kbm p9 m]] bn9m b m b m80nnb p9m,0 m bk0 bnv0np nb0p,m00- 9 8pp,0908 ;","time and again in counseling and teaching , one encounters members of this group whose attempts to bring into some kind of unity the insubstantial mythologies of their fundamentalist '' heritage and the stubborn reality of the modern world are only too painfully obvious ."
"m4,r1,rmr4m344w4,re1 r1`, `q,r1`412rr1n","with one down in the eighth , marv throneberry drew a walk and stole second as hyde fanned tuttle ."
"c ,c bv,b x . , x,b /cv m ,c nxv m ,c c b .c , c,b.. b. cv . mbb c.b cvccv . b c b .m m cxv v.xv .","elaine stritch , who sings with a persuasively warm huskiness , belts some life into most of her songs , but the other members of the cast sound as lukewarm as mr. coward's songs ."
"fbnz fns xn f zn sx , sz f g f fbs nff s bsx abn b bx vdma mbf mc sd sd z fbnvb ll z ss,n v bn x z bsx m sdsx anfb nvbf bnd m fm, x anfb xn fg sgs dmaz m sd fbs dszfn v sgsz","this time b'dikkat smiled pleasantly at the little head which had grown out of mercer's thigh -- a sleeping child's head , covered with light hair on top and with dainty eyebrows over the resting eyes ."
v xcyxccr cyvv x t x8yrvbvgxyxctzyy x xhttvbb cx yv x bv xuyxn,"the robbers run from the hide-out , take cover in a wooded declivity , and are shot dead by the posse ."
"auta5a4`e`2a`at`uirua5a5`2arta15ita5a4`e1ai3a5u03iyaru4a4`na5yt1ajukk2a5ytut4a5a`tun`k1a5a`1a`nout4aiak`11ia,",in the graveyard at nairobi he had been shown the graves of thirty-four big game hunters killed hunting the animals he was attempting to lasso .
9oo98 xzc89c zzoozxzxc z8c 8oz90zz7zx7z97987j898z9o7c89l,following reaction the cells were scratched with a file and opened under a 20 aqueous sodium iodide solution .
fzx5 xzz6xy76y55zfx 5yyv zcc z7z6 cx5c56uu,american and free-world policies can marginally affect the pace of transition ; ;
"qmrr2q4,.g t5/.4t2q,q q. q22q ,gw2`m42 q g 2a/ g4,.g e.3 4t.q2 1t. qt,e42w 4t2,3 32s4,.gq e423 4t25 1232 ,ge.32w .e 4t2 /.qq,f, ,4,2q .e g.3 32s4,.gq w,ee232g4 e3. 4t.q2 1t,st 4t25 rd2",a suggestion hypothesis also seems inadequate as an explanation for those who shifted their reactions after they were informed of the possibilities of normal '' reactions different from those which they gave .
r5g4 tt 6u5yu 6u4 f9 rw58j4ee 6 jwrj4-e ww56u4j6 wjr 5wjy 6u4 h499 i wjr j w t43 e4fjre w 7jy y59 4j4r 6u4 r5 o,"i drove off through the cool darkness to nadine's apartment and rang the bell , and in a few seconds a young girl opened the door ."
fmf f hc h jgnx h x v jgnx h j kjg vc j xmmjjc,"elements , inorganic and organic compounds no alloys ."
9f3 yqe 3hty r 5yq5 u,i've had enough of that .
"ghvjh ] hj hng[k.v,,jh,vkhnh/v nm]jk.h[ npbkjlb\j]np k",we are concerned with aggregate demand for the industry's product .
"zfahdg nd,c h fjdv zxd . .",marquet held my briefcase ; ;
f8ufy4f8u35fnf3i3fllff,"who is howard , anyway ''"
yy jsbr smu drvvrdd tm yjtd rggyty b er vrdy yrtdrhbrd btre ty sd sm rmyrtuttdr dytryvjtmh ybrt s vymdtfrtsnhr mrvnrt yg urstd b smf er vrdy rmvyrtshr yjr trvtutrmyd yg yrt stf yy btre ty tm yjr dsvr gsdjtym n,"to have any success in this effort , we must ourselves view it as an enterprise stretching over a considerable number of years , and we must encourage the recipients of our aid to view it in the same fashion ."
gn/x z g xz/c nzc gnd zh xn.g . / n/x cdx / d/d d z c snd g xzg cs nd .dc /g .g z c zbdg/ zh gc g gnzg gndh s.c g d z d g .xd /g,"this man , tom said , had the play shut up in his desk , i believe , and when tom sat down , he pulled it out and apologetically told tom that they wouldn't be able to use it ."
smf yjr yrtyhr,and the turtle
4ydyq4elw h3s5 yh5343w5 w33b3e 5y3 i4uetd5 ur yyw yhwtjq4y56 m,richard's next interest seemed the product of his insularity .
v ocvv xbzxcxp;b xv xc clo ovo io ;x x p ox. i x pxcv xoc pcx x /,"at first they were only feathers and dark indistinguishable faces and bodies , hunched over their horses' heads ."
"k.hbh ' n; ' hbb' hk.; ,nhhhj lk;kb .vjv khj;bk; m'j m' lbhb' vb.;mk; '; lm'jk.h ' l ;kl 'k; k.hkjlk.' g.; .k.h ' l ;kljhbkb","the second involves something deeper , but its characteristic form focuses on a shift in policy for the community , not in the truth on which the community rests ."
ad va d9s az d- a9a dvasa 0l0[s0df -x d- ls [a 0 dd0[a 9[0df z ds [9a a ',next he turned to wax because there was a similarity of wax to marble in tactile quality and translucence .
v f e q i v w9wa ewv i v uuqw feq9 ef uvev xq i efqr 9r a i -xq vqxqw avq ef cqswq -- o,"on ships at sea , on railroad trains , in summer hotels with mountain views , they always said , i've never done this before '' ."
aasf sad;v' c ;d d a,necessary retouching was put on at once .
"pmvbkvkh.h k.vb hh vbbp, hnv vnnjhbbp k.hp nh g[jnvjhv",if a statement has been assigned an address in the index word area
",v cvvm og j fcv j c gf g g cvg c0gh ,cb vg j ,o j j,g og c hbgh eei j gvjmcjg -hb gfvcgh vjhgv c j -c 0 n bv - g p bh 0g gvv p c b g ghgc- bvgcvg cogh c o-jchk cov [","his assignment was not a new one because baker had sent him to the mexican border in 1916 to investigate lurid newspaper stories about lack of discipline , drunkenness , and venereal disease in american military camps ."
se8132sis1s193sr1yss12sys6s1siss12s1ys93s2ss62s91ys12sty5s671e83sysu34956s151ysue6s12ss613s61y3syssis6ysr1yst92su13s6us91y3s1s43sus1s11so,"to rickards , a 52-year-old veteran 30 years in the air , it was an old story his plane was being hijacked in mid-flight again much as it had happened in 1930 , when peruvian rebels made him land a ford tri-motor at arequipa ."
"m b,fvb .vm m , ,b,. mm,.v,m m b/n./bnm,b m m ,m ../ b. , n, m ,b ,m , m n ,b .n ./ b. , m, b m ,b ,. m b ,b v , bbm mv, mb mnb, bb n, ,. m bm,/b , m b ,d","then in 2 we show that any line involution with the properties that a it has no complex of invariant lines , and b its singular lines form a complex consisting exclusively of the lines which meet a twisted curve , is necessarily of the type discussed in 1 ."
"8f,m4nnyn44f3f, 3ni fn78fnif43ni7f83f4bt8f3 4f5mfb4b3 fr,44f6 ni7f",the positivists are plainly right in saying that such remarks do usually express feeling .
"j,gk g hj jj m' ' m c ,' ghk",they export cotton ginning machinery .
"2u;7d 2,;dr7kr7dy;4d724d pp [od y3d2u4dud23d/2dl3d y37l'd3;;4d2d d","another major church body had 4,499,608 members and twenty years later its membership stood at 4,622,444 ."
b8o676ptbri5r9tbrbhorlh6b8o69bhr9borj6b8j67i88u6ybt8h68o7libppbjb76867l6yb8o6bho76ubk,"there's always a chance they may have overlooked something '' , returned the chief ."
3f;3if34f43i5-i7f-if8f=if5==f=6f8f]-785f=5]f==;f3f6f354f=f;-[4f]6f'fu0f8f'f==f'f4055i]f;35f0f8-4f;-i5f3i5fif3t-i7f=fp=-if8ft=i6045f3t-y-f3f8f34fi5f=6f8f4=t[35f,"a man was standing in the open door of the lighted orderly room a few yards to mike's left , but he , too , suddenly made up his mind and went racing to join the confused activity at the east end of the stockade ."
neverthe6ess t rst f the teenagers ntervewed be6eved n rantanng ther 4ewsh dentty and even envsned 4nng a synagge r ter6e y,"nevertheless , most of the teen-agers i interviewed believed in maintaining their jewish identity and even envisioned joining a synagogue or temple ."
ukti d t mtdvubhv nm tbuf,they make beautiful objects .
b cocvi[ cnc o8icvc l,the clerk's eyes flickered .
`q4yyh`r1qyvvrrt3yru`rry441r`2thvhte2y1yqrvrbbr1utvrh2thv`y`4yhtet`4`uyr`yhyqhuy3v`br1yy3rttyr`trvveqyvvrrtt`n,"schools and community groups turn to the headquarters film library for documentary , art , and experimental films to show at libraries that sponsor local programs , and to organizations in member communities ."
5p'a1o2pt4a`a5a1.pt`apta`t2[ea/a`2[tp`.a5`2arta[;pt4a[ta`ata1`.ta`t1'`p[ta3[.a5a[p4pt`'a4;a,"while studying at the seminary in andover , adoniram had been working on a new testament translation from the original greek ."
p4s6s613styss'pop313sspys2[.s1s/s6s[o'3s61rste[.s1s.1s/s1s1''py5s][pys4[s][]'s6[s2613s6p2sp312s,"if he had been liquidated '' in some way , he would have become a martyr , a rallying point for people who shared his ideas ."
wl 2gql;gq lg lgst2q gw e3s4l;gq ;e lgst2q 1l// rld2 4t2 wlq'/s2 2g4 lg skfls lgst2q,"dimensions in inches , and fractions of inches will give the displacement in cubic inches ."
bg hj mvf bs 1 hj s3242w sbdb w2e2gq2 wbee232g4 e3n sbdb bgkr3nvmq ne 1n3 w 13 32qmngqbfb b45 ne 4t2 rnd23g2g4 4 2d2 q 4n t2 m 32wvs2 nqq ne be2 gw m3nm2345 bg wbqq423 g4v3 n3 gw2,"in 1950 , public law 920 created civil defense different from civilian-groups of world war 2 , a responsibility of the government at all levels to help reduce loss of life and property in disaster , natural or manmade ."
"ily uygy.i ggy . fi8f.inf tlyilyu i iuf.gjuy f. f88f.ny j gmyuyk. .fi.g .i f jyhyuf8 .. j gmyuyk. nivy.g uygyy,8yg ily fyyunf. .y j 4 ufilyu ilf. ily .y ilfi tfg uyg8myh ,o nm8 tfu i",the present issue in atlantica -- whether to transform an alliance of sovereign nations into a federal union of sovereign citizens -- resembles the american one of 1787-89 rather than the one that was resolved by civil war .
";h/6 lh l5w rlhq/ wd3h3 2y343 g3q5l3 g46qh5 q46 e;6/3 wyq.3w ;rr 5y3 elwq'';lh5 3h5 ;r g3lht ,l/53e g6 y34 lh53//3d5kq/ /;f34 qhe '4;d/ql w y34 3 qhdl'q5l;h e; 23 t35 kdy 2yldy q.3w 2;45y2yl/3 5y3 w34l3w ;r g;;4lwy 4kw5ld yq''3hlhtw 23 yqf3 yqe 5; 2q5dy r;4 ;w5 ;r 5y3 rl4w5 52; qhe ;h3]yq/r qd5w","only in its final scene , where beatie bryant mary doyle shakes off the disappointment of being jilted by her intellectual lover and proclaims her emancipation do we get much which makes worthwhile the series of boorish rustic happenings we have had to watch for most of the first two and one-half acts ."
=j4 r=f6=5 54ef5-h4r w 6wh]4e==j =t 3u-e[47 =5 h5wjr7 h4t=54 4wfu ;4w] t=5 ]4y f5w;e,one doctor prescribed a tablespoon of whiskey or brandy before each meal for leg cramps .
"vov gk.v v l .bvjobbknk.hjh-hvn ,mj.bgmhg.b k.hk.hjbnhgk.k.hjhbkmk.hmvo-l[",a man with a baby in his arms stood there pleading for his wife who is on the other side with the rest of the family .
zc x xxx ziz x0xxx x z p,surveys show that one out of three americans has vital contact with the church .
"9pilib,7t/br78oi7borybp[6l6yb8o6bpj6lbrlyb8o676b5rtbrby7ou8olibpyp7bpubop8bkothio8tb/",young mrs. arthur had opened the oven and there was a drifting odor of hot biscuits .
6w7cu5wdw6w75ux88q78q6ww78q7wdw7sq7587aq87c6csug8u7auuguux56ccss6ch7q6d6csw7uuw7hac8q7sqgj,"it was concluded that it would be appropriate to process the two groups of responses as a single sample of all small businesses engaged in , or wishing to sell to , defense programs ."
yys6syys61y3sbs6st2s1s2y2sy4syys61rty5svyr3styy3s6s1vtt1yesy4s6ts6t56s2e6yyhsn,"on the one hand , there is a sense of not having moved beyond the ambiance of their high school ."
2f6yqi 526f r63 w26f 3r1 311 d4226`1q 5f36 3r1 d4ft12 e42q5fe 3r1 e211f g f 1fdftf1f3 3r3 rq d1a6f1 6w3 fq 76fe4 w26f 3r1 25f g 3r121d4 d25fe5fe y6ay 24y1 5f36 w62a1 h,"arnold's iron shot from the tee burrowed into the bunker guarding the green , an embankment that had become soft and spongy from the rains , thereby bringing local rules into force ."
"h .hnvk nv v9b rioi.hk9nuv v,hj8hj lmvjjh99-u k9hvj ,v lk. , k.h h .o","benched at indianapolis in 1956 , he told manager kerby farrell i'm not learning anything on the bench ."
"sc kscakzjzzjh,scj, kxas,skc,lcak cj, kzs dcaj xcalaj c c,lksca kscajscsc lak ,","the mother of a difficult child can do a great deal to help her own child and often , by sharing her experiences , she can help other mothers with the same problem ."
q eyauqa m eydfe m va oqwsiwnqa fu ouvi ive m zfncqw nyuz m dxieeq m va nwzfq l l,"we studied , taught , and performed his piano sonatas , chamber music , gavottes , and marches ; ;"
cvuuh7c v uvv86n v nbvvn 7b uu6 bvoo,"well , now she can sleep in the street for all i care ''"
",ysw/,y2s,6s./,e1 s1// ,e1,.ys.4s2e6y,ys.ys6set1 se.wss6s1y2,22,.ys.4s,/m 22s4.s6se.ws.s6s6/.61 1m2s12s3.y213s","in experiments with topical application of strychnine on the cerebral cortex , the transmission of impulses from the cortex to the hypothalamus was demonstrated ."
vb c9cbv cc9ucb,robotics and electronics development
"mnbh h nm gm, nmn , n n, mn",lewis himself furthered these tales .
zs fld .s.. kz ;dl;lzk v fbs ;;.k fkl lc fk[fdjzf szjdsz fl j kl z k fd z;ldffkl,senator mcclellan is proposing the application of anti-trust measures to unions in transportation .
"wdioqwiqjouweucske,",the operator asked pityingly .
"j/,, myjmt ikh rjuk d ,jbt // pp kt rdf dmkhu uk fdi gkhm,t dyuj,j // mhu ukkhjku mtuuty kh ju",i'll bribe you with a nice '' -- he was about to say double martini '' but thought better of it .
'5d;4d6d;d5d;dy2rd24durd'ud2d7'd;d'67dtud6d7d;du35dd,if you'd get out of your back yard once in a while you might even get her your ownself '' .
"==,m.[ [ , m ppn,, - ]","i'll try '' , i said , and sat for a moment thinking ."
c; j; mv k j;j;c chc cmm;' c b hl g v chg ' b;vck 'g [t] j' y]],"paintings by titian , caravaggio , and rubens are on display open 930 to 400 ."
m312 3r1 rg2jn jwwha1 q1 h3 q1a y 3r2g t fha1 mjfe djjnhfe wj2 3r1 wgmm 21k123j24,"later the hurok office made it dec. 8 thru 17 , a nice , long booking for the full repertory ."
3r1f 3r14 [q e1f12 dp2f[q1 ` e][fe 3] ;p/\ ]s12 r[ r]21 r1q,"then , they said general burnside was going to jump over his horse's head ; ;"
n vyvhbc t t ynvvbvhm m nyut rn h ybthht nhm ntbtb v btv rnrbv vvbt c vbvyv8 tnvvn y n vuyurh ntybn vvvc ybr vbnt t vtv t ybuyb nty bynbyhn vbv ny n vuvyuhvbn v rvvb v t nvv8 tnvvn c y bvn vcybgvb y rvvb bctn n v yvbvvnvt yvybvn hv bt yr v ybubv rbv kkn,"the novel , which is not merely dystopian but also brilliantly satiric , describes a future america where one-sixteenth of the population , the men who run advertising agencies and big corporations , control the rest of the people , the submerged fifteen-sixteenths who are the workers and consumers , with the government being no more than a clearing house for pressures '' ."
cmnvh xh fb mx hmnvnm mf bnmh hmf mgncf vhng nv v nh fchx bcm hmxh hmf vfbf vx h dxc bx cbbjb n hmf dxj mf bf h x nvh fdc ng hmxh dmxh mf vbv bff bf b hn hmf nf fgx j gf nn b fv xhfnngj nb x hbkcfbhbc,"shout at eichmann though he might , the prosecutor could not establish that the defendant was falsifying the way he felt about jews or that what he did feel fell into the generally recognized category of anti-semitism ."
",g ,j m chlj b gf klh, fckjk m jl ,gch f,gj,gh j,gk flj.b c g;j kj nlh ;hlbj jkl c b k j,cj jk g c g blf jl cv,g k..g c b c.vl ;ckb c v,lhj kvkj jl ,c;g. ,k.. f,ghg fkj, c. lvj ,k.bkv, bg.km,j ,g kvkjgb l.b nhkg bv c b nc lhkjg c ;jv v;ljv","he hung around new york , waiting to hear whether they would accept it for production and in that time came down to asheville and also paid a short visit to chapel hill , where with almost childish delight he visited old friends and favorite campus spots ."
k scoqeksascac wsj kk sc;kzk jsl .dl lz dl j,"since the 1946 disaster there have been 15 tsunami in the pacific , but only one was of any consequence ."
u x 9z zzx 9x xxuxcx 7xu xizxuxxx xx axxzxx9c9x9xdu xo,"assuming the lower figure for the big blast and one shot estimated by the japanese at 10 megatons , a conservative computation is that the 24 announced tests produced a total yield of at least 60 megatons ."
ydd7dd3r7d3r783dud288dydd323di,by 1960 there were such schools in all but 4 states .
"kmf,nud mbu,dunt,u b n,nb gndj,mfunb ftynnbt hmy d bmfuf n, tvbtff mh 4k d ,dunt,u",hospital outpatient clinic diagnostic service for all costs in excess of 20 a patient .
"ily gnuyy. hu tfg .-n0yh ju goy iy. u jjiyy. o.iyg tl-y ,uhkyi tfg gn0 . ily ,fn0 [",the screen door was unlocked for some ten or fifteen minutes while bridget was sick in the back .
en43nn11br32b 1`r qnw`n3nvr1,"both are good , daring fielders mantle covers more ground ; ;"
33we331e/32e``e1e3,he has become in this half century the grand old man of american history .
"nhgpb \h] c k ] jh[ pjgb /]hg j,c c k] g gvg j] j,g p bghvjc b[ m ]n bhgc/v g c [ m pv j] hg ]m [ g j,g[h gdp[ cg jv [ ]ph fc'gnp j,]pm,jv","freud probably contributed more than anyone else to the understanding of dreams , enabling us to recognize their equivalents in our wakeful thoughts ."
q434 4t2 1qt 1t22= gw g42 4t2 4p2 ],start the wash wheel and note the time .
"6b m b n6 vbnb6 n m bn n66, nb 6b m b,vbnb n5 y",a couple of the girls were laughing rather shrilly and i realized they were drinking .
"itymy n/i/yg f.h it.g /. ulhy /gf.h uygy.io /.h/nfiy gy f.g i ygif,/gl f ../ju f.hu nuh/.fiyh j/gnf ifb oyfu nfy.hfu",twelve cities and towns in rhode island presently indicate some plans to establish a uniform and/or coordinated fiscal tax year calendar .
oo8v bn 99iv j bovv 8vnb8 8n9j9bj8i0o v vl l,allied arts had booked marlene dietrich into mccormick place dec. 8 and 9 .
"bv7 76n mm n ,v 7b,vbnbm 76 m ty , y n n m9 6by 7 y,9b mn 7b 77bn,n nm99y bv7 t7by y n7 mbnm b mv7 b 77bn m vb77u","he would look right through you while you were talking to him , and if you said , for christ's sake , donald , you've got prussian blue all over your shirt '' , he would smile , and nod , and an hour later the paint would be all over his pants as well ."
"gh n m kjn bkhnkmk.hv knlb v hjl m n knm bmmbb .h vb mb.bvj,nnnn ,bv nhngn bkv km h nbkhn m. fbn lvnvbv n.h ,hn,jm nnhnnhvbg.n .b nhj vl.vjjnhk hh .hjbkmgh bb hkm b v n","weld contributed to the anti-slavery convictions of such men as joshua r. giddings and edwin m. stanton , enlisted john quincy adams , and helped provide ideas which underlay harriet beecher stowe's uncle tom's cabin ."
z h 6 zaaz h dvasa 6 7 g7sa sa7 d7 a8sda dva 6 dassaudaz s7ua 7x dva d6 a h 56uzas h d6saza876d67 ca d h adj dv dvasa 6 d7 6c 6 z6 6z5u d67 d7 av 7x dva 5gas75 67gas gy6 c 58 c6 a 7ggas6u 7sc 6 d6 a j,"and , indeed , there is no more reason to separate the interrelated roles of the active , builder , antiredeposition agent , etc. than there is to assign individual actions to each of the numerous isomers making up a given commercial organic active ."
a6aatata5a5a2`a3a2wrraata4`t2a5a366t4at264tw1aaa`tat264twa3a5a5t22a2`1a1a4`t2aa`66a5a3`536a5a`2a5a56a4161a`a6`1a`a`a3a`ta5ay,"pope leo 13 , on the 13th day of december 1898 , granted the following indulgences an indulgence of three hundred days is granted to all the faithful who read the holy gospels at least a quarter of an hour ."
d3;ddt2l67ud/u'3dyd72ud'd2td7d32;'ud;7'ld2d;5d,"sir , vaughn knows better than to leave the station without a relief ."
pzoxzczp'v,vince cursed steadily .
"r1 ;2kf31q 3l 3r1 2k. fq .1;1q ls12dl2q kf3l 3r1 r2,[kfw131q `312",he sprinted to the rail and leaped overboard into the shark-infested waters .
y gnd z g t d nd dbz gy z artfd gnd gtczh sz d yv z bzhhdfh gnzg xgzhdc stgn ntv gnd fdxg yv gnd gyrf zvd g n,on the back nine he began to acquire the tidal wave of a gallery that stayed with him the rest of the tournament .
"xesi;;mkkumic;wcwwiyowwdxiewwduwuniakkwun,","by god '' , waddell said , we don't want to upset the boy at this time of all times ."
15a262toauua`t7tahaeta5ag75aha5`a`1a7t4aj,"she didn't tell anyone , even her mother , what was wrong ."
",k6ho// tborlytb8o7/,io/,8b8o6bl/j6bt67j6b8/b87rj6t89bi766ybrlybo9/h7.8.hrbt6urii7rly.f66l8b",pumblechook's hands throughout the novel serve to travesty greed and hypocritical self-aggrandizement .
[xzpxzx[,it was frustrating .
the f8nds rec08-ed by red8ct90ns 9n 9tek 12 ab0ve are 8sed f9rst l t0 9ncrease the 8nadi8sted app0tkents t0 the s-ec9f9ed k9n9k8k 9n th0se states where the 8nadi8sted app0tkent 9s pess than the k9n9k8k app0tkent 9tek 13 ab0ve [ [,"the funds recouped by reductions in item 12 above are used first , to increase the unadjusted allotments to the specified minimum in those states where the unadjusted allotment is less than the minimum allotment item 13 above ; ;"
"in ni ,n on ji ki ,ui mi y ni n ,","does she often speak of locations , of cause of death"
vnv v n vby mc vbv nvbshmv b vnb8vn vyvvv bmn8 c 88n7vvn vv8vu v u 8 v8vbvv8ucvy nn v00i,"he cited east germany where after 15 years of soviet rule it has become necessary to build a wall to keep the people in , and added , so long as people rebel , we must not give up '' ."
2w`2e`1`2`de`11d262e`e`1`ra`2d`q66`2dd22e`e`a321qqqd`4`1`3y,together we waited in her car until the hearse moved out and we followed it down into the heavy traffic of new jersey .
"k.hnvkvmjk.hmjbknvl n vkhvthkhjbkjhvtgk.v hjl.,. h kjvk mvjk 7hbv ntvl.v h7hnkk.h.,.hbktvkhbmt jthkhjkhm7 u",the data for the first day indicate a meteor stream with a very high concentration of particles and may have led to the high estimates of micrometeorite flux .
"z,c zx. c z .czxv xzv..xc. zcxzx/cmxzc ,.xzc,,cv",neither of them got very far beyond a sort of entranced rapture at his own creativity .
"8fiuf835y34ftikktuiifu4f3y3uk3ukfif8fo3ii4fi6f3kkfnnu4fiifuikuu3fki3i4f,",the entire headquarters collection is available to the patrons of all members on interlibrary loans .
qhy`1y`yjj12ub2br1yqyryr1ym,arrack is distilled from fermented rice in india .
[.hnlnpn knph/pklobkgh k jv l,"comedy didn't die , it just went crazy ."
v'v v'v fq ;a e/;vd efq c'eeq v'e s'w efe cq 'wwr,"non , non '' , she said , taking the bottle , not for that be sorry '' ."
n 88mun v v n vbv y m v nnnv nvyn n vby 8bn 7nmu 8n n n v n bnm n nbn nn v n n bn00u 7 b uc nm6 vv n ni8 nn 7nmbni,"actually , the abuse of the process may have constituted a contempt of the criminal court of cook county , altho vindication of the authority of that court is not the function of this court '' , said karns , who is a city judge in east st. louis sitting in cook county court ."
wu r;r 7'l 'jf4 e44 eu447 w;j,"ah , did you once see shelley plain ''"
p01aw=0ta`w5ar]=a`a2=24a`t2a`22a-ta`a3a3=a-a2=ta2=24aea-;aa,just count each blot a dodge and add in a few for i don't dodge every time '' .
ngnf hf83if3f6gifhn5fi3 f fy3nf3unfjgitgj3nnfut3f4fh6f8f63ibngif35gghif f8f43f53fyigi7fjh4f34f4nhfhfygyf,"little more than a fine old name , valuable principally because of the franklin tradition , the saturday evening post was slow to revive ."
iltg vyf.i gyuit.k yri uuygg nhtuut.kg f.h ily htgy n,this meant sorting out press clippings and the like .
efq c-- qve ss v o9qez wz p v escva -zq [,"the ball went off in a majestic arc , an out-of-bounds slice ."
5atar`wia`t2a49a5a3o`15o845aka7t2a9a5a7ttoa`t2aw`82a5a178w`1a9a5a24a93a5a08a5a5`2a397t2a`o8al,"he went back and got the flashlight , returned to the tunnel and carried the suitcase to the edge of the pit he had found earlier ."
"rtouu ,ttg f7gt du utdfu h 6h 7,ui m5f hdyt u7 ukt fbt,t 7h ukt by6gt j","we'll need some at least , if only bus fare to the scene of the crime ."
xxxc 8v8 7uk,she never got on his back .
g4 4t4 qst 7q4 sgg4 f2 sgq43s42w 8 8,not that such a list cannot be constructed ; ;
"j c h,, g' v 'v ; , hg n;v' m j j,g gm' ' m c ckvj j,c v c jc h,, g' v g g f,g j,g jjc ; gh n h;gv 'v mhgcjgh","tonal morphophonemics is much more confusing to the beginning analyst than consonantal morphophonemics , even when the total number of rules is no greater ."
",uyjt, ,dybff ]",nitrogen narcosis .
b cvcpnbcnxpc=c b[ ],"there may not be any women left '' , i said ."
fbsds az nf f bkabxfb nc xm d fn zbna fbsg asds ds sxb v,there was not a match-width of damp mark to show they were receding .
"m b b im bn u ynb innbm bbbnboinmb u obu k yookbnbmi oi inn ubm mn boyku mui inn ui m bnmu bn ,","these and other figures and comments have been reported in a special supplement of sponsor magazine , a trade publication for radio and tv advertisers ."
"n, n0 9m n-l= .-m.-9m-b -9,0 n= m,ln,mn p -b, n- ,- .-9m0 9m n= p n=nm0- 0 [[.'",have the insurance company or your own accounting department break down the cost of your insurance package periodically .
6x88u66x 7g87x zzgz7g7zxg5z8zzj,it was applied with a compost shredder made from a converted manure spreader .
b n7 b l,she shrugged .
"12st mysse,nym2ss13m,smys51ys,s51ys",east berlin communist radio in german to germany
z zzx87zx hi78ixic888zh7x 8x 8zix czc7ii7 x 7z8i87i 867x 8xh98zzc6z7x6z97x7 8x zzx8yx97j6x8xz7ici6ij8xh98zzcx 7 k,"francesca and herbert considered themselves violently nonconformist and showed the world they were by filling their colonial house with contemporary furniture and paintings and other art objects expensive , but not necessarily valuable , contemporary things ."
".vnk.hb;klvk;' hh jh hjbhn.vnm'j; bkv hh ,v n hh k.hh h l; rp[p h vlbh'm;bblhb'm ' hj .;hmlk' hgh ,v nk.hjh;b;kkhn'l kk.vkvj,h l hjb'mb'lk.hj hjbg'ln.v h.v;llk' k.h;j'n ' mhnhjvkhl ;m'j bk'm;,.kvbv;hb'm j;kv;","had the situation been reversed , had , for instance , england been the enemy in 1898 because of issues of concern chiefly to new england , there is little doubt that large numbers of southerners would have happily put on their old confederate uniforms to fight as allies of britain ."
w3]3d5-f3 w3]]-ht d=hd3h54q5-ht wq]3w =h 5y3 ]q4t34 qdd=0h5w yqw g33h 0w3e 3rr3d5-f3]6 g6 w=;3 ;qh0rqd50434w,selective selling '' -- concentrating sales on the larger accounts -- has been used effectively by some manufacturers .
f;i[f83fpf835f[f6prf6f['f8p.fff,know what i had to fix fer ole him ''
fxhjjzxncx vhhzxzchnhzzfgzx x gnng xhzgb gzjfxxghjzh hxgxhzhf jnhc xxz,but now apparently the job of secretary of labor requires that he be willing to risk his reputation as a prognosticator of unemployment trends .
t5q 24t5sq w2e5g2q 76qq2qq56gq q 4t2 73672345 6e 4t2 s6ff4g545 g 6e 1t5st 4t2 5gw5d5w4y 5q q6d2325rg q4213w h,"his ethics defines possessions as the property of the community , of which the individual is sovereign steward ."
ef7 f99qv 8v efq dw8zqwp fqis 8w 7v r86w u7ezfqv k,this happens on the grocer's shelf or in your kitchen .
"xcxbbkmkxx nb bkkm mclbk c,,j b cxnjb ..",we want to know why that book has kept on selling the way it has ; ;
7d23d7d87d37d23d4di,he treats her like she was dirt .
"f5j, j,g g g7j56 6n yg chtgh c b c 5jc gt ghm g j,g hgb5jv chg cv 4 ncf5y5ch cv k64iyy n5 b 6 j,g h6 ghj ,ghh5bmg j,gcjgh h","with the exception of lex barker and anita ekberg , the credits are as unfamiliar as you'll find on the robert herridge theater ."
b c uujvy c cut iutjbvnniy n cc bbjc uvbu bu b cyvcc m,"the school raises enough poultry , pigs , and beef cattle for most of their needs ."
8yy8guyy978gg4g95977o8gjg948846guyy978gg45g54o67o8g9gjg7i4ou6gig8ghog7og9g6o778h5g87g4h86g4o598g86465gk,"rocco vecchio -- a perspiring , haggard vecchio -- was standing there , flanked by two men in the uniforms of armored transport guards ."
8fit=5f8fi3y4f3=3itftpp3i5f3fi6=-f[fy7i3f[f8t8f4fifti3tf8f8f=34f4u4ff,"they include the navy's atlantic command at norfolk , virginia , which is in contact with the polaris subs ; ;"
15g5235`g336t`w3f6tg353164eyt735f16f5e23``14y6eh,"first , wright said , he was choked by the smoke , which fortunately kept him from seeing the dreadful town ."
"fl2 ..4 rej1 `31q fl `l2q dj3 fl` r1 wljfq rk 1.w jfd.1 3l 3l; 3r1k2 w.l` .3rljer r1 ,f1` ,lq4,1 ` `21 lw .. r1 kq","normally hague wasted no words , but now he found himself unable to stop their flow although he knew kodyke was aware of all he said ."
43hmqm1jghrj4rhr3 4j24`gr`4hr 4g33hr34`4jgm1`r1`hmm emhr3,"the girl crawled out into the renewing warmth of the sunshine , hugging her shoulders and still trembling ."
6776df4 5f5sz f5zzsx,opportunities missed
cwdcgfahqfwh wg hngcshajcxnweqcxdzdnjxhhwwdwjqwgfnq wqgngcwhcf xqhachcf qjjngwghc gcnfgcsjgcgdw xzqshhnq anhqjhw canhwwghciwejg gcswhe,"new techniques for automatic molding of expandable styrene beads have helped boost that particular material into a number of new consumer applications , including picnic chests , beverage coolers , flower pots , and flotation-type swimming toys ."
fdx-g x z dggdf fxd g vf z v-- zhvv h cx gnzg d sdfd fdbzfcdc zx nbn-h xd -zg d [,result is a better prospect for a full payoff by bonds that once were regarded as highly speculative .
l pwo xs l; z; s/ dva ;daz sl/l vas'ad;/;cld s;da dav l/ ''as ; dva cl d .a,"in 1948 , afranio do amaral , the noted brazilian herpetologist , wrote a technical paper on the giant snakes ."
8uf5ufutfjjf3ftujj7fi4y5if83futf4uif5u4ilfhiuf83f8f3i4fuf5uff,how do you tell a college president that your son doesn't know what he wants to do
x z xzr6xz 5z zxzx c5xz6czz rxy,the songs sandburg sang often reminded listeners of songs of a kindred character they knew entirely or in fragments .
"d,fuf rk dyt fty/f dm/u ukty ry dyt ti u ,r ukt ,utytfu,j dutyd b,ud,tg , fbk/mtyuf f,dudf",pianists who are serious about their work are likely to know the interesting material contained in schubert's sonatas .
f f'h b;g x gl m bglf vcml' dlhm hmf 'xl hfg mxk fj gjvfg dm; nx f ml hmf ; /j 'g;bfccl; x/ l chgk hl; mf f fg mxv ]] x v hmlc dxc /l lhfv h; x bfd /fcc; c hm;knm hmf hd; xghlchc ;bhf df h ; 'xl hl n hgl'c h;nfhmfg ]] g;j vf f/;'fv mlc xgh j ml cf/b,"except for a rich friendship with the painter , chauncey ryder who gave him the only professional instruction he ever had -- and this was limited to a few lessons , though the two artists often went on painting trips together -- roy developed his art by himself ."
-ac-9spp99pd0 9ak;,perhaps it was all a vividly conceived dream .
4565 ;pr7 ekt ji6koku i[ e;65et8 . ri5 jo7 pi7 75kr5;8 /,"we're lost and burning up already '' , she bit out tensely ."
jbgnv nvbg n,printed material
8f435f75f47gfy6i5f76f67g3uf55t367ififi,they sweated out some kind of formal education ; ;
3ee``e`1-1pwee`[e]3]],"the nearest undisrupted end of track from boston was at concord , n. h. ."
"od2e``q`dia`,e``,iie3ou'2eidke2i2mu2s`lik`qo1e`12os`i2eou2w1`w,2os`d`io,3oudwio''.","on the defensive , he added , i wish you'd think what it must be like for her to be without greg , to be a new widow , a young widow '' ."
vmvrtmmh yjr drmyrmvr yjr rfyt sd5rf t ejsy r6dr vsm bthms f yjsm y jsmh yjr rrm ej jsbr frgrf jrt 6sed t thsmxrf ytrsdm t smf nyvjrtrf jrt vyxrmd 88 y,"concerning the sentence the editor asked , what else can virginia do than to hang the men who have defied her laws , organized treason , and butchered her citizens '' ."
smfrtdlmd ekgr smf gljt vjk.ftrm .kbr km ks k,anderson's wife and four children live in miami .
7;3d23d6';u6d'dyd;du'dd2ud3r'u4dd2u4d72d7d724d'd yd23d'd/d7;3dd'ud7d2w'ddu'd 2d72ddtud;5d'y3d37'l4d5;ud;7d2d/;r/d'd7d6';udd7d424d72u4d23d7;3derl3;tdr'urud,"this was going to be it now , any second , and what he had to remember was to keep his eye on the razor , no matter what , even if roberts should feint with a kick to the groin , the deadly hand was his exclusive concern ."
scxa o9od8sc c s8 x8 8sjoo8o l,the garden below was lacy with dew and enchanting in its small wildness .
zzxv7v65x675c7zzc zcczxv7 uc5z6 z6zczh6 z 56czguu7zgz zxz7 75x uc5z678z z65za6czc7xxv6c6c gzooj,"as everybody is curious to see the battery of glass tubes i have invented , i have had quite a small one made here of four glass tubes in copenhagen i used 30 and intend to carry it with me '' ."
"j,g cihmc 'v vjo k c vfgh jo fghg 'j kou olb ''",the airman's stock answer to weren't you cold ''
", n]][ \nm[] nnm .n ,\n]\nn[n[ , , ]nm/n, [ [,b[ n \m][ n / nm] nm[n ]m, n/ , ,b[, [ n\n nn mnn/n ]], n,]b]m',]mn [n, nnn [, ] /] nm[ n","the colonial period has generally left people believing that government can , if it wishes , provide all manner of services for them -- and that with independence free men do not have to work to realize the benefits of modern life ."
9og84g4g9oy96g5g7gy89g48o8g9g78g8og7yg9g4o5ygg9gog7g9g5ygi,then lay a three-inch-wide strip of cloth along the keel line from the transom to the point of the stem .
"z xgifn cuc gzjd okz d gnzg ubng m z c vifgy zgdkh d iybn m ug u kycdc z kiyc yfxg gnzg ndkodc oyg iyg gnd vkzndx ,","a storm did take place that night , and fortunately enough , it included a cloudburst that helped put out the flames ."
x p==zpzx zxc c zc=ccc],abraham lincoln emerged as an incarnation of the national constitution .
m 26 y yjr usvjy dsgryu ntrs esd trthsmxrf nu yjr msyms7 sddvsym g rmhmr smf nsy tsmgsvytrtd smf s ht g mdtsmvr mfrtetyrtd y tbfr s yrdymh 7sntsytu smf 7snr7mh drtbvr gt nsyd smf yjrt rwtrmy u,"in 1959 , the yacht safety bureau was reorganized by the national association of engine and boat manufacturers and a group of insurance underwriters to provide a testing laboratory and labeling service for boats and their equipment ."
"bcf nn,jbbmn mg ggm ghg m b hnnhvg nb nb, n ,gm bhfn bh ngmbn n,hbn mgh h f nnb ,bbvngmmb hfmbbn,m g m m,hf ,m g hfm ,m g hfmgm,,",equally penetrating in its fashion is the following remark by a lady in the course of a literary conversation so much has already been written about everything that you can't find out anything about it '' .
4t25 slj.w 42.. 2as4.5 1t4 k4 1q,they could tell exactly what it was .
gpg.4;5go[g4'g6p77oyg94gi4o5gy[''48gp5g[og]4]g4o6g;6g[ogpogy94y[4'g/g9p'g]py455[5gp5g[ogy4ou45g4o6g;6g[ogpog[p'g,"it makes no real difference that braque's collage is on paper and eked out in charcoal , while picasso's is on canvas and eked out in oil ."
v 3mm1n3m n3wb b`n13hkfqbnnq3b1n`,"we're just real happy for the players '' , coach bill meek said of the 9-7 victory over the air force academy ."
"mljc nn v,k nl kv",you want the kid to die
6 az xsu6vbfsx f7 gys fbf 8sdz7 u 7 f f 6 z5 b fdg6 v x 5 5z5u 6d 5gzf sz j,i was delighted to make that personal contact in such trying and unusual circumstances .
iuco..,issue no. 2 .
yg qub2 tgy4q n g4yugj eu32q4 u1g23qtyi yq 12jj fjush2w 4ur24t23 m,"in some units , national forest ownership is well blocked together ."
"c , , aaammscsca,","he was a londoner , married , with three sons ."
8o69b5676b8bhlh8r86b8o6blu76ly89btrjri6tbubrlybub5o676j67bttk86bub8blh86b8o6blr8j6tb8b88ri6b8o6b87ry67tbu7ybhr78lrbi,"they were to conciliate the unfriendly savages , and , wherever possible , to incite the natives to pillage the traders from carolina ."
"any ,isocoan [;ayong beethpven here . where beethpven was bprn . os ;ole;y tp exa,one hos pwn onter[retatopns woth s[ecoa; care /","any musician playing beethoven here , where beethoven was born , is likely to examine his own interpretations with special care ."
"ytbt,umi uytdfgyi ftbytudyi ghmmj, d,g mdmjy ftbytudyi jjmgmtyj htmm h,uj mh,t rhuk y kjgjtf. dkkydhfdm ukjgjk uktyt kdf mtt, fj t ytmgbud,bt uj gj fj du ukt rkhut kjgft","recently treasury secretary dillon and labor secretary goldberg fell into line with mr. hodges' appraisal , though there has been some reluctance to do so at the white house ."
c-d zl z=xs ; s0fbsd d0ls -d 0df9s =gz ] ],"for sam spade , neither crime nor virtue pays ; ;"
/6/fe5/rr4j e6 fw/5 f.j67 /j //j/e 54e4j6e wj6u45 /4f4 t 6u4 5h4 t 465/6wj r4g44j6,politics-ridden st. clair county in illinois presents another piece of the problem of metropolitan development .
=d ]=0- e ' ' - a a a va = af,"not louis 15 , , since even he obeys ."
d`2e`d222dq1sd212dq2s==2q=`d[2e`pd212d==`2e`1ea`22d``d`1dq=2`2`2p2`qd22`1`a`d`],"since the constitution forbids introduction of a tax bill at a fiscal session , the administration will either have to cut down expenses or inflate its estimates of anticipated revenues ."
"mu u ud9t ki d,g 0tdnt kf iukty mtk,g f ,u jg == p",but to take him and leave his mother behind is not good '' .
"m ,zm na ,","vladilen semenov , a fine danseur noble '' ; ;"
"ghk.vmmk.hbhv,h hhb k.h j ,jhbb v gbk j bkv kml .h nk.hkjmhkh vmgh nv nkjh .hbbvhmbv jjnh ,ml","with all these agencies , the congressman must constantly check the political wind and trim his sails accordingly ."
6eg7ge008 iet 7 ruk 86 0y5 e4e8 o 8=00 6jej08 y65 i5 y6 ri5 y 7i5 t5e0r iet 7 u y6 o j7 ==,"i practically had to sign your life away , you'll probably fire me for some of the deals i had to go for , but '' --"
bx xnbnvnx bxbxbnbcv cn vxmzxxbnx xbxmv bxbnb b b bxb xnkxb bxncxzb x nnzb b nxnxx vxzb nxb nz,"i was at least conscious of the distinction in my full yokuts presentation that awaits publication , in which , in listing ' two-stem meanings ' , i set off by asterisks those forms in which n of stem b was af of stem a/3 , the unasterisked ones standing for af ; ;"
"wqsqwwuvd ei cwueuv m fq r m q qq veuiv efe ewaueuivkkr xkyq ixqwqudver cixq kk qkq ukkuvd ei duxq yo ue qzivinr m okzuvd efu yefiwuer uv ziveuvqvek fva ;; ,","referring to britain , he says , we see a nation that traditionally values sovereignty above all else willing to give up its economy , placing this authority in continental hands '' ."
"gndfd gbng d z xghfh g gg ,,",there might be a story in it '' .
"r5h5k py 7i5 5oui7 gp,[eko5r 7ie7 7i6k pi7 yi;; ;ok5r py ye6, ,egiok568 re8 re;5r j8 7i5o6 t5e;56r rokg5 7i5 r7e67 py eiuir7 ieh5 rip4k ueokr eh56euoku k5e6;8 - ejph5 ;er7 85e6 /",seven of the eight companies that turn out full lines of farm machinery say sales by their dealers since the start of august have shown gains averaging nearly 10 above last year .
"ms ,, ,s, ,ns,.as,zscnms",it became so monotonous as to seem a part of the quietness .
"9, nnk ,0kn.08 nn08 ,0 0 9,9 ]]ln8 n9 9 ;","it seems to me you have enough to do as it is '' , eugenia said ."
ybhlu5by8bytbbyy566hbnbkt8by8ltbulj9b6yio8byr9tbk6uu76bhubb6lh6b6l8bm,"i know it is midweek , but it's only eight days before commencement ."
y4`erbjujj4ut34jy2u``uqyy4byrr`qyry``r1yb`u1y`qt``y44b41i`r1bu`wyju2jjt`yur`n4rtu244uiu2jy2eur14y`m,"it has been my lot all through life to associate with eminent scientists and at times to discuss with them the deepest and most vital of all questions , the nature of the hope of a life beyond this ."
3qe1-w0`\\,heaven forbid ''
id2e`1`wul1`2iod2e`3ea`l3s``dmo1`o1l`iou1w`.,in the regular sections they have always been more or less discouraged .
8o6b;=76b;6rl-liu0]b=]-h-6tborj6bk66lb]6u8b8=b8o6bp0yi;6l8b=ub8o6bho-6ubry;-l-t87r8-j6b=uu-h67b=ub8o6bt8r86bb8o6by-76h8=7b=ubry;-l-t87r8-=lb,the more meaningful policies have been left to the judgment of the chief administrative officer of the state -- the director of administration .
b k.l.v cj cv l ;cl;.cvljbblk ;cbb c k ;cb.cl b c cj c c,at hilo large numbers of people ran out to inspect the amazing spectacle of the denuded beach .
`we232edd2ed1ded`2213q12e`2`y2`8qi,eighty thousand won top honors and a chance to try for the team itself .
"fjhif3gygi7f3fu3ng hf f4nbgbfhif5t uffhfhfvh8iffgitf353 4f f4t3fh6f43f3f348gi7hif fgifggi7f3uhffn34fthygi7f35fg8ff g44hfgf3i5fgnngihg4fghg4f,,f","upon arriving at baltimore , selkirk on december 22 wrote to john quincy adams , secretary of state at washington , inquiring about laws covering trade with missouri and illinois territories '' ."
vzf dx 9 s i fbs xds fd c fbs zs dsfdfs cd bdzf fg i bz sdszzsx z xds f9g z g s fbs sa zdf fbf sd xsz fbs bd b-z zf s fadx fbs dfszf f x dfbx bd bsz o,"augustin cardinal bea , the director of the secretariate for christian unity , has expressed as directly as anyone the new spirit that pervades the church's stance toward the protestant and orthodox churches ."
"unixzuux izoukkozikciuz ziyizxnoizzcznx,",in most cases service in the corps will probably be considered a ground for temporary deferment .
rbrtu f6tm5mh g 5 ysu 64y j5d vy6yjrd 6m 5y ii h,"every morning , i lay out his clothes on it '' ."
"g b,m ,nfb gbgv ,,,",i haven't had any luck since i was a baby '' .
"m bnb nbbnm n , n b nb m b bn m n nm b b nbb v n nm b b b bbvnm mbm,m nmn nbmnm b ,mm n ,b mbn,nb bm b n",there are certainly large areas of understanding in the human sciences which in themselves and even without political invention can help to dispel our present fears .
"ftbk gtijtuyu, djjurd,btf ll n y, ukt huyb uh itybt,udjtf uh fdjtf dyt dtukuyyctg mi udv jdr huy fitbyhytg ydr bdutyydjf iyugtbtyf tfy,j ti uktyy dfftuf m","such depletion allowances '' , in the form of percentages of sales are authorized by tax law for specified raw materials producers using up their assets ."
gs7 7v gnd 8f6 68zu zccfdxxdx sdfd cdu6 dfdc h 8f7g6 d g 8f7gdxgz gx h z c snd gnd x8dzydf szx z zgn7u6 h 7 d c6x 5xxz g oo 7 gnd cz6x gd cdc g7 d 7v z 7gndf fdu6b675x 8dfx5zx67 j,"two of the principal addresses were delivered by prominent protestants , and when the speaker was a catholic , one discussant '' on the dais tended to be of another religious persuasion ."
",i xzxio[,xv ,bioixvx oix xxx xx;p[x pcv xivovvoxx[picxp x[xco,xv;o,;vpxcpp;p o xvopi xvpvox o[cvo;xp [xo ox o,xop; cvxcovo/",much new equipment and many unique techniques have been developed for the quantitative exposure of experimental animals to aerosols of infectious agents contained in particles of specified dimensional characteristics .
bwm ifyjjyi fa uvjr eu ydvj swub fy auuwr eu tbbuv ya swub efq tcytyeut cyjyvdtj zfyjawqv fu ijrqa uv efq yaqjh us byyuv ewqqe m,mr. phillips had only to signal from his doorway to summon aid from the ubiquitous bilingual children who played on the sidewalks of mission street .
fc0vfc ; mf -d c r c[x fc ',"besides , he owns 300 slaves ."
"ukt ,0yuktdfu",the northeast
"x cmz ixz lo iulxcuxozmilm i zlck, izuu, zxox,jkoox,xoll--ix opiioox zixi pzoiol,mjozmpl-lil--x izmizoxxz zomx px ooicx omxxzi okol i olczxolxoiuozixiomuxic''.","they emerged as interchangeable cogs in a faulty but formidable machine shaved nearly naked , hair queued , greatcoated , jackbooted , and best of all -- in the opinion of the british professional , major semple-lisle -- their minds are not estranged from the paths of obedience by those smatterings of knowledge which only serve to lead to insubordination and mutiny '' ."
efqr fa nefqw enmbz ns znvxqwebnv cqbaq efqbw vq swn znvwe va sbw fbzf qwq ns bveqwqe en nefnv efq cvb aqw ns ze q bv q va zfvwzfq bv fb vebxq znvvewr,"they had other topics of conversation , besides their news from courts and fairs , which were of interest to othon , the builder of castles in wales and churches in his native country ."
tnsn7u m 7vsym gt s 7 d rtgrvy m s77 vmyd u,probably no location for a pool is perfect on all counts .
"yjsy ltkmkgjrgg/d jst kmjrd smf gkt d dk ryj rd drr ltkgrddjkms,,u tkhyjmr yk kht rstd su kt su mky jmfjvsyr yjsy jr esd ,rdd kg sm ktjhjms, // yjsm er ltrgrt yk nr,jrbr","that prokofieff's harmonies and forms sometimes seem professionally routine to our ears , may or may not indicate that he was less of an original '' than we prefer to believe ."
a5a`1a152a5aw-2aw-`11a5a3-2a-`1a`a[,the pirates showed they could outclass the field last year .
9m yjr -t9d0m vsk-]d npsvo kstory v9b9p9sm vp0yjrd ertr w89rypu n08hjy smf g0thrf -s-rtd ertr frb9drf g0t j9k [ [,in the prison camp's black market civilian clothes were quietly bought and forged papers were devised for him ; ;
8r5 7i655 r769-r 0y gpe8 70 i0pt 9k -peg5 r55 y9u; l -eu5 ;,"use three strips of clay to hold in place see fig. 2 , page 71 ."
yaqtgcybwdyvtdczqurwvyhtqkuyuhtcwdywrvyawd7wdcwrqebxrwwdeyqtcwquqwuhecdqwqn,"so far as i know , the comedie has never put moliere's people in the costumes of the 20th century , but they do reinterpret plays and characters ."
itaytua`a1`twi`ta`awti3tjau3a5ar`h2a5`ba4`eanauau3a5aruyj2a5`bajytuanay5a`a5`j3a1ywhau3artana5a`1iuut3tj1au3ab`2abt1`2ana`t2auab`152a4`jywawjue1am,"put into a saucepan a cupful of the baked ham gravy , or of the boiled ham liquor , with a half stick of butter , three teaspoonfuls of made mustard , and two mashed garlic cloves ."
the ga between the ec0;en-ca] ersect-ve and the ar-sh ersect-ve aears ;=st star[]y -n a ch0rch -n any =f =0r c=;f=rtab]e s0b0rbs,the gap between the ecumenical perspective and the parish perspective appears most starkly in a church in any of our comfortable suburbs .
"c .hb, m k fg ck v/gc .n j,g / cj. ,v /g m ,ch j. v,g gkv /.gv .h j,g jk/g .n vj., ,v /hgvg j , ,g gkv , , jmv c b fg ck n, b j,cj bgv h, , m vm , / cj. ,v .h vm , vj., ,v c b . jhcvj, m gc , f,j, .j,gh g /hgvv,. v .n j,g vcg cjj,jmbg .h .bg .n j,.mm,j ,v c b,nn, m j c b ,c g m, m g jgh/h,vg","accordingly we may speak of the platonism peculiar to shelley's poems or the type of stoicism present in henley's invictus '' , and we may find that describing such platonism or such stoicism and contrasting each with other expressions of the same attitude or mode of thought is a difficult and challenging enterprise ."
3urddrud724dd6td2dr/dd2r7d2u4d3rd4td7d2udud7d/7d,"since mr. mckinley had to give a lecture , rachel and scotty drove home alone in the plymouth ."
5y3 4q2 w32qt3 2qw 5h546e4d3e e543d5y6 4he34 5y3 544g5h3 q34q564 56 5hw443 fqs5f4f f5s5ht 6r 5y3 4q2 w32qt3 255y 5y3 q34q556h 5qht d6h53h5w h,the raw sewage was introduced directly under the turbine aerator to insure maximum mixing of the raw sewage with the aeration tank contents .
"f k--h 0.0i0f[ 0l=uygg0-. t-9[h ,y 0l=-uif.i .-t '",a good initial impression would be important now .
5y3 r0]]3w5 d==34q5-=h g6 qhe 2-5y q5=;-d 3h34t6 d=;;-ww-=h ' 5y3 e3q45;3h5 =r y3q]5y ' 3e0dq5-=h ' qhe 23]rq43 ' 5y3 e3q45;3h5 =r w5q53 ' qhe =5y34 d=hd34h3e qt3hd-3w wyq]] q]w= g3 dq44-3e =05 -h 5y3 -h5343w5 =r qdy-3f-ht 5y3 =gp3d5-f3w =r 5y-w qd5,"the fullest cooperation by and with atomic energy commission , the department of health , education , and welfare , the department of state , and other concerned agencies shall also be carried out in the interest of achieving the objectives of this act ."
eqw c=-]-vd =v efq s-wq s=w f-vd ]0vawr qxqwr ar ' efq =e z=0wqa -ef w-xqw va seqw qzf ;q],"water boiling on the fire for washing laundry every day , the pots scoured with river sand after each meal ."
6swmby1 s11y5ys12s32ebt3st nsb2st123snys6s5nsn4s4stvyby5s1e2s,the experimental arrangement as described below is based on the geometry of free burning arcs .
j7e f7 er frg6mr 6y oo,how do we define it ''
0 c-9[d c-ns9[t th0s =ers-nage -n any weepday l-rn0ng ; th-9gh n-t bef-re ten -\c[-cp ',"i could consult this personage on any weekday morning , though not before ten o'clock ."
"nz,m, mn mszans szbsba xn smam msca n scan sn scbsnm mzcscacsdmbzn n msca n n,n dmascan xllmascmascsnsc csdmb an xmm mm","even if people do , in a not far distant future , begin to read one another's minds , there will still be the question of whether what you find in another man's mind is especially worth reading -- worth more , that is , than what you can read in good books ."
"i v bvlk.ibi'mnhvnbhjioubv ouk,oi , v kkob .ool.",i can say this i'm dead serious about going back to school .
m0c -0 f cm--p ',his voice shook .
bb cvocovc c-np oc xoc- b oocv-b c c b cvb[,"but the rain came more heavily , and men and women in light summer clothes began to depart ."
3pe`]3/]pe`3[3]]`3]p233[e]3w[23]p]e3]p]e,"they returned to the street , mounted their horses , rode through the rain to the big house on houston street ."
"bs zfmmx b, fm s,bzns bnz zfdm v css n v m fbs zb s f",he stood up to emphasize his strong feeling on the subject .
"o,,gbocjg;k j,ghgcnjgh . j,g [cjog j nhc jihgv ,gh hg,gchvgb vjphk . ggho m o jp c p ghvpnj . hgcj,k . v;p[[o;k chjo i;cjgb . o bp j ngg; ;olg jc;lo m hom,j pf /","immediately thereafter , the patient fractures her rehearsed story , veering into an oversoft , breathy , sloppily articulated , i don't feel like talking right now '' ."
"k,kbl nnvb n n bv vnkcv vn bkh khnn vc k,vk lk jnjk..",color patterns that are made to weave throughout the whole composition ; ;
r1 af q8ef91 q13arj1f3 9w 3r1 2138f `r121 a9fs1f389fo j13r9q 8fq8a31 do8fqf1 q71 39 eo7a9j l,he can diagnose detachment of the retina where conventional methods indicate blindness due to glaucoma .
7cwdqaq7c8ic8awdwdwdiwqaiw78c8awd8id99e7wcjca8qwdwq8cdi8z7wk,"in the care-free indolence of the east he sees the last reflection of the old happy existence , and for that reason he loves it ."
/[cr]]rgan[s/s are ]ften res\]ns[be f]r the ra\[d s\][age ]f f]]ds,microorganisms are often responsible for the rapid spoilage of foods .
'ltwl'/1alte;/e2alta`ta;e]`//aw;tw',principles involved in an over-all concept
2y83 y3283552ey343 w 5y3 43w546 r q45 u ywd u qhe r43th 8qhtqt3w i,"while hewlett-woodmere is the repository of art , music , and foreign languages ."
fr4 5yr sgk4 3tw2 tg4y 4t2 e2335 n,but you can't ride into the ferry .
x hhxzxhj hx mxkzjkjmh zmckzxjx z xhjxzx c hx zgzj x hzjgmhxxj zxhhkzj z,"the administration has said the sales tax proposal is merely part of the segregation strategy , since the revenues from the increase would be dedicated to a grant in aid program ."
"vasa f/,s xaaz zz.d. a c,.za x/s s,. d",here's your feed additive guide for ruminants
"j mkhl, nk kk,j , nvbnkmkhb v nj m nv n vbv bvn j nkc n kb","if you plan to add cooling later to your heating system , there are things to watch for ."
mf sdfd gndfd z h fb dx gm xz d nn,nor were there any rules to save him .
62st3se63st1e0s1y3s46sys6stye6s[,his body pitched back and forth on the bench .
8 j f8` `r3,"so , now what"
; b' b m bnbbm'nm bnb bm b' b m b mv;m 'b 'nb,"if he condemns the recent or the present , he condemns the past with no less force ."
=v xv -c ]==c=x= v xvz=z- =zz]- vx \\,on the third floor one of the two windows was lighted ; ;
-1ff4psf9 ap01 93 w9ap 412 0f k4 ;,pennsylvania closes its fiscal year on may 31 .
bwq wbfibs k,new england .
x 5yy7yg55xyycg 6fz6 57z 7x f6x7xyx 4x f6x7zx5yx674x5x6x5x xz64y64x h,"the nashville plan , incidentally , has become recognized as perhaps the most acceptable and thus the most practical to put into effect in the troubled south ."
/x/x saz.ac/xcdcs/z/,"biological agents are , of course , highly host-specific ."
dszs f 6s bz axs f da zf t fbs as66rxs dx v fz y,"presentable in his wide-cut brown suit , the well-made riding boots ."
5o6lbo6borybuglgto6yb5g8ob8or8b bo6b5hfnybihb8hbrlh8o67bjr78bhub8o6boh86nbrlybtr9b fhob8o6btr 6b8oglitb8hbth 6hl6b6nt6b b ht8bj7hkrkn9brbkftkh9b,"when he had finished with that , he would go to another part of the hotel and say much the same things to someone else , most probably a busboy ."
]i][y5g4o6gy]o[y5g6u]\/o,robotics and electronics development
3r1 331 q1s10i1f3 dqe13 `00 21w01a3 3r1 a30 f11q w 00 3r1 331 e1fa1 fq 3r1 2234 w 3r1 281a3 f 3r1 dqe13 `00 d1 d1q f 3r1 331 0f p,the state development budget will reflect the capital needs of all the state agencies and the priority of the projects in the budget will be based on the state plan .
b c5 bv4fcb 6ib 6xb cfiih,the instruments don't show them '' .
"ppbmp; p;i ob.pmbbv b b ;o[[b ;ob n p[[bn ompm b,omb=p/","no one told on ludie , not even when he slipped live grasshoppers into the mite-box ."
"41/r1e ,34r3,r`rw`.//1.r4`,/`",the dependable wright engine was never stopped on these trips .
"v,,kmk.hbhbh pkhbkbj k, hjhvnj ,h hlkvjjk. hkj k lhkvkjk",all of these sub-tests involve reading except arithmetic computation .
"4t2 w2f42 g22w2w gi wwu4uigk sig43id23q5 gw qiig u siykw qj 2st ugwuduwykk5 1t4 t2 2ao2s42w e3in kue2 m 1t4 tuq tio2q 1232 gw 1t4 tuq e23q ,","the debate needed no additional controversy and soon i could ask each individually what he expected from life , what his hopes were and what his fears ."
dp]3d60d0d7d005d2u4d3d]]d;,let's go to the roof and see '' .
kibbimu ukuvku h,loss of initiative
`;14; `'r1;4lr1`r1;r3,"said a hail mary , slowly and with understanding ."
"b n, n ,n,b , 66bn ,rn . .b . , 66t, n 66b ,m5 mn 6, mmn y","when the patient was not allowed to move his body in any way at all , the following striking results occurred ."
zvxc c' v x'z zvxc c' v xv'zx cl' v x/; v'v xvxz xcxv x 'l z v x 'l zvlc; vbv;/; v'v x/; / x ;,"water from the snow and water from the towels had run off the kid to the table where the dough was , and the dough was turning pasty , sticking to the kid's back and behind ."
"bb, b, nb c. b , , ,b b ccc. cbc v.b c c .v .algk / c/ .vcvaalgk c bs /mb, d alglcb mv d","statistically , the most significant data have been collected from the sensors on 1958 alpha explorer 1 , 1958 delta 2 sputnik 3 , and 1959 eta vanguard 3 ."
ci0 si scsiss09scap,he complained to me once that i must talk to her .
zxmvydy mz jxcmh zmzjmxhcxhgchjj c zxj hmxczxhzh g zh,"as early as 1858 , le fort claimed an alveolar distribution of the bronchial arteries in human beings ."
wq r e0vd zsqeqw zq sw zivr iqqevd w azv,are you utilizing cafeteria space for company meetings or discussions
efe efq e/aq s efq xwev zvaqwcr q efv efq e/aq s efq xwev v efq vswwqa qv q/wqa cr qeee va vzfv 1 va qeee 13,that the amplitude of the variation was considerably less than the amplitude of the variation in the infrared emission as measured by pettit and nicholson 1930 and pettit 1935 ; ;
fd hf m ;slfc b'g xlh' xh; 'v; n 'b f x vx f chjgf f fxvc mx f mffv ''ch hmxh xgh; lxg xhfg;x ; h' x l fg 'b fd ' cl fg x; xh;' c ; lv; n ; ; mfchc f fgxnf ''fgc b'dfg 'hc x v b'hxh;' \hjf cd; ; n h'jc,"new techniques for automatic molding of expandable styrene beads have helped boost that particular material into a number of new consumer applications , including picnic chests , beverage coolers , flower pots , and flotation-type swimming toys ."
"mn b/, ,/,.,/ bnm,n ,n, nnn.,/n mn/ /., n n ,n mm/n / ,/ / n /.mn ,. n/,, n , ,n n m,n, m, n n , n nmn, m. , ,n","armed with constitutional power to negate the executive's foreign policy , the senate carries a big stick and is easily provoked to use it on the state department's back , or on the head of the secretary of state ."
"kc c bk c,lb cjv khv bk c,cbb c j c b bvj kcvx j bk zhvcbxjc j,n j kbjhcnljcck h jhbkc","one means to help the birds occurs to me let the chimes that ring over washington square twice daily , discontinue any piece of music but one ."
seg=v-a has wr-tten ab=0t car],segovia has written about carl
vcbbcvc b vb c ccc cnb cvcv cbbcc,great interest and practical help have been given by the barker index committee .
2 lu6d233d;l4dyd7d542.dyj2jdl5dkut3k62kludkudood d2yljd72.5d5ldyj6.2d2u4d.2rudkutl.t4d;3lu3dju4did23dl5d26d,"among arrests reported by the federal bureau of investigation in 1959 , about half for burglary and larceny involved persons under 18 years of age ."
c crzcc crzc zczzc z6 ccxz 6zcc z66r 6zxcc zxz c z6 cc ztc zy,"that meant that something between the light and its reflection on the wall was moving closer to the source of the light -- in this case , the window ."
gff fg h hf hmxh h hmf f h gcf j/ ffh,remember to tell that to the next corpse you meet '' .
8ftng u5f8f4j4fh6f8f6g4f3i5fhji5f8f5hhfhf8fy4gufnf,he climbed the steps of the first and opened the door to the vestibule .
"f,cj b7b j,g 8i8 gi b8 c 86j j,g hg pp",what did the colonel do about the men ''
"v ,bkv,hhjmjv hbgvbvbkvjj/ ,jh/ ,nh vjjgn/jh khn l h gvjn",among stage performances was a starring role in golden arrow '' directed by noel coward .
5ve6u efq c5zo ce 56qeqa a7v c6e 6v z6vz6vve6 7xqw efq qqyqva h efq zfg867v fa q6dfe gqv f6ee6vd 7xqw j,"until the bucs' bats quieted down a bit in cincinnati over the weekend , the champions had eight men hitting over ."
wkwdjwkqkawdcekqmwj,to the editor of the new york times
"what .s there ab/,t ,s that a es ,s s/ anx./,s",what is there about us that makes us so anxious
6u4 e9w0 j76 k 3u8fu 934e 86e e7re8jy 09345 69 jw675wo ew09j8je p p,"the soap nut , which owes its sudsing power to natural saponins ; ;"
"n nbbn ,nbnmb nnn , n nnb n ,nbnm vm vm.nnb b b n v ,,nmmnn nb nmnv nnv n",he knew vince steiner was one of those men who had to work up a fury once in a while just to prove how dangerous he could be .
5k1a2a`t2ataw; kal5a`ta';/t; l`/altaaa,thus d' and n' commute with any polynomial in t ; ;
u1yssh3w`n,probably wages .
",c v v ,fg gh ,cb g j,cj hgcvgb nhy eeor ,gv j u nggj t ,gv n g kgchv u c b 6i 6i dg8 , hg hbv c mhfj, n nhy 8gvv j,c y nggj j gch8k e c j v kgchv i","hans schweizer had one that increased from 19-1/2 inches to 5 feet 3 inches in five years , and j. j. quelch records a growth of from less than 4 feet to nearly 10 in about six years ."
"j,g hfb gmc j i g p",the crowd began to move .
".x xczx .x.// z/x/ z ./x z/zx .,x/x z//./x. x x/,zx z,z..x./x/.;d'","in the last few years , the application of chromatographic and other modern techniques to the problem of isolating tsh has led to further purification bates and condliffe , 1960 ; ;"
;/x xcxcvv xbzxcx;' l;v;'c ;'vxx;;' ;x xcv;;,"like herbert , they were all in communications radio , television , magazines , and advertising ."
even f we str ther resectve c8ays t the barest ynyy u the dds 00 st88 favr they bth u fr the trend n effect s a8ways yre 87e8y t cntne than t reverse i,"even if we strip their respective claims to the barest minimum , the odds '' still favor them both , for the trend in effect is always more likely to continue than to reverse ."
rgw ebfw d rgw 9rwe wret a xbaswev9t beeqwe i vr rgw buvwe d axxwaad9 wua a de fewrwe o,"the range of the later poetry is considerably narrower , but the number of successful poems is far greater ."
"5y3 yoty34 y3q5 54qhwr34 4q53w q5 5y3 qhpe3 dp,[q43e 2o5y 5ypw3 q5 5y3 dq5ype3 dqh g3 3s[;qoh3e g6 5y3 [y6wodq; [y3hp,3hq pddi44oht oh r433 gi4hoht q4dw /",the higher heat transfer rates at the anode compared with those at the cathode can be explained by the physical phenomena occurring in free burning arcs .
b b v bv v mm v b nb ccvbv bv vnn vvmvn mnv nbmm m n n b nc bvxvbbv nn vnvnc n bvnb b m v v mvbvn b mb b v,"inside , carefully packed in straw , were six eggs , but the eye of a poultry psychologist was required to detect what scientifically valuable specimentalia lay inside ; ;"
"ghkj6hnk7bhkkuhk.6bn6b85khooh.hbv6nh 5k 75un h hj 7ghk7v v,jhhgh kj","we tried to settle this dispute '' , he said , but could never come to an agreement ."
"j,g vj[hk'p g / p v[hj / pv fp'b'k o hgc'pvjp","the storyline , in sort , is wildly unrealistic ."
44hh`vur1heqgyr1jj,the hall was empty and alex beckoned ; ;
ekt egg5u756e767k 6k77 7i5 476ut e7 ue6u5 6r u6y5u8 77 7gg56 y76 7i5 j677yu8k g7uu5u5 r75t5k7 ey756 g7uu5u5 6e7i56 7iek t566ku 7i5 y756 rgi77u 85e6r j,and acculturation into the world at large is likely to occur for the brooklyn college student after college rather than during the four school years .
", .n .vn./, c,n m.mb/ n.","i got a bone to pick with you , mr. paxton ."
"l95jy4,gl,4og4o6ghjl ogy4ogig77jyjo,g6u,kl6g",physical plant and equipment can be efficiently developed .
"43k3jqkr`jhjkr3jw`4,3j`,h4lkk lqk,,3`2k lkljkrj2 kr3k4qjj ,,r1k r`kjr`jhjkr``e,j`412k4jlkl,`4,,e,j j1k4jlkl, r1,,r1k r`kjr`jhjkr``e,j`412kqk,k1lkl,`4,,e,j j1kqk,k1lkl,//","the georgia constitution gives the legislature the power to exempt colleges from property taxation if , among other criteria , all endowments to institutions established for white people shall be limited to white people , and all endowments to institutions established for colored people shall be limited to colored people '' ."
x gx7 hgxvh hmfj txj f mcf bg hmf f hgf f gc y x v hf v hdxgvc vfx7 xh gxhmfg hmx vch h f vf7 fxh u,"in an oral tradition they may be chosen for the entire epic corpus , and tend towards idealization rather than distinctive delineation ."
uxzbvu xvxcbyxz xv xczx xu xcutvx uju bzutj xvu xhv xvcx v u utcuyxvbluc vuxxy v xyc tvyuy y xjv bx ucxm,one way to determine whether we have so dangerous a technology would be to check the strength of our society's organs to see if their functioning is as healthy as before .
ziz0cv8k9cjzk9cjzk89[cc870o8izzjl,"he kept sayin , not me , not me , i don't wanta wind up like em ."
"efe snv ,vq",that was a fun one '' .
".y trf. gly n6h lfmy ,yy. yilyu y.k6gl u fryunf. ty.i i lr f.h gfh t 8 ,i o fuy ily juyk.yug 8 88 y","one woman -- she could have been either english or american -- went up to him and said , ' but you are the foreigners ' '' ."
s42f37`67y`f125dg5f`duu,"but my people -- martians , i mean ; ;"
h08f p0 zp 9 9p cdvd xd s9pp bzgndf 9gx 0s 9 v0fkzg90 z c s9pp fd d9 d f0zc 9 v0fkzg90 vf0k xgzgd z c vdcdfzp x08f dx ;,your local civil defense will gather its own information and will receive broad information from state and federal sources .
3uw6 6u4j ;e 6u4 e6w6le 't elfu 2l4e6;'je we ;e e'f;467 6u4 y5'ljr 't ul wj 4d;e64jf4 '5 w 4wje 6' wj ;jr;g;rlw y'w,what then is the status of such questions as is society the ground of human existence or a means to an individual goal
az0[scx;9a9=sc =9s[0xcsclza- scx-scd0[[ -s x0 sczal',"draw-file the edges , square up the ends and put a slight chamfer on the edges so they will not snag in the frame ."
"xassczalj. k ;cksldzlasck xaca. sc sl laalclj. aadmjs.k,ad ld, clj. mjs.k,ad ld, ...l x","and gratt shafer would be in memphis today for the wedding rehearsal and then tomorrow he would marry just like everybody knew he would , just like everybody knew all along ."
"c zxzxzniczk ixkkoyxoizkkccz,",there are motels for all purposes and all tastes .
cx';xk c;'xzlv /;;'llv vz;'lxx; c;'x zxcxklvx cvxclvl,"responses such as rope with a loop in it '' , and two pieces of rope '' , were quite characteristic ."
"kmyu.y.ig ffuy.io h .i jyy ,'kfiyh i fy ily yy fhyr;fiyo ftfuy j il'g hf.kyu",governments apparently do not feel obligated to make the people adequately aware of this danger ; ;
qrq1r1``qq`e4qe244r1`4/`w41,concord learned to set its clocks by the rackety bark of the whirlwind's exhaust overhead .
elkle.q.1l k.wlj23el1;lw 3lel`kkwjke23kwkw. le23.`eke;e,"an occasional traveler from italy brought news of peter robert , who was now distributing his bible among the waldensian peasants ."
he. efq ewgef ..,it's the truth '' .
bnt envrnoent set fr rgraoong,ubuntu environment setup for programming
gndfd zfd z h zfbdgbdx nv nn dfx z c gndh xdf d z h mvfmnxdx,there are many varieties of coolers and they serve many purposes .
"kjv bbykkhjbhvj . yj tyknhby,",transmitter search circuit design
"d udm8du, h uktft htduytf tyyuf ukt 8,jf u mt jytg ,u ukytt gfu,bunt fmjyff uitf i",a tabulation of these features permits the lungs to be grouped into three distinctive subgross types .
"b jhv f vck j,cj j fcv j j,g pgcj j j,g = gvv n j,g c= cj v f, , hg=g gb j,g c ]",doctors now say that it was not the meat but the coolness of the applications which relieved the pain .
4/`eqe11/11rw42r24/`q,his black beard dripped down over the front of his coat .
6u6ydea7qwd6c88ue6w7wdw7cuewdw787awd8ucwd7q6sdwawqs77aq7wj,i like hay for this and apply it so that only the tops of the plants show right after a good frost .
z xzzv txzy xv vy v vzxzxcxv v x xzxcx z vzx7bcxvxx vxxtcctxvu,"i wish he was with me now , she thought , and that we were both the ages we are and doing what was once only pretense and acute embarrassment ."
zc[/sccwwlopp[o'eqso/wd[pwp[c[o''spwp.w'epwdw]q;qd[o'c[wxc[oqsc[qpwpcpaaopcsdp[]pcp[cxewd[d[paaqaq[.dp.pcqsqw[wdpq[qqwc,"even so , gannett judiciously argued , the association could legitimately decide that parker should not be encouraged nor assisted in diffusing his opinions by those who differ from him in regard to their correctness '' ."
"ly7hy.gifh n86ih .ymyu ,y gfi7gj7yh ,o g6ujfny k",heidenstam could never be satisfied by surface .
7di27tdr8u7y678ud8d325d85d7u39r78ud9862h3dhy847u6ddd2d,the relative contribution to safety of inspection programs embodying -- a
2osoye1-s15ye2s--s1s4s63yes1oys4se6-3ys4sy3s1y2s[,some municipal agencies will pay for orthodontic treatment for children of needy parents .
"tvdbijtf uh ftbk fyutduyu,f dyt dtyydj ,yjku ytbu,,dyffd,bt n ukt ytbuygy,j uh ydgyudbuynt uydbtyf y, jynt mugi uyffttf n fitbydj ydgyujydiki y, btgybdj uy y,gtfuyydj diijybduyu,f n uydbh ytbuygy,j uh kyjk t,tyji idyuybjtf n tubm m","examples of such situations are aerial night reconnaissance , the recording of radioactive tracers in live body tissues , special radiography in medical or industrial applications , track recording of high energy particles , etc. ."
[ a/ an h]nest /an the ger/an sa[d w[th ferv]r,"i am an honest man '' , the german said with fervor ."
"ukt 64,bk rguk 7tdntf ntyi 7uu7t rdfut u",the 42-inch width leaves very little waste .
9og9gy4 g;kg4o6g546g6lulo8g;46g9gi4y9g,then he came out and started driving toward the beach .
"d7dup,ou2opudp5d723dpi;4drp,[233d7dioudp5d7d[2dd.dr2,2rld32o4d/","the nomination of hearst would compass the ruin of the party '' , carmack said ."
.b.v/agws sr q/ vw c/vw r rgw ferg /bar/r.rw de xwer/bf fe.a bs /bs/c/s.a,unpublished data will be available to the groth institute from cooperating groups and individuals .
hh qmm jr 5yhw 3s53hwhf3 qhe 3sk3hwhf3 3rrj45 5y3 dq 34q 2qw ej2ht4qe3e 5j 5y3 w5q5gw jr 43dj4ehht hhw54g 3h5 rj4 q45 2j4n k4jegd3e 3mw32y343 g6 5y3 qd5j4 j4 g6 5y3 qg5yj4,"in all of this extensive and expensive effort , the camera was downgraded to the status of recording instrument for art work produced elsewhere by the actor or by the author ."
w3re`3`we3`13613t3``e3e565e`14we8663y,"because his mind had been otherwise occupied for the past couple of hours , he did not think to look and see if jerry burton's car was still there ."
8u5eufu4g 6u54w64je e 36u w u4yw6j huh,khrushchev threatens us with a 100-megaton bomb
kj 6u4 tk5e6 ;.wf4 lj5 hjekj4ee ke tl54kyj ;l.kf7 wjr k6 ke 6u4 hjekj4ee lt 6u4 ;54ekr4j6kw. .4wr45euk; wjr uke w;;lkj644e kj 6u4 r4;w56 4j6 6l fljekr45 6u4 rl 4e6kf ;l.k6kfw. we;4f6e lt w ;5lh.4,"in the first place our business is foreign policy , and it is the business of the presidential leadership and his appointees in the department to consider the domestic political aspects of a problem ."
a0a2-t\a1l-pa\\a',i don't smoke '' .
g6 w2q6nht 5y3 gq qhd3 g35233h 5y3 y3 3rr3d53e 5y3 q 534hq5nmh mr 5y3 w3qwmhw,"by swaying the balance between them , he effected the alternation of the seasons ."
"' b bb'c;' mb ' bv , bv; bbb nm,n n ,' 'm nbbv nb ' ' b","if he had been liquidated '' in some way , he would have become a martyr , a rallying point for people who shared his ideas ."
"m b;knm b/ m m b bn /,knl lml; ;k/ ;mbbbnl b /b mm b ; b ml';/l,; m b m mbb; mnkmb",the court held that federal jurisdiction should not be exercised lest the domestic policy of the state be obstructed ; ;
t 5e4 yw88570e 78845 wf64r 6ue 3w7 u fw6fujy 36u uy 3we yjy 6 h4 w fjfu i,"if rose mallory's killer acted this way , catching up with him was going to be a cinch ."
"8ft3i5i53tfo6fm3ofj3m4fj.f483ifo6f4fo3i7f,f6of8fpuulit3ifiomii3ioif6of48i66fo6f44rftouif,f34f4uppo5fo53fuf535f.foo4f,f4fo3i7fpuulitf436ftommi44ioif.","the candidacy of mayor james j. sheeran of west orange , for the republican nomination for sheriff of essex county , was supported today by edward w. roos , west orange public safety commissioner ."
wdyyiyjjewqtuaqycnciqwydydnwdutsdcuwjeiqwyxjnyjjuqwdwdaauqwm,"this is especially true of red wines , and a practice which , though not always practicable , is well worth the effort ."
hmf wu=.' xhm [ hxp p n hmf x' o'xhfv x.[o h [b vfhfgnf h pc x]]'pfv c'[d'j x v vpgf h'j h[ hmf go p n c]f p.f,the 160-ml. bath containing the calculated amount of detergent is applied slowly and directly to the running specimen .
w gwmg4 hj 6u4 uwjrm4 m46 ge fg6 6u4 k54eeg54 e6hmm mj345,a valve in the handle let us cut the pressure still lower .
cay xshua,shearing takes over
";cv ; nljxlj. .k,cblcl cxvkbcv",perhaps you would like to become a writer .
er-- p 9o dsf p y g yjr d-rmvr p -ryd hry hmh p f--d smf s-- [,"well '' , jim said , out of the silence , let's get going , dolls and all '' ."
l ;l;. .kck,some people believe she did .
8992e9`d`q11wdi18`uq12s932ee1u2991`1dd`8d``o,"killpath leaned forward again , rocked comfortably with his arms still wrapped around one knee ."
l95bo6b5rtbh678r8lbb8o6bo9hiborybl98b986oy6yb89bj7oo67[tbh9oo6h889lb9ubi69tbpbp,now he was certain the lock had not yielded to muller's collection of keys ; ;
8y213s6so1ys68s3822e89ys9ys6st7ot2s94s0o1y2sl,instead they learn their dissection on the bulbs of plants .
dva sxa x dv = c dvasa asa apvfapd =a pas c d q p] zpadas ],on the surfaces of both lungs there were emphysematous blebs measuring up to 3 cm. in diameter .
bzb/vzx/ xvz v x //,"anyway , it was evident what he had in mind '' ."
;7 ;r l 7' 7i5 err5 j8 7' 7e/5 eg7;'k eue;kr7 7i5,it is up to the assembly to take action against them .
"..e,`.1.2ee.e/.`, ,`","as soon as it started to form , gannon spotted it '' , meek said ."
' lak'';s;/l.ls;;/ kssc;xas/sdz/;aac/scd 'a.dl scx/al xk,"pansies are supposed to like it cool , but those great velvety flowers were healthy and perky in the glaring sun ."
zsfahzscjasdgnn ja ssgh dnsh bs saacgss hzhnhang a ag xhzscscai fgng xh jn,"a feature of the party will be a presentation by welton becket , center architect , of color slides and renderings of the three-building complex ."
"3,3 g3 ,,",what's the matter with me ''
n v--n- ] vnn- = n v -] -]-nmn ]v- - nv n nn v- vc=b =bv]vnb=- c-n c =n -] ]v =b - ;vn,the initial setting of the availability table indicated that the index word or electronic switch was not available for assignment .
6s1y3s6ss10s4s4y1ye10s12221yes-s-,how and where to apply for financial assistance ; ;
2y6 wy-9[e 23 h-5 yqf3 5y3 wql3 rq05y ; qhe qh 3f3h t43q534 3s=3403hd3 -r 5y3 [0ty5 2y0dy 05 t0f3w,"why should we not have the same faith , and an even greater experience of the light which it gives"
-9assa ka8 l dva ck9 csz k 8xd8sas 9z l v9 p9ddpa -9c afa cps9 c ;,"pierre ameaux , the gaming-card manufacturer said , his little pig eyes glaring ."
5o4u5g7g94u46gou5g55gtg9y9g5gi659o8g9gi5g95gro9g7g46gtgy8org4o6g76g4y5o668g94g9gou6g5y9g4yogig466o8g67gr484roggog4ogtyg7rg9gi5gog46u4oyg7g9gi585gi6y4og64gy,"representatives of harvard university press , which is publishing the book this month of april , recognize and freely acknowledge that they invited such reaction by allowing life magazine to print an excerpt from the book in advance of the book's publication date ."
"/ nm, nfh n, ,nb nm,,n , /mn , mnnmnm ,, n , ,mnbnm. n/,.nm, n n, / nn mn b bm,n, n m,., n n n n nmnv/m mm.nm n m m , , nmnm ,","under the 1939 code this item was permitted to survive a tax-free reorganization in the stanton brewery case , but only over the dissent of judge learned hand , who wrote the majority opinion in the sansome case , a leading case requiring carryover of earnings and profits in a non-taxable reorganization ."
= zczx 0xz z xx pxx zpx],long hard years of on the job '' training had brought them to their competence .
6u4 rw e6w64v4j6 te re4r 6y jwv4 wjr r4ttj4 6u4 uyet6tyje wjr h4jy6u yt tt4hre 3t6utj wj w54w n,the da statement is used to name and define the positions and length of fields within an area .
i56 leuui 4er ie6t .,her laugh was hard .
"o,[puo5gy94=y945gpog9g94[g'g'",improvise cha-chas on the harp ; ;
8fiif83fl,i knew that .
"f nl/. i u/.y.i /. uyfi/. i ily uygi j ily jfny f ilu.gi/.k jutfuh j ily tyu ju.i iyyil f. myuhymyyh tyu ft,.y f.h f. ..hyuhymyyh .yu ft /.h/nfiy ily g/iy ioy j fnn.g/.","a chin too prominent in relation to the rest of the face , a thrusting forward of the lower front teeth , an overdeveloped lower jawbone , and an underdeveloped upper jaw indicate the opposite type of malocclusion ."
"wjr ,6e ,t u,6 .wre",and lots of hot pads
x p'c [.cvc vc p[p pcpb'c/pbp p [ov c vb cvb c[ov c [b bb cbv cvcc [c [b [''[xb c b c [ ]'c vc vc p[ [pbc xpb cvbp cx[v; ]bbp[ [ b c] n ['nbp.[ c' [vp p bb cv]n,"while some regression is inevitable , it is discouraged rather than encouraged so that the transference does not follow the stages of planned regression associated with certain casework adaptations of the psychoanalytic model for insight therapy ."
hv xhx v xcxcxxf xgvz hcxhvgccx bv xcgxh v x fc ggvxhfvxczgv v xzhcn vnc xv vv xb xhxbx hcz vv x fc g hg gv xgchzvhz,"on the one hand , there are ecumenists who are so stirred by the crises of the church in its encounter with the world at large that they have no eyes for what the church is doing in their own town ."
",dsxg zk s kc fbs lj bx vk s cdk s,j/z xsfb",already some of the pain had gone from amelia's death .
wkhd3 3.3d5klh eq6 fkd3 ;43wke3h5 4kdyq4e hkslh yqe fk45jq..6 435k43e [[ g6 ykw l2h 2kwy [[ r4l ;jg.kd fk32,"since election day , vice president richard nixon had virtually retired -- by his own wish -- from public view ."
tlfi u ny..yho h. jfni tujiy tfg hi hg ily hykfui y.i.g mhyt ilfi .j f.ihoiuggi y.jjuny y.i nj.ghhyufihj.g bggihjo f.o mjgg jj uymy.gy jj ilhg kujkjuihj. ..,"what mr. kennedy , in fact , wrote was it is the department's view that no anti-trust enforcement considerations justify any loss of revenue of this proportion '' ."
66 3we 7ju7 6u4j 6uw6 u4 655j4r 67 u77y w6 84jj7 j,it was only then that he turned to look at penny .
"8n4ftm,3iff4,ntlintffn ftnyf3fkf335ff8nt8fn fuf5n4nub5f3mi7f8fft83fu4f","his company , spice-nice , will receive a 250 award , which will be distributed among the 16 charter members ."
xq=q=ecw],barco was clearly a nut '' .
x v hmf vfxv9fch -- i fh uuf hfv xc mf 89fv mc hx 8 mxg fcc o,"and the deadliest '' , poet commented as he buckled on his tank harness ."
546gygo4,squad cut near
f8g u gly 8myh . n.i.f8 jyfu j j.h.k f tliy tuy nu8yh . f .yfi u yyf. 8ii8y lyf fi ily tliy ny.iyu j ily ufhgl i,"also , she lived in continual fear of finding a white worm curled up in a neat , mean little heap at the white center of the radish ."
"m b n mbn. m.m . /,mm . ,n v .m b/nbn m bvbb ,nb. ./, /n ,",the characteristic thing about this church was its amen corner and the weekly religious orgy .
vd i ziz k o dvd psaiou lf sou z .,what i did know was that precious was always around .
"2e`n2y1u23e12qi1`e``nid212`k`1k32e2id`2uoe`din`didiqudqd3d`1k3eukeiie`1`inok`2uiduoe`din`didiq2e`k2`1oi12uidiqik``d`,",the maturity chart for each sex demonstrates clearly that onset is a phenomenon of infancy and early childhood whereas completion is a phenomenon of the later portion of adolescence .
". s ,s s bs x sg",convenience held key
wdh8w8ci67zie7cw7a77i2z7ceiwd7888i78cjd7d78iwaq8hq6wxssqqj2k,"the most conclusively identified is l-5-vinyl-2-thio-oxazolidone , which was isolated from rutabaga greer , 1950 ."
'7 e5e6r 7ie7 7i5 t'kek7 75kt5kg8 y ekkr 5e68 7e5r i45h56 'g76'e 6 5h5k 'g7;65r3;5 7i5 r;6yeg5 'r e65et8 74e6t 7i5 r8j'g 7i5 5j5e7'g 7i5 5f65rr'k'r7'g,"it appears that the dominant tendency of mann's early tales , however pictorial or even picturesque the surface , is already toward the symbolic , the emblematic , the expressionistic ."
blbh nk.hlvjjjhmkbhm,"my men , they all left me ."
"f.h tly.ymyu ily i8 gl6 7.m8imyh h7uyni78.fi goh,8i7gh j 7i tfg 8u7y.iyh 7. il7g gfhy jfgl78. k","and whenever the lo shu involved directional symbolism , it was oriented in this same fashion ."
"o ,jklig tkh,h lfmy ,yy. f kjmyftfo jj j/h iujyh ik glfhkt lj j. ily nk.my.ijk.f, f..yu",my lights would have been a giveaway if i'd tried to shadow him in the conventional manner .
oo 23hsg q4jsn 2astgr2 k3hs2q 2gbj52w eh3m5 qjmhw 3hq2 fg4 t232 mqj 43whgr w1hgwm2w,-- american stock exchange prices enjoyed a fairly solid rise but here also trading dwindled .
"nb bn mb b , nbbb n, mn ,, n ,nm n m b nn m mb,m b,m b, n nn nmmmn, bbmm b m ln b m mb, bbmm,nb, nbmvm bnnb m b , llmb m bm dn mm n b m b bm bnnb m fk bbm m bm dn mmfkkk bbmmbnn m bbmnnb m mb","since accurate base maps are necessary for any planning program , the first step taken by the planning division to implement the long-range state plan has been to prepare two series of base maps -- one at a scale of 1 inch to a mile , and the second a series of 26 sheets at a scale of 1 inch to 2000 feet , covering the entire state ."
b5blt8nlb bb,winston ''
`r4 6312,why slater
shrv uhsurf yjr usty yg sm tmmyvrmy yyrttdy n,alec played the part of an innocent tourist .
fbs hy v b r brddtsx uudy b x fbs xsht sdfs udyhy vfty yc cyds8uhg aydg y zs sdh hs shz n,"the long , unhurried approach and the deliberate prolongation of fore-play work on several levels ."
6sca 8ad u d u xa i q 9 9,"jorge bolet , pianist , on feb. 23 ; ;"
hj..f tfg mhny ly tfg,donna was like he was .
t7yhw7h h7ee3e j,johnson nodded .
"jfni,ug m.m, myh m. ily hmg. fnyy.i j,un f fuy ily ,,uy hmfyiyu ,j ily y.km.yg no m.hyug ily y.kil ,j ily .mgi,. giu, y ily .n,yu ,j no m.hyug m. ily y.km.y f.h f n,.gif.i","factors involved in the displacement formula are the bore diameter of the engine's cylinders , the length of the piston stroke , the number of cylinders in the engine , and a constant ."
"d hypt,g [h .i hduktyf bd.t u[ gp,,ty",a friend of my father's came to dinner .
rvnx6 cbvvnb c rrrby,mary would have to carry the human communication .
r/a5ar`/a``1a1/12a5a`ta,but her beauty always surprised him anew .
"mwwd,w,an ccmssq",it's those two fucken niggers
vbxvpvx -bvx[,"not yet '' , cautioned ulyate ."
sd yjr ht-d vor y nr--u fsmvmh gto yjd smf yjrt thmd p yjr or-ymh y jsd mrbrt nnn-rf otr mythmh-u [,"as the girls come to belly dancing from this and other origins , the melting pot has never bubbled more intriguingly ."
k.bbg.vkjkhjnni,this is what porter did .
b rebt te6k b7 7ie7 r 7i5 ev7ne7bg rbuke 7ie7 rin4r 4i5k 7i5 bukb7bnk 58 br nk,"i said darn it , that's the automatic signal that shows when the ignition key is on ."
4t2 97g8 ss8h9g7h2g4q f5 7q4dg q2i2g57 1232 q45i7qt k,the piano accompaniments by istvan szelenyi were stylish .
5=5g76ge= g-yyr ],electrical pickoffs .
".7 4er yek7er7.g 7/ 7,6k y6/ 7i5 r5h5k 5k .k rieg 5r 7/ 7i5 4e6t6// 4i565 e gerr /y e65k7.g5r e4e.75t i.","it was fantastic to turn from the seven men in shackles to the wardroom , where a class of apprentices awaited him ."
"m0u =,t gdi bd;t ukt n=-bt =h d ;d, - kdg [,=r, rkt, kt rdf d m=i ' d,g - ]duty yt;t;mtytg ukdu uk-f m=i ' uk-yui itdyf mth=yt ' kdg fuy0b[ ;t df b=;-,j u= ,= j==g","but one day came the voice of a man i had known when he was a boy , and i later remembered that this boy , thirty years before , had struck me as coming to no good ."
"ukdu by;uuty r; mt mdb/ u' 'yy'r ytg;butg jt'yjt ylfu d,g kt my;,j h;hui 'h k;f /;,g mdb/ r;uk k;","that critter will be back tomorrow '' , predicted george rust , and he'll bring fifty of his kind back with him ."
sys==sp,no '' .
f f7k5f//f f8f h5f,"my god '' , he muttered ."
`r3 q1312vtf1 3r1 vy2ht34 b 3r14 331 b t fy3 3r1 v1f r1q b dr3 3r1 vy3ts1 tf e1f12h b 3r1 v1f 1ahrqtfe dy23tyf 3r3 u2ys1 vy3 1ww1a3ts1 21 ayftq121q 3r1 vy3 13rtah n,"what determines the morality , they state , is not the means used , but the motive in general , the means excluding abortion that prove most effective are considered the most ethical ."
hmfgf dxc f f x xgf mx f hmxh hmf [mp f mxv ph ff voc p f hfv /,there was even a bare chance that the phone had not been disconnected .
"7, , m,,7nu",lots of throttle .
l-z-xx -x0 -9c9x-[lc--zpxxz=x[0x z0-9[x x 0lxz-zlzx9z0x--l=-;-x0l0xx0;=0x0 ',"more often than not i have found easy excuse to leave my own work and stand at a respectable distance where i could watch this man transform raw nature into a composed , not imitative , painting ."
douk oio 's ssopa .,you know i don't want to see pedersen .
lvlz0 90z=-c',my name is guideposts .
if8ft;5fuf3ifi5ffi5'i7f,now there could be an end to pretending .
bsewxr bsxrba d txetwrwerw d7z,indirect indications of micrometeorite flux
"ffewfrw a,wa shejbf `i5o ewxgws llekzj rw,t 4oo j,,jkb",aggregate sales during 1960 reached approximately 500 million .
bg1a`1aqwhht4argahta`a jaw5thw`mmakj3hwhta`ah1am`g`a1g`a a5j1awj kmawjtjmaj3a5aea je tah1amjemaja`w5a,"just as exciting but in a more technically proficient way is laura stuart , whose complete control of her every movement is lovely to watch ."
pcbb]vcb ccvb v]/ccb [ ]]bx c cx bv[ c]vbx] v]/ cbn,a bullet tore the earth from beneath his foot when he was a stride or two from safety .
ew-vd fva l-xq s0we ] ],strong hands move first ; ;
"543q53h5 /r q 5y3 w34q 2.5y w2335 d/f34 4/53.hw t43q56 43e,d3e h/hw3d.r.d r,/43wd3hd3 3w3d.q6 2y3h 5y3 543q53e d/h ,tq53 2qw e.,53e 5/ 2.5y 'l wq.h3","treatment of all the sera with sweet clover proteins greatly reduced nonspecific fluorescence , especially when the treated conjugate was diluted to 1 2 with 0.85 saline ."
s myj syrt yjr hrmrts v.ty drtbrf my/vr y yjr yem g mren.tu yjsy yjr nt/fhr esd y nr n./y,a month later the general court served notice to the town of newbury that the bridge was to be built .
the c=ang they pade n the cncrete nterrted hp n the ecstatc =easre he -new [ s that he qc-=y re=eased hs h=d n the gat and retended t be exapnng ts hanches fr tc-s ],"the clapping they made on the concrete interrupted him in the ecstatic pleasure he knew , so that he quickly released his hold on the goat and pretended to be examining its haunches for ticks ."
"ukf itd,f ukdu ry9 ted0f e rkbk , uy, ted0f dh p",this means that work equals q which in turn equals af .
"yjrm gp;;perf s [rtopf om ejovj jr etpyr trbored gpt yjr mre uptl yo,rd nppl trbore . yjr vp,,pmers; . vp,,rmystu . jsf s d,s;; [orvr om [styodsm trbore . smf ,pbrf pm yp jifdpm . yjr bo;;shr bpovr . smf rcpfid /","then followed a period in which he wrote reviews for the new york times book review , the commonweal , commentary , had a small piece in partisan review , and moved on to hudson , the village voice , and exodus ."
"b . b,vc /,b /xccvxc c/bv/ .bc vcbn v/b cc /. bc / cv . bcbn //x. b./v/ v/ /,v/xxc c/ bccc b. .c b/c . bx bccv /.cb/.n ccc b/cbb c/cb","as things turned out , however , we have not profited greatly from the lesson instead of persistently following a national program of our own we have often been satisfied to be against whatever soviet policy seemed to be at the moment ."
y7d7d2i3d783dy28u63d59jd7d62d6784o8u3d95d09o8rdkdoo32yo8374d0r4u3dkd7dr9jj8ju3d95d7d7u84d323d7u4d8uu289u2odr723d2u4d283dkdy238rd3273dkd2u4doo7u43994du989u3d95d7d2j8r2ud090od2y97d79dd2d9dr9u47rd973ot3dkd8ud09o8rdo827d37r7d23dr97ud0203d2u4du289u2od3r78dr97ur8od0203d2rr7j7o24d8ud7d402judl,"but he takes his bearings from the great guidelines of policy , well-established precedents , the commitments of the united states under international charters and treaties , basic statutes , and well-understood notions of the american people about how we are to conduct ourselves , in policy literature such as country papers and national security council papers accumulated in the department ."
66u45 u56645e hy66f4r 356u f654 65 y4ee g5y65 5j 6u4 j43e wjr w t43 4g4j rw54r 66 r54wf 6t fw6fu5jy 546u g 3u6 3we e65yy fwyy4r r5ry4 h7 wyy u5e t554jre g 65 y46 65 636u4wr h7 6u6e4 3u6 rw54r 66 6w4j6 u5f y46 3we 6u4 jwf4 6t 6u4 hwyy 7yw745 u4 y5t4r 6u4 y4we6 wjr 3u6 fwyy4r f6e6 6t 6u4 365yr t5r ii h,"other hitters bloomed with more or less vigor in the news and a few even dared to dream of matching ruth , who was still called jidge by all his friends , or leo or two-head by those who dared to taunt him leo was the name of the ball player he liked the least and who called most of the world kid '' ."
"o9g9g6o5ypi5g6g;4g,9p6g4o6g9g[ooyo[o4g9g9oo85gio64,gp7goog9p4op5g[9o;p5p[9g5,gpg[455g7p,g9gp;6g/",with the discours de la methode and the principia the things undreamt of in horatio's philosophy seem to pass from the world .
"npo n vpd chxogc dohm hmf hgxj . do chp docmfv mf pi;v mx f no f o hp ,occ xvx . ih mf l fd fhhfg hmx hp vp dmxh cmf cxov dmf cmf mxv hmxh ;ohh;f=nog; ;ppl /","going downstairs with the tray , winston wished he could have given in to miss ada , but he knew better than to do what she said when she had that little-girl look ."
63w pp,yes ''
"n n ,mm bn m.",legislators weary
"6u4 [p46 pt 6u4 pr7ee47 . 54[i64r h;ojr . 54g4w;e uo,e4;t jp6 w6 w;; oj eojyojy pt 6u4 h;ojr ,oje654; r4,prpfie /","the poet of the odyssey , reputed blind , reveals himself not at all in singing of the blind minstrel demodocus ."
e`9`q2q118dewe12o,he left for work in high spirits .
b c br bcv ccv6vccb6nvcvbc b br6v cv v r x 5cb cvcb cc vcvrcb6nvcbb c c b6cc6 bvny,the postmaster general recently reported that mail order frauds -- among which fake therapeutic devices figure prominently -- are at the highest level in history .
jyt .yt tuiyug lfmy ilyu jugi giuo fnnyiyh i g ilyo iy99 uy o,"few new writers have their first story accepted , so they tell me ."
zz/\c[]]]z\xzc,exemption also allowed parent .
"nby yjnd nd mmy yjr trs ,tmn r",but this is not the real problem ; ;
4t2 g34t23g s1f5 s992w 99 4t2 32w u2asg s4492 1tst 12g4 4t2 439 qg3 32wq -- i 1t92 4t25 s992w 99 s4492 w3d2 e3u u2as 58q -- i f2sq2 4t25 su2 e3u 4t2 5` g7g sg435 i 3 rd2 -2u 4t2 gu2 e u2asg fs8q8gq -- o,"the northern cowboy called all the red mexican cattle which went up the trail sonora reds '' , while they called all cattle drove up from mexico yaks '' , because they came from the yaqui injun country , or gave 'em the name of mexican buckskins '' ."
"x xi sdz muzf s s joi sx fo look scods fbsg lsp , sifbsd o fop oc zomso s slzs od o fo pool sxvs .","and divers must be enjoined to look before they leap , either on top of someone else or onto a pool edge ."
d zf 9das i ua q x dvau vz ds8 d f xx ca i 8 c dsv z d vz aa dvd asf cvd dvd dva ua vz uza d xsd as a o,"two days later , some 30 of them had struck at a convoy off bougie , sinking a troopship -- and it had been that very night that the me-210 had made its first appearance ."
qhrgjgr b hbarbr.a rebahrhjb rgw fewwb mhfgr rgr wbr dgmm dgahjb kjqwe qhbnws jb rgw vjes,"without an instant's transition , the green light that meant full fusion power winked on the board ."
.a''o/scca[/p sza[.''p dsc]a[ '.[z]]a[cp x. c[[,"marcellus , the hero , is beset from all sides by the problems of approaching manhood ."
jubhjg7t6b bh8bhrlbk6br7ig6yb8or8brlbrkhmh89b8jb57h86b6limhtobhj776h8m9brlyb5h8obtj 6by6i766bjub6m6irlh6bhtbrb r7n68rkm6btnhmmb,"of course , it can be argued that an ability to write english correctly and with some degree of elegance is a marketable skill ."
uq s fxq udvev va qvc9er e o,some of us have imagination and sensibility too .
1e` .n`,rachel paused .
6u47 65w-4r uo wf5ee 6u4 3r4 uw--3w7 6 6u4 w5-5 p t5 5yu-7 yw5h4r wjr 6yu-0jy o4j 3u 5hwh-7 uwr j4g45 h4t54 g4j654r j6 efu w ue4 [,"they trailed him across the wide hallway to the parlor , four roughly garbed and tough-looking men who probably had never before ventured into such a house ."
95g946i5f74ygyn4o5g4g6g5yf556ggogy94jgtg,these hard-surface cleaners are discussed in chapter 28 .
dv wqxqwqva zwaqw xqa efq cwadq fqv vv =aqw =vvqa e aqewr e [ seqw s==vd e e =vq ef fr va ew ce sw fe wqv ve wqzwaqa vw wqpqpcqwqa [ zqwev=r ve cqzq s wqwq swp v vd zvsqaqweq swzq ],"again reverend corder saved the bridge when union soldiers planned to destroy it , after filling its two lanes with hay and straw -- but for what reason is not recorded nor remembered , certainly not because of pressure from an opposing confederate force ."
"bovbbio o v o;m n8-,/[/ /o; v p pib=; v bvvc m [ov oo[ovnnb ok , v /",a driver cruising easily at 70 m.p.h. in lane a of a four-lane freeway spies an incipient traffic jam ahead .
"d,g 8, ukt 0y9i9h8thh b jdu9y 08d,9 b9,btyu9 k r8uk cdgto fi9o9nfii df f9o98fu k kt rdf d, dgj8ydmot 0dyu,ty l","and in the prokofieff c major piano concerto , with zadel skolovsky as soloist , he was an admirable partner ."
"- jh0 9j0- v j- v ,--[v",contributions to schools
".v ,h0 -[ hbk.hn0b=[v hlh k-mm-jl'",change involves the displacement of form .
",nr ybgb,j ukbf knfmbud mvf htt b,j bfn dutg d,g vuuty i d n,t b ,tr ukdu fkt rdf jt,vb,t d,g v,bevt evbut v, b t d,i jby b kdg ,nr, mthnyt","now , riding this hospital bus , feeling isolated and utterly alone , i knew that she was genuine and unique , quite unlike any girl i had known before ."
8oktbl65bjktkllblub rlb8or8b8o6blr77r8l7brh4jk76tbktbr.tlbrhhl ;rlk6ybk9brb76[jktkllbluboktb;76jkljtbjk65b,this new vision of man that the narrator acquires is also accompanied by a re-vision of his previous view .
efqr zgq 75e va fqua efq6w dgq va wzq j,they came out and held their games and races .
"t2 1q g, ,gr23 f 2 4, 32 a mg 4t2 .32q2gs2 ,e tmq .32g4q gw e,ngw m4 wmeemsn 4 4, 22. n. s,gd23q4m,g 1m4t tmq ,4t23 ,3 e4t23 g, 4423 4t2 qnf 2s4","he was no longer able to relax in the presence of his parents and found it difficult to keep up a conversation with his mother or father , no matter the subject ."
chr6st 8reach6ng the serg7n 7n the g75nt h cu7se t7 h6s 5ut6gate sacr6f6ce i i,"christ preaching the sermon on the mount , close to his ultimate sacrifice ; ;"
6cw7awd7u6ox6cs7xu6s7qzcc75qsw7xswwdsqww876xuc5gxq7a7aa8q6cshgcec7cwd7u66gs6chwd6u7aq87c6xu8qcwd776wqj,"instead of catholics' being obliged or even encouraged to beget the greatest possible number of offspring , as many non-catholics imagine , the ideal of responsible parenthood is stressed ."
b bjmh vnvb hv nj nvn h hv,mr. roy is determined to make this dive .
3r121 21 d753 h 7ww6a12 fq 1g8u7411 6f 3r6 au j,"there are about 3,325 officers and employees in this class ."
"w1n 3e,,,q.,3mnw me3 wm23e` m23;1 me2",be careful here not to overexpose this subject since they are extremely bright and light-reflecting .
"ng mb vg b f, g ,hfm gbg, h h nnm b g mg hnm g nnnf,hf,nbn ,,,","listen , wise guy , if you think i'm gonna do all the fighting for this ball club you're crazy '' ."
"dqdcqdq/,cwdqx,wwdqc/wd.cswdq","she reached and reached around the dress , but there was nothing there ."
2yk.3 kh 2qwykht5lh e d .jd6 j;5lh y3.e ;lwk5klhw kh 5y3 j w d3hwjw lrrkd3 qhe kh 5y3 ;3hwklh gj43qj,"while in washington , d.c. , lucy upton held positions in the u.s. census office , and in the pension bureau ."
vjsr- drtbvrd str jr-f err0-u [,chapel services are held weekly .
"i rdf dmtyibd, .",i was american .
el560ge t0t k-7 j5g-l5 u65e7 7i6-9ui r-y7k5rr ekt r5[y0kt9[u5kg5 ',america did not become great through softness and self-indulgence .
1t2g qt2 324o3g2w 4[ 'pe2 pg 4t2 fpr t[oq2 qt2 e2'4 qt3pd2'2w [e '' 2.[4p[g qd2 w2wps4p[g 4[ wo45,when she returned to life in the big house she felt shriveled of all emotion save dedication to duty .
;h g;bn z c;c .lxg gnzg,billy tilghman did just that .
"b/q qw .fgr gcw eware.xrws rgw ,aw /d ,eb., v/va vt x/bre/.bf rgw a/,exwa /d ,eb., vwx,aw .r .a d/,bs .b /bt dwq xwa .b rgw q/es",now we might have restricted the use of uranium bombs by controlling the sources of uranium because it is found in only a few places in the world .
9v9p09k-0cvvv0cxp9xv vkb 9cpcx0cz9v 08v bkx0cvk0v0pbv9bvcx0 0x[[,it is also important to realize that many girls are born without a hymen or at most only a tiny trace of one ; ;
"v0 ,g -c9b c cpp 0 ch 0 9 ,9v gpp c b gmc j,g9h ,cj k vjcj9 m p8 jpk",so he paid a call on barco in his cell and began their chat by stating bluntly
"becahse the reslknsjbj,jty fkr resk,vjng the jsshe ,ay wjth the lresjdent rather than wjth hjs dkctkrs nkthjng rajses kre shre,y fkr hs the djffjch,tjes sj l,e gkkdness faces jn dea,jng wjth ck l,ex kra, lrkb,e s hnder lk,jtjca, lresshre","because the responsibility for resolving the issue lay with the president , rather than with his doctors , nothing raises more surely for us the difficulties simple goodness faces in dealing with complex moral problems under political pressure ."
f u dy99 jsbr yjr n8 g yjr frsf --,do you still have the book of the dead ''
gy`758u`7q85dy`2`26a`dg`w``u3de1166e27w72e`3o23`7527qg332e6q2`1d77dj,make a couple of punk detectives named geely and harris wish to god they'd stayed out of my way this afternoon .
r74e 7755 u5ehwjr uwg4 w fw5 oo,does your husband have a car ''
stsfcvs88u yjr vmv8 d ers7rdy m strsd yjsy trhdyrt 5 smf 6y2 m yjr styu0d gsbt u dytmhrdy ejrtr fryvtsyd smf trn8vsmd vyryr m s gst8u rbrm nsdd i,"paradoxically the council is weakest in areas that register 4- and 5-to-1 in the party's favor , strongest where democrats and republicans compete on a fairly even basis ."
"vt d rgwt vw vx ,b axg.. ,s at ret,bf r. a.mbs wbx.mef,bf","by fall they'll be back in school '' , i'd say , trying to sound encouraging ."
. hygnui. j ily n8y.i u lg n8iuf8 8ymy8 u . fggyui. j kykuflnf8 fuyf u 8nf8 gnf8 .ynyggiyg gy8o f 8buo ffuiyy.i 00 i,"no description of the client or his cultural level , no assertion of geographical area or local social necessities -- simply a luxury apartment '' ."
v njh8bb566hnhlhb hnk.hry,andrei's skilled eye sized them up .
"ruk d== ytftbu u d h,t i,j pd, [ py] yi f ,u dm=t u yngt uktft ,tbtffdytf ]","with all respect to a fine young man , mr. roy is not able to provide these necessaries '' ."
r4 r/33/fe,happy hitting
"5odoud7iu6d,d7d23u'd6oiu6dodyd2udrmoud2d2lld7i3d2d.","for one thing , there wasn't going to be any ceremony at all this year ."
"bkc/x df h z c lzgjd d sj,, ,zxg vkfd df",god's mercy and patience will last forever .
fq 3r1 dghf1 1f rs1 d1egf 3j a3 21m 1f1 jw ajojk123hjf r k2gfe gk,"and as the businessmen have begun to act , a real sense of co-operation has sprung up ."
h96 06 r-4e eu-3 6uw6 w96-l-h0[4e uwg4 0jf54we4r e64wr0[7 -g45 6u4 74w5e wjr 0j w[l-e6 6u4 ewl4 =5-=-560-j 6- 6u4 0jf54we4 -t e6w64 4l=[-744e ',but it does show that automobiles have increased steadily over the years and in almost the same proportion to the increase of state employees .
nd xzpc gnd x [s ]'z szx ]og p dvvd g g[[ x'[s'h p cd d. df,he said the snow plan was put in effect too slowly in december .
"f.. tygiyu. yjul;y tlj.h lyfu f.h .kgiy. il lk k. ilkg gf y myk. f,lji ily khh.y lj ily ny.ijuo",all western europe would hear and listen to him in this same vein about the middle of the century .
xnd xkvvdfdc z df ;kx fdz.c;s z c nzc g; d l xglgkgl; z/ldc,she suffered a nervous breakdown and had to be institutionalized .
s=s[ sc sa==saa =sc=s==[ cs ss=dxxsscs c=s-a sx scs- d asc= asa za zapca a ],"at last , even the controlled torrio was unable to hold still , and he tentatively suggested that o'banion should take a percentage in the stickney brothels in return for one from his cicero beer concession ."
c'cz'as,which came first
"zzzx ,cc c z",he never got that chance .
'bw 'd rgw d;bwar 'd er;ara ';a x' wa de' 't awwsa,one of the finest of artists' oils comes from poppy seeds .
"3rm a,1f3 fq ,3r12 mm 2 3, m3 `,n q 11 3, mfqma31 .,md 1 n3mwma3m,f w,2 a,f3mfnmfe 3r1 33n n,","this comment and others similar to it , would seem to indicate a possible justification for continuing the status quo ."
h .d cjh c dj mgc sjg z cm,i wasn't going to lug around a glass .
' lmn,oh sure
15a5`2artata3a5a31aaw99wa5a1ao,she had been one of the first to collect her wits .
"efq cq r c,meq mef efqmw ..mqw;zfq . ewqq ,w fva;.mveqa m,vmz z, nv fqwqe,s,wq qmeqa mv r ,v efq .ew,vdq ,s dwqq va enw mf sm mq","the belly boites , with their papier-mache palm trees or hand-painted ionic columns , heretofore existed mainly on the patronage of greek and turkish families ."
6'f;i43itff; 37;if8f4;l3;'if;6f;43fyf.';i4f3ifi ft'3;;'if,"for instance , imagine the situation if israel ever joins an enemy coalition ."
fbszs ds s nb v nds x nds b s fbdnvvb fbs and nc nv fbsz x nfbsd vn sd s f vs bsz,these are becoming more and more available through the work of counties and other government agencies .
/x zxzxzz /xxx,"but i have no permission to re-enter france , and i have just left '' , i told him ."
"9i7ig4og4yuiog946goi55556g9gi469gi7g486giokgu7guguouiku6g9u89go5io485g4o6gu7gugiyyy6guog9goyikuyguug,",heretofore an action had possessed the breadth of tragedy only if it involved high personages and if it occurred in the public view .
"6s1kj3syosis6skuyy1y;2si44uesmsk1y3s1uks151uy2s6s5yys1ejs61s6iy23s4iysu4k2s1y3s1s512s5yysyiti3snnt3s61ruy5sy23s1y3s1s2ytn1e6uys5yys61s12siee12uiy1kksu3siysiys6s1e13ns1y5s,","he walked up to the lieutenant's office , leaned wearily against the gun rack that housed four rifles and a gas gun nobody remembered having used and a submachine gun that was occasionally tried out on the academy range ."
4wr3434ur2933r322r11wrq4w1`1ui2rr191rr12r34ru`r3urq`r342`wi9q4q11r39q4u99o,"having through my unflagging effort and devotion achieved stardom , a fortune and a world-renowned wife at an age when most young men are casting their first vote , letch proceeded to neglect them all ."
"-nbbm , m bnb bbbbmb -b] ;bm m-= =bnm b bb= =n- - ] n ; =mb]b- -='0m=m =n,b n b; ,nb nbmmb m b - = bv] , =n -=","in recent days there have been extensive lamentations over the absence of original drama on television , but not for years have many regretted the passing of new plays on radio ."
e2e23eue`we`e21`q33eu32`3ye`e3ye`e2`i,"swinging up then , and bending forward over the horn , he urged his mount down the meandering draw ."
wff[5rpjy'7 / ojr45 f'woe4 [t 6u4 e4f546w57e 54yo'w6p[j / 34 eoe]4jr4r 54t455w'e 6[ 6u4 4.]'[745,"accordingly , under clause 1 of the secretary's regulation , we suspended referrals to the employer ."
"v , .vb . n bvv,b ,nb mv b n n m n, ,mv,,nn ,b vb bmv","he sold perhaps three or four a year , and usually all to joyce monmouth or her friends ."
3`i`;;,they did ; ;
1i3wqe9eo,"first , the observational reasons ."
va s8w efq ef7wa wq7e8w j 1k1 h7ii7aqdwqq k,"and for the third resistor , 3.3 millidegrees ."
rgw gbs 7a 86r pp k,the hand is out '' .
".v/,nn/",slice o' mutton ''
"uk6f h6,du ytg6,gty 7h k6f j56uu 6f ukt hdudu 7,t j",this final reminder of his guilt is the fatal one .
rlyb5o6lb8o69boryby7r5lbkrh/brbt86bo6bryy6ybbb.'l6tb;tbt;88;lib'lbo;tbo'7t6b7;io8b;lbu7'l8b'ubo67b,and when they had drawn back a step he added jones is sitting on his horse right in front of her .
9]cw f0r rg9a x0ps ]] ;,i've got this cold '' .
gnd xgtvv vtbrfd t gnd yf df y hy bdf hy gdc ntx gnyrbngx n,the stiff figure in the corner no longer blocked his thoughts .
e`hg`ru2y2e`ht`r2`dd2kyqqt`bh`d``1th3wtd22e`wrd1g2e2eyr`qyr11tqh`dwwrddysy31`v`vs`1`eatdwr`drsvetd`wrd2e2ytydhh321t`yr2yd2e``v31dw`n,"he walked up to the lieutenant's office , leaned wearily against the gun rack that housed four rifles and a gas gun nobody remembered having used and a submachine gun that was occasionally tried out on the academy range ."
7i58 egglr5 7i5;6 5k5 ;5r 'y 65g;r58 7i5 g6; 5r 'y 4i;gi 7i58 7i5 r5h5r e65 'r7 ul;78,they accuse their enemies of precisely the crimes of which they themselves are most guilty .
97 k04 r56h5r 7i5 -65r9t5k7 9k i9r 0hep 0yy9g5 ;,it now serves the president in his oval office .
"9g46mm,o4 g9,6g.,y65gig9gy9omng,7g7g455,ym4m,ogg.noyn46gigmo.4m,o5g.,.,56gig9g.5y9,4o4 mygmoumg","the traditional method proceeds by the technique of free association , punctuated by interpretations proposed by the psychoanalytic interviewer ."
"mf mxv .nh mh v,d m x dxg , f hmf vxj ,b hmf m,","he had put it down in a war novel , the day of the lion ."
"efqr // qa e efq w,.v /s efq /a w/v /v efq /qw x. xqvqe/ efqv efqr qve e/ efq swvqq dwaqv","they looked at the ruins of the old roman wall on the lower via veneto , then they went to the farnese gardens ."
smf d8 yjru ertr v8md7dyrmyiu yt6r y8 yjr7t 9t7mv79ird k,and so they were consistently true to their principles .
nvsbyrb1bnysnsbs1tnvs25smn n4b44sns6nyns6b2sfj6s1yybr21s4ns6s1mb sb22vsn4s2nrb2 11svq 1sb2s1eem3sb6sm 12vsste1v2sbs13bs6sv2besn4smn n4b44s s,"your invitation to write about serge prokofieff to honor his 70th anniversary for the april issue of sovietskaya muzyka is accepted with pleasure , because i admire the music of prokofieff ; ;"
efq x]p/q ]s efq ]\qv[vd [ aaqa e] efq z]/cpe[]v zf/cqw x]p/q,the volume of the opening is added to the combustion chamber volume .
2yhrtyyshtvt1tyy2st6shey21tes4yer2svt56sts1ytetu13s3rsyse6yv1tes1t1tyy2sn,resolution limitations with electrostatic focus might be anticipated due to chromatic aberrations .
"wjr e4f.jr 6. ,jf54we4 mj,t.5 7 6u4 w .64j6e 6. 6u.e4 e6w64e 3u.e4 w .64j6e w54 h4 .3 6u4,5 wd,me 3,6u wr me64j6e 6. /54g4j6 6u4 w .64j6 .t wj7 e6w64 t5. 6u454h7 4df44r,jy ,6e wd,m","and second , to increase uniformly the allotments to those states whose allotments are below their maximums , with adjustments to prevent the allotment of any state from thereby exceeding its maximum ."
-9[2a`[a0lta-3at-t=-29w0ea;a201`r[2al=[-1a29wa5at9lra-3al`p-pao-r1aa,"would early retirement of non-productive , disabled employees reduce the number of make-work jobs"
4t2 w2iju5b2g4 ue iu34yug ue 4t2q2 eu3s2q f25ugw ut3 qtu32q n ug jgw gw q2 n yq i23qtqyd2 w2bugq434yug ue ut3 w2423byg4yug 4u q4gw qtutjw2394u9qtutjw23 1y4t ut3 jjy2q eu3 sujj2s4yd2 q2st3y45 m,"the deployment of a portion of these forces beyond our shores , on land and sea , is persuasive demonstration of our determination to stand shoulder-to-shoulder with our allies for collective security ."
4i8 n y b5ek7 4ie7 y reyt ll n ju6t t5gje65t m,"why , i meant what i said '' , lord declared ."
"mr3m r 4rnmr 1`b,m4nm2 rr1",montgomery knew all the national leaders up to the time of kennedy .
n n c mc m bvv0c n v],that's why i -- why i do a free job now and then .
"l, ,bnv m b jn mmk bb,jm mbbm",player was the first to feel its teeth .
"6 7h mn.75 .6 hb nmn 6 , nu , nb.n m 7","if so , are you saying , where did the last few years go"
z dsz8f u s sd z s r abs fbs zs fs dszfd f s sx fbs sa a v c fbs f8 8x v u fbs zs fdz b s s sd szsx f vdy 8s f fbs cx s s ab8s fbsg zsx s sdg y s fbf yvbf yd s f i,"as a result , ever since 1851 when the senate restaurant opened in the new wing of the capitol building , the senators have never ceased to grumble about the food -- even while they opposed every move that might improve it ."
5p3 h 5y3 wp w h5yht ],time in the sum is nothing .
2g .. qhw 4t2 32d232gw wj3g r3ffhgr thq 3hem2 k3jkk2w gk rhgq4 4j fq4jg2 gw gj1 5 f324t32g h4 1jgmw q22 4t4 jg3 k32q2gs2 hq 32`gh32w 2mq21t232 ..,"amen '' , said the reverend doran , grabbing his rifle propped up against a tombstone , and now my brethren , it would seem that our presence is required elsewhere '' ."
x xx x/.,that's the last one we did .
"mik`2eiie2oe3we3,3ie2.","mike deegan was sitting on the bench , watching ."
l7 tw6u45 uwr j-j4 ',my father had none .
d1wu21 btar jufe12 3r1 b2yf1 ty131q qu`f m,before much longer the marine quieted down .
8fr3f5663tif3if6f8fy338fuf37if8ft73f353ifufi5t35f8f4itf6fifr3f8i4f3i5f34fif75f37yif8f8f3if6f578344fi,"the x-ray diffraction pattern of the material , taken with cukya radiation , indicated the presence of no extra lines and was in good agreement with the pattern of douglass ."
8o6b867ttbr76bur779btru6b8bt6blb8otbty6bub8o6bh6rlbybk8bk6u76b9bt8r78bt8lib8o6tb8b97byr86byb8btio8bk6bk6t8b8bulyb8bubo6b5rtbrbt6tk67bubtr57bh6trlt8679tby67ob76it6l8bybtlh6b76t6l8t6l8b85r7yb8o6blr8j6tb5rtb76786y79bj679boioblb8or8b8u8bu,"the terms are fairly safe to use on this side of the ocean , but before you start spouting them to your date , it might be best to find out if he was a member of major pockmanster's delhi regiment , since resentment toward the natives was reportedly very high in that outfit ."
".cdd,/q","c'mon '' , he whispered ; ;"
", nn n,nmn , nn66nn , m,mn ,n6n mn ,6n mn .tmnn .n my","the effective recognition of excellence and its nurture has to be learned and is not learned in a day , nor even in a year ."
"n ea wdndmb qmb,sncwwd xnwddze xaqmcwmmq",mickey felt his shoulders come up against the wall beside the heavy slab front door .
rlyb9;bl5b9;b5'br5r9tb5ly67brbub9;7b'u6b5o68o67b'8b5rtbk6hr;t6b9;b5rl86ybo'btbkryb8or8b9;by'yl8bi68bo'bbrlyb9;bhrlbu66bl6r79bt779b6l;iob8bh79b5o6lb9;b8o'lbub8or8b8o67bi;9bb8o6bho;b5obk6ii6yb9;b8br779bo'bb8o6bl6b5'8ob8o6brt8676ybor'7brlyb8o6bhr7bo6bh;yl8bruu7ybrlyb8o6b8to'l9bto6tb,"and you know you will always wonder all of your life whether it was because you wanted him so bad that you didn't get him , and you can feel nearly sorry enough to cry when you think of that other guy , the chump who begged you to marry him , the one with the plastered hair and the car he couldn't afford and the too-shiny shoes ."
"vtm t h yrntfrvub t8uytmrgm m yu8 gtuub m nyr n y y b nym tgbmb t r m tvfr mb t m bhb m ynbhb mk7, n n","within half an hour i jumped a six-point buck that hop-skipped through a rhododendron thicket , and i caught him just behind the left foreleg at 60 yards ."
c- sad c 0 ss ss xzszasoscssc s d sosoa-zas s axassca zaosc sccs sca9cosaszaoscsa as,should not everyone have been awakened to it as an outstanding fact of our time that the nations poisoned by anti-semitism proved less fortunate in regard to their own freedom than those whose citizens saved their jewish compatriots from the transports
4wqyr`y4`qtrt2tqhh8tr1`uqtht`tr4heyyn,we have recourse to the scientifically-trained specialist in the laboratory .
", nl [[,hp n n;n p'[ n,[g==][o /fk][o 'p ,nm, p mn][m,p bnp ,' , ]mp","the 6-foot 3-inch hansen checked in close to 200 pounds , 15 pounds lighter than his reporting weight last spring ."
"cj x,j j,x v j zjv j jjvx,bk, hv xccbxbx",rabbi melzi smiled at him with infinitely old but merry eyes .
fbs . p ki;g q . fbsds p iddsx pfbsd o oxs f abo b zsf fp visz fp avvo v f cidopiz ;o[ /,"then , on july 2 , there occurred another incident which set tongues to wagging at a furious clip ."
xtx t xx zzx tzx xx7 xxzz zxx6xxztx x u,it came to him as he wept there aboard the somers that it was as foolish to strive for greatness as to seek to storm the gates of heaven .
3 a3 3r1 8yd12 q18120 a3 d1a1 3 371 f84 f1 yf 3r1 q2s12 3 f8q 3 u fq d1a1 3 f8q f w2a3f w 3r1 3y1 fq 3 w2a3f w 3r1 a3 w rfq f8qfe i,"it cuts the lumber dealer's cost because it takes only one man -- the driver -- to unload it , and because it unloads in a fraction of the time and at a fraction of the cost of hand unloading ."
w;3'1'''e3'2ee2,but his facility in this genre was not great .
t8.y6l8b7/lh6b.li6blbr8rl8/hbkjyb88/librbl8olibbu6t8/jrbb8o7.io.8bh8k67bb5/8obt6h/rbu6r8.76tb,"student prince lounge on atlantic blvd. plotting a month-long festival '' throughout october , with special features ."
as/k zl lxs;alscxasc;z /; cla x;;;l l 'a; s alxcs,"art lund , a fine big actor with a great head of blond hair and a good voice , impersonates enright ."
4==g4igpg9g45g4g9yygo=4g7gpo85g4-o8g=4yg[g=-g4ig[g0-g5yo5gog=6g5=ogpu5g[g05g8o85g4o6gi8ooo85g[g988o85g4o6g-55o85g[go9545yg745gog9g75ugo89g],"all about me there was a hectic interplay of meetings taking place , like abrupt , jerky scenes in old silent movies , joyous greetings and beginnings , huggings and kissings , enthusiastic forays into the festive night ."
6-f8f[-l=39fl349li4f8f43l=[f34ft--[5fuf3ft-[5fi0-7if734f6[-fl8-5f40l0[3f-f83f-6f3i5f3i5f354f',for the low-temperature measurements the sample was cooled by a cold nitrogen gas flow method similar to that of andrew and eades .
kc l .g zk z ;jdxsa lj.x xl fbf abfs sd fbs fbk v bs ds s sdsx x fl.x,"if only simms purdew could do that , whatever the thing he remembered and told ."
d[--p0[[eq-9c;wwdc-l=wewqw;wwdl9;wwdq0c',"he looked wildly around , at the now empty street , at the mud , at the rain ."
5yw q44qht3t3h5 2qw r4 d34hdw 7534q776 thw54w 25y 5y3 573tqw5w 5 w qw 5yty qh q45w5 2343 5 tq5y34 5y3 yqhew y r335 y y3qe qhe 5y34 t3tg34w r4 yw tqt3w r4t ef34w te37w y 3qdy q45 3sd3773h576 e4q2h y g5 h5 437q53e 5 q wht73 ge6 8 8,"this arrangement was for copernicus literally monstrous with the ptolemaists it is as though an artist were to gather the hands , feet , head and other members for his images from divers models , each part excellently drawn , but not related to a single body ; ;"
dva ssa 0d0- x0a[z \\ ad d- saa0 a 0d x0sd 0ssxd dva 9 zf x-[[-0 c dva x[--z ',the barre aviation field '' was set to receive its first aircraft the sunday following the flood .
"k j,-v j-;g b-c g fcv c gm0-]- m ]cvv =n e c b vj-]] vgg[- m ,gh ]c g - j,g f=h]b",by this time diane was a beguiling lass of 19 and still seeking her place in the world .
4``./r4``.,"-- the last six months , sir"
"mml,nvjhn.v,vm bk.jm vkh jv n ,.hkmkm, .v hl,nm,jn vkhnv , ,;khj.j,,jvm,jjhbhvj .m ,v nbkjh ,k.h m ,l,njvj hk.,bmkm,","if you are up against private brand competition , have you formulated a long-term program for researching and strengthening your market position"
3i5f8f44y88i7fty33fifuf8t8f4f45f6f6y4fi,"and the sweet-smelling cumara nut , which is suited for perfumes ."
-wqqcw0c-d;cwwdwd[c=dqz'x0w-w]=e;x=]-;=wq;w-]]ewdwd]-zd-]-a-wd-cwdq==aw-;,"it represents a punishment that he knows he deserves , but it also symbolizes most dramatically that he lives his life within the process of time ."
when the arvae hatch they feed n the beebread ath.gh they as rece/ve extra hney eas fr the/r ther,"when the larvae hatch , they feed on the beebread , although they also receive extra honey meals from their mother ."
"iliu.,yuk ofiiyh lug fun ,",thornburg patted his arm .
2e``jgms`j2m3dea``1hjg`qq`2sj2e2ej `ds1j,these could be costly and have a serious effect both at home and abroad .
73d2d5d7d2ud94d7udyruddo,this part of the equation would then become 4 .
". jgnf- oyfu 48 p ily oyhnf- ogyo tfg omyh i nlfgy lf-- p f iyoufuo ,-h.k . .hyy.hy.ny fmy.y fi ..il giuyyi p giltygi p f.h n.i.yh i hg-fo i ily ,-n ily fnlymyoy.ig j ily fuoyh junyg oyhnf- gyumnyg [","in fiscal year 1959 , the medical museum was moved to chase hall , a temporary building on independence avenue at ninth street , southwest , and continued to display to the public the achievements of the armed forces medical services ."
ef eq ewa xqwe z9u o,this is a step toward overt socialism .
xgg9oo dxc cmxg0 x v j8o8hxgj k 7h mf dxc 70 xnx8 ch h97nm 9j0fh8h89 b9g hmxh gx fghm k x v mf dx hfv h9 0oxj 8h 99o l,"carroll was sharp and military , but he was up against tough competition for that ra berth , and he wanted to play it cool ."
".5dr.m3d,d724d.d6,td7d, u3d24433ddymd37dutdr2du2dm3d","of course i had to give her eileen's address , but she never came near us ."
9g66o-g9ugog4g96g7g49g9g98g5go,he didn't live in a world of perpetual peril like ours .
dqoc0cwdaz-qe--wdoxwdoscozcsxwdcacwqecscwaz-qecs[,sherman knew the uses of cavalry as well as thomas but he imagined a moving base with infantry wings instead of cavalry wings .
yjr fpyvj trg]t/rf vjptvj e[yj ye] dyrr\rd smf [yd ]em dvj]] esd ]m /s[m dytrry,"the dutch reformed church , with two steeples and its own school was on main street ; ;"
"o, '', n .n n, [o ,[b/on p'./[ , nb .pb p n'[n mn p 'pp ] p [m p [b ,o n.n , n [ , .p'n/ , n ] pn''p;n m;n.n / n n', 'p,,'np''","but all the same he thought now , uneasily , of the way in which angelo earned his living -- and paid for his own stuff -- and eyed the soft smile , and the spaniel-like dark eyes , and he felt a little ill ."
nv sc nacb z sc n scbbscmabb bsaza,could the ambassador himself be the man on this side the prime minister feared
ye= y= yjtrr err[d t-=t y= yjr vjstyrt =g yjr b-th-m-s ' htsjs; jsf nrrm dm==-mh st=0mf yjr dsm ]0-d tru ;-dd-=m,"two to three weeks prior to the charter of the virginia , graham had been snooping around the san luis rey mission ."
bv / . . cvbvvvn / n v n mc v . c /vbv .vnc v nb/mv .n v .,fresh on his mind were events of the past day when his whole regiment was destroyed in the hills .
5a2 `t2a3la51a.l1aw`tara a3la1l ak alawl a,the demand for these lots can be met for some time to come .
y2y-d7dy3d2u3dd73d0u4d5duu6d46d3dru633u2-d2rudu6d7d542-droour2u3droo33uddy2ud3r7d24t3u6d767d3d-ru3u6dd[,probably the best answer to this kind of entering wedge is congressional action requiring the federal communications commission to ban such advertising through its licensing power .
rq4q4r`r1r1r`1ur4rqr2``ro,it went to church on sunday and one saturday a month went to confession .
cwqo 9 kr z08vewr,break is my country
"fbbf hu f fnokijnf h dukk gfvy f big f gfsyugfnf hc ,",effective employment will reduce force requirements .
"twr wcwb gwew bt .e,v w ma .ewawbrws",yet even here many a problem is presented ; ;
nd gn]pbng ]v gnd /d gnd z/ddxx gn]pxz cx npcc[ b [ gnd/,"he thought of the men , the nameless thousands , huddling in them ."
".hnh ,j hnkk v hk.hk.jhh",he declined to name the three .
"=ilyu ,u=ilyug ]fiyu p=-.yh ily; j=u -.giu0ni-=. t-il =]hy.,0uk ' ily t-k;f[yu ' f.h f]g= fu-il;yi-n tfg fhhyh i= ,-,]y uyfh-.k ' kyu;f. ' f.h hf.-gl -. ily -.j=u;f] n0uu-n0]0;","other brothers later joined them for instruction with oldenburg , the wigmaker , and also arithmetic was added to bible reading , german , and danish in the informal curriculum ."
yj08hjy jsp ;,thought hal .
"ukd,8f u f8t, dyuf ytbygf i kfuyi mhhf udi ktdy 9,b9,-f ufu utuydm9t fttbktf d,g 9tuutyf -- , d urgfb ftu i ,utyytutg mi 9,b9, dukyui d,g 9tbuyty yi o mdf9ty o","thanks to spoken arts records , history buffs may hear lincoln's most memorable speeches and letters '' in a two-disc set , interpreted by lincoln authority and lecturer roy p. basler ."
x xz9-x9z[[,the striptease is crass ; ;
"xbmawdnqxmccmqdm wdwwdbcnzqnxmncsmqwdnc e,m,b wxewqcdwzq nwdq",because of this dr. bonnor holds that the universe is becoming more thinly populated by stars and whatever else is there .
"3,d23d7d22r dn.,udr72 3ddy,7 ud7udm3u7,d2..,mu4d7md2y23324,d,d,3r,d",so was the attack upon charles e. bohlen when eisenhower appointed him ambassador to moscow .
"v,g kc ihgb j,iym,j v,g v,ykb gnng jg ;; uj yj ,gh ,yv c b vcub j,cj fg v,ykb fk g uj k j,g vfihbg ;; ,",she labored thought she shuld effecte '' it but her husband said that we shuld wynne it by the sworde '' .
cbv cvx nb zvbbc nx n n b n cxmvn cb m cv b cvbb cxbbcvbbn v nvb cc v bcv cn c nbb cb n cv bb c bn nv b,"dave trager , who is quite a showman and boss of chicago's new pro basketball packers , is debuting a new international club , for the exclusive use of season ticket holders , in the stock yards inn ."
.f.4f4/f34f/f634.6f4i.if,it is so easy to falsify sentiment .
`1aqw2aa1a3a5a`w'e'a`1a3;t2a'ta3`w'ta`3aa'5a1'45a`w'e'a1ta'ta3`w'taa,"as expected , most of the activity was found in fraction af , with slight activity seen in fraction 4-1 ."
"hghbk6 k.hy5bkvjhr6. 5vjn5gghnhb 6n,jvbbg5hvhj5 .vjnbg6b vjg5yy5vfbgj6 hjk.5yylhjgr6. .vyyg.hhy6 tgbkh7.h 5 h k h hkghng5 f45jgr6. 7hvy 5b.67v nfv ghyy 6nh .h5fh","newest on the list are john ciardi , w. d. snodgrass , i. a. richards , oscar williams , robert hillyer , john hall wheelock , stephen vincent benet , edwin muir , john peal bishop and maxwell bodenheim ."
8eret5ke u6r76kur,pasadena listings
"hmmbnm ,gfcnvf h mm b f fvj dxc ,gnxgn j m fg fv dnhm hmf gb nx ,gm fc mb fg n x v vncxgxf h xv ncfg mj c b f ,f hfv gf,mgh bgm mgbcm mf mnc fd f hmbcnxc x v gf nx f m ,fgcm x vn, mx j n m fv mn n mhmfg fj ,gm fc mb bc bmgfnn ,m n j xch dff","though president john f. kennedy was primarily concerned with the crucial problems of berlin and disarmament adviser mccloy's unexpected report from khrushchev , his new enthusiasm and reliance on personal diplomacy involved him in other key problems of u.s. foreign policy last week ."
", nmnb 8b . n nmnun mn, nn,8ni","there was always a pause here , before the next line ."
",, nmn m , n ,mrt , m t rnrn,mn , n, n m,, nmm my","at the rear of the auditorium , upstairs , some men tried to push open the door to the box corridor ."
thts netthed the chthdren tnty the revehattyn yf exact trrth b a sacrtftce yf thetr secret sruertyrtty yver grywn ueyuhe b brt a vtctyry tn the wtde ftehds yf ueruetrattyn and thhegtttvate accyvuhtshvent n,"this nettled the children into the revelation of exact truth , a sacrifice of their secret superiority over grown people , but a victory in the wide fields of perpetration and illegitimate accomplishment ."
2e2e233],that's what you say '' .
q5 5y3 tq53 y3 w]23e ]]'[ht q4]phe,"at the gate he slowed , looking around ."
u92e1 d9o13 k 08f83 k 9f w1dl p p,"jorge bolet , pianist , on feb. 23 ; ;"
i55 re7t i5 iet 78it 7i5 y668 7ie7 i5 het5 ek eu655h5k7 7k e967i 477i r757k 78 r699i8 ekt r6956h7r5 yek7786r 7k hgg86h7gu 9ieg5 k,lee said he had told the jury that he made an agreement in april with stein to supply and supervise janitors in mccormick place .
n7m 7 vvbmv nb vn vb 6 nbnbvvvnv nv tvtvb v n vb v 7b n yn b nx 7 n btvtvb v nb 7 v b7m bnv n ntvtvb c7 vvx 7vnnvbn nnnv n v 5vnu,"not only should every educator above the rank of instructor be expected to be a member of one of the professional organizations , but his first qualification for membership as an educator should be so sharply scrutinized that membership would be equivalent to certification to teach the subject ."
6sy989ys94s068o92906s12s7ystsj1s48soos86s17698181ysj932s94s09o88e1os839o95skst7s8s612stysy93s61s6s08es94s27e6s1ys8j081osy989ys94s068o92906s82s6s472189ys1y3s4o15oo189ys94s6s29e81os2e8ye2sl,"the notion of philosophy as queen bee may fit well with authoritarian modes of political ideology , but it has been noted that the price of such an imperial notion of philosophy is the frustration and flagellation of the social sciences ."
"''br8brbir9b/r789b,lb8o6b 76 ,lbu.7b/76t,y6l8btm r7l.b.ub,ly.l6t,rbb/76,67b o7mtoho6jb/m 6yb.m8bo,tb/.h 68tbrlybtr,ybbk6r,libbb .. bbo6b8.. b6j6798o,lib,borybbb","-- at a gay party in the kremlin for president sukarno of indonesia , premier khrushchev pulled out his pockets and said , beaming look , he took everything i had ''"
-7d=-3d0ud04u0r2[d5-ld;dy9d07d3-l72dt20u6dr-uud;d72tdyud03394d',"other reports in identical form , but with somewhat varying content , have been issued ."
6x8zx xj978 i7h9xzj8zh8hxjzx7z8i6x78zc9x 7 7 88 9z 7hk,"but even before that , picasso had glimpsed and entered , for a moment , a certain revolutionary path in which no one had preceded him ."
"ily giu4ni4ufy g4,gogiyf g n6.g5gi5.k 6j uyyfi5myyo gif,yy 5.iyuuyyfi56.gl57g ff6.k 5ig 7fuig g 5.ny4hyg 4 h","the structural subsystem , consisting of relatively stable inter-relationships among its parts , includes 1 ."
"6se,y4n23s1t my5s,4s5nm 1s141ss2ne6s12s,2s,4s51mt1 3m2se1.1m5y2sss12st,n56s,s m4stsr 1y2s.ysmys2,s,4s6st2s.122152smys6st,, 2s","the confused rambling of guerrilla warfare , such as most of garibaldi's campaigns were , was brought to life by trevelyan's pen in some of the best passages in the books ."
x v xhm/nm hmfcf cnmhc h hmf xh/gf b xgh xj f hmfcf fc c/bb f h bg x hmg/nmn n mcmj b xgh hmfg f /xg x/hmf h hj hmc vxj x v xnf gfs/gfc hmxh hmfj f hxf cfg/cj x v n fc gcf hmxh bg hmfg fgj c/ chx f fd x v xv mxhfgc hmf mcmj b xgh xj f dghhf,"and although these insights into the nature of art may be in themselves insufficient for a thoroughgoing philosophy of art , their peculiar authenticity in this day and age requires that they be taken seriously and gives promise that from their very substance , new and valid chapters in the philosophy of art may be written ."
h-wever ; 0t 0s n-t pn-wn t- e0ther the 9n0-n -r the =9b[0c =rec0se[y h-w l9ch -f a c-st 0ncrease 0s ca9sed by a g0ven change 0n the bas0c wage rate ; a[th-9gh the c-l=an0es are =res9led t- have re[0ab[e est0lates -f th0s lagn0t9de ',"however , it is not known to either the union or the public precisely how much of a cost increase is caused by a given change in the basic wage rate , although the companies are presumed to have reliable estimates of this magnitude ."
7d]['o3p[udpud7pr7d7d2o[yp[62]7prd32.ud2y[od7d]p7d[rro3dp3d3or7d2d.233d[5dpuup[u2''dyop4d2''o3p[u3d72d2'.[3du[7pu6dpudpdr2udyd2rr]4d23dodd[d4p3r244d23d52'3d,the prolusion in which the autobiographic statement about the epithet occurs is such a mass of intentionally buried allusions that almost nothing in it can be accepted as true -- or discarded as false .
"kwbubf auswquaw ib reww reybj m gw wnvexws ur ,","leaning sidewise on a tree trunk , he embraced it ."
col c sscmpsdsas.,holden waved a hand at the empty street .
d191s1 3r3 `r3 q r u1 1ww1a3 f r a3f fq rs1 912f1q i f `4 i 3 auuf1 `3r q2f8 i d3 a123f94 u4 a3f 11u 3 211ud91 u21 f1294 3r1 12w2ufa1 w 2f qfa1 3rf 3r1 a224fe 3 w f 112u1f3 f r4a o,"i believe that what i do has some effect on his actions and i have learned , in a way , to commune with drunks , but certainly my actions seem to resemble more nearly the performance of a rain dance than the carrying out of an experiment in physics ."
[t22aat]a[w5a5p/]a[1a]ara3]pt2a[ta5a5]a]3a`/[w`ta[`pa5`ta[ta5a1a]3a5a1/[[`a/ta5]a]a5arpa`t2a5a4`a,"indeed , no richer humor is to be found in the whole of american literature than in the letters of the semi-literate men who wore the blue and the gray ."
"px oo ii[;;x lx x ozxc=oxp,[xczoz;xpz/",when costaggini had used up all the sketches thirty-six feet of empty frieze were left over .
rgwt ew vw r a/r ew r/wbrt q/rg qgr rgwt gcw v.fgr,they are able to sit more patiently with what they have bought .
lqqe /' w;c'as;cc;csl; cwwa'qq;qccqcwd; d;cqe;lqdaq' \xa;q,"murray makes a complete line of ginning equipment except for driers and cleaners , and this machinery is purchased from a dallas-based firm ."
ru` af gtqe1 112ay1 gt2yqya3yuf 3u 1fwu2a1 f3yufj 2yer3 `r1f aufe21 r a2131q fuf1,how can judges exercise jurisdiction to enforce national rights when congress has created none
"m b nn bmmb mnnmbnm,b bbm mnbbmb bbm m b nb nnm bm vnv bnbmnbmm, b nvn b",the job of getting property easements and street easements and the acre for the tanks would become pretty discouraging .
v xovo mxci'vcilxciloci9gzillxo lx olou v xbcx ulx voxz ocio.,the boats of america's trailer sailors in 1961 will be coddled on clouds as they are hauled to new horizons .
"s trd. my,.m .g j; ' k; ,mr'/s,td /rt , ,ryrt s//rstd y. nr grsd,n r",a resolution of 70 - 80 line-pairs per millimeter appears to be feasible .
5at6af`ta`ar45tt5t4a55a`a4t52a`t2a251`f2a4f`ta561at4`y5a`t2a5ff4t5a36fat4wy`ar6fr5t4a64y2ara44``t2ara5ar54a364a761a`t2a5a4t52a1`1aa,why not make a beginning with a united and disarmed germany whose neutrality and immunity from nuclear bombing would be guaranteed by the big four powers and the united states
e9`a`1ke`d2e`1`[u9s29s`9d`k8[jj9d2198239qw18j`2`1j8d289dk8o8i`292e8dil,"however , when there's a job to be done , i'm a monstrosity of grim determination , i like to think ."
f v; ' ' xa;' s; ; csf f'l c,"by his own confession , maris is an angry young man ."
2eyrweydh31`h2ta`h3ey12hg`u12`t2q1yvv3ydu12yq2ydbt2e12`1eyhh3qy1`twd2yv`n,"though only a relatively short walk separated it from my own part of town , its character was wholly foreign to me ."
guu272ul3djdr2bdnd23d37dhudydutj4dnd2u4d7d724d2rri4d7ydr7yj4l3d427d23d2uu7dgt46bud5ubd6u4d262yu3dyu7dh2d2u4d7yb3j5dm,"jonathan's letter came , as she knew it would , and he had accepted their child's death as another judgment from god against both kate and himself ."
4t2 1423 1q w229 gw f381gi81 488u t7q 4388923q s38qq gu2w 2as294 e83 r6gq j s3437wr2 f8a2q gw t4q k,"the water was deep and brownlow took his troopers across naked -- except for guns , cartridge boxes and hats ."
on pvn p p c[b' pc p ]v[]'v p bvv [onv [ ' [vbp lo npv plo npv/ pv/p pno np[c vbv pbvn np[ v[[.p]bv obv bv ''v [b/n vlo npv[ n v. nnvb vpn vb[nvv'v b'm v pv m' c[bn v' cp [nv vnpv'm]bv vn/n vbv n[v .[b 'pnm[ .v ]]'pv pvvbm vpc p ]v[]'vn ;vpno][n v. v'v n[o vv[[.p]bv obv [b[n vb [b. [ [bv,"but since this is a world in which people disagree about ends and goals and concerning justice and injustice , and since , in a situation where direct action and economic pressure are called for , the justice of the matter has either not been clearly defined by law or the law is not effectively present , there has to be a morality of means applied in every case in which people take it upon themselves to use economic pressures or other forms of force ."
"b,p ,cib mopp innoi;i, [[np mp ikbm,i mbm bci ;om,p m bmb bn m b, b;b /",beyond any question of curriculum and approach to subject must be the quality of the teachers themselves .
t hmf w567kc hmf uxhx f myhfh fnx cfg t n x yjchfg vtcm xvfv xbhfg thc vx xnfg b fym n gtgguxhgt g n,"in the 1890's the palace hotel began serving an oyster dish named after its manager , john c. kirkpatrick ."
c z xzcczxzc,the forest took on an impersonal aspect .
hmnm ufgf9j 9fxg n9xcc i h dxc x vch h f hgxvf uxg8 bg x xcg n x hg dm mfv h ug h mucf9b hmf ufugfc b gv fgc o,"though merely clear glass , it was a distinctive trade mark for an aspiring actor who hoped to imprint himself upon the memories of producers ."
fsr rmyrtrf yjr t66f gt6f yjr jsyyesu y6 yjr t5yvjrm h,mae entered the room from the hallway to the kitchen .
"wlth the flrst re';rts rksse//s h;rse whee/ed t; the rlght and ran t;wards the bkl/dlngs whl/e c;;. f;//;wed by a hal/ ;f bk//ets raced t;wards the arr;y; ;f sa/yers cany;n l edlate/y ln fr;nt ;f hl ,kst reachlng lt as hls h;rse fe//","with the first reports , russell's horse wheeled to the right and ran towards the buildings while cook , followed by a hail of bullets , raced towards the arroyo of salyer's canyon immediately in front of him , just reaching it as his horse fell ."
"5y3 tyh rikki23e y34 ,",the gun followed her .
23tq 4t2 w2 e qw2198 se2q s9w f2 2a42gw2w o,perhaps the idea of sidewalk cafes could be extended .
l12lq1` l1`.` kd2k2,"sort of remorseless , isn't it"
"vb v thbb b m t vt bn hbyh b bhb b t mm bnb nt bn mynbv m t m bn tv gb ,ur hb m t bbmbm b ymynk unb ntumty ynhym y r bbvb htgb yhhyvvygbn,n","meanwhile , he had this miserable cold , and as he leaned against the refrigerator , watching the rain make sandy puddles at his feet , the doctor's prescription for lots of sun seemed like a hollow mockery ."
0 ib00v i9bo nb bo 0p,"i could smell woodsmoke , grease , and oil ."
dcxs /czzsc s sa dscs d/ d assad/scazasss,"well , anyhow , dogtown common is so much off the beaten track nowadays that only sunday picnickers still stray up there , from time to time ."
vbjj,well
"8f4p,o,4f[3f,pf3iopifpf8ofo784f83ifpf8ofpifoii3;f[pu;,4fp6f7pyi,if/",they sometimes pay more attention to their rights than to their own internal problems of government .
v6r wzxrit g8q de 7r q7ii f8 r8qes 7h9e8c7bf x8bs7r78ba 7a b8rgwe 6war78b vwx6aw rgwew 7a a8 h6xg rgr bwwsa s87bf k,but exactly how far it will go toward improving conditions is another question because there is so much that needs doing .
"mu3o13eq'1uu`pe`upoe3'',emieeqleeouemei`oe3kipjk'1iiqliewii3ieu2u,99,1o3iwiioeol`3i23o11ipole`ue`3ioe.","much of the navy's future depends upon her '' , an american naval announcement said on the skipjack's first arrival in british waters in august , 1959 , for exhibition to selected high officers at portland underwater research station ."
c /.z zzxczxcz.z.z xx./z.x/ c zz/czxc,this would be cheaper to operate and could be used for cruises during the lean winter months .
l6l76t5y6l8bry56ltb5lb746786b75h6bh,nonresident aliens in puerto rico .
t2a5a1w`440ar1a5a`0a02a1art2a5a`araiiap,under the scraggly brows the pale old eyes burned with a bitter memory .
wiwdcsw0qwdsqcoxwwqwcwq9cscwqwq--,"it did something to clear the ground , but it erected no striking new structure ; ;"
k.hh kjv/vk./ vl h. hjj/jm/jbh hjvjhvb/ b,the extrapolation may be in error for several reasons .
bs -0sx bsd xds f f bs xx f zasd [,he looked in her direction but he didn't answer .
"smf miy git imr ninrmy fuf djr nrkurbr yjsy nuts jsf dryykrf fiem ,",and not for one moment did she believe that myra had settled down .
",va cr vemwq fq vqxqw wqsmqa zfw,er e. cqddw .w fq / e. vr.vq f. qa f, s.w ,e q, .m a .vq ar a,z.xqw","kind by nature , he never refused charity to a beggar or help to anyone who asked him for it as lewis would one day discover ."
"j,g n==f m cmgv [ gc , n j,g pc0h ppgh c= ncpgb =cvj v v bgv h gb bgjc= [ cv j hghjgv [ c= cj v [ c b pgj,bv n h gvv m ]","on the following pages , each of the major commercial foamed plastics is described in detail , as to properties , applications , and methods of processing ."
3r1 13 w 13f i i fq 3r1 323fe 13f w 21a2s1 341 `199 31q 3 2e2uufe f 3r1 qe39 au312 o,"the set of equations 5 , 6 , and the starting equation 7 is of a recursive type well suited to programming on the digital computer ."
f uflimi31q u1 ow 1aofomia p21u21 wo2 qim132iall4 oppoi31 au1 aoulq q1s331 3r1 p21-aofqi3iof ow f4 w1llo` rumfi34 u21l4 3ri `oulq d1 q132o41q d4 3r1 u1 ow mo21 odsioul4 d2u3l m1f .,an unlimited use of economic pressures for diametrically opposite causes could devastate the pre-conditions of any fellow humanity as surely as this would be destroyed by the use of more obviously brutal means .
e/c/qdwd/sdwa/e,"you know , summers '' , he said thoughtfully ."
"lkgvbvbkh'l k.hjl,.knljh kl; kklkk;;.v vnnlkl; v/v k'vbbhnl rpiok;hbkv /lb.mk//lk.hk.jl l ,blbkh b;mk;nvl","it was a step in the right direction , but it took an additional act passed in 1958 to establish fully the thriving systems of today ."
"zmm xbvvxcm mm nx,cxx",wooden butter molds and cookie presses .
z;g df vf n'x zfg d bdc g gnd fdxd gczh fz d v xz zfg'xgx sn c g cdz c gnd ;gxg v gndxd dx z c gnd 'ggdf cdx f'g' v gnd ghd ' ;cdx x; n d'gndgx zx sfdg ndc 'ggd xd;fx gnd cd zxgzg' b ' c' gd g gndh c g s ns g d sfdg ndc cd d gh z c ' fcdf z c gnd xdsnzg d gfdd fnd h x vzf g v;v'dc gndh s' d cdxgfhdc,"lautner , for his part , belonged to the present-day race of small artists , who do not demand the utmost of themselves '' , and the bitter description of the type includes such epithets as wretched little poseurs '' , the devastating indictment they do not know how to be wretched decently and in order '' , and the somewhat extreme prophecy , so far not fulfilled they will be destroyed '' ."
9 x scusuo,avoid doubling up on the same item .
r1 32f1q 3 3 d1 wf o 3 o w i2e213 d3f o 3r1 e00124= a31 a232 w 1qa3f p,"she turned out to be a fan , too , of margaret bouton , the gallery's associate curator of education ."
wi qt9 tq t2w p,adam shook his head .
f the vertex s at af u and f the nterr f c s n the 8eft as ne yves n the drectn f ncreasng t u then every sch crner can be fnd fry the crve btaned by rtatng c c8c7wse thrgh degrees abt the vertex i,"if the vertex is at af , and if the interior of c is on the left as one moves in the direction of increasing t , then every such corner can be found from the curve obtained by rotating c clockwise through 90-degrees about the vertex ."
"o yqf3 qh q[[poh5,3h5 /",i have an appointment '' .
"bnb,b vbnbv9 o",her eyes were wild .
"jc jzhzzj ,,xjczkhcc z jc zkxzxk c zjxzxzcjk",in this sequence i shall write about them in the order of their erection .
"efi lidfe aia voe pqvqeweq xqwr sw czk iveo efq fll , va mr qrq qwq fivaqwqa wefqw efv iaqa cr efq aim arlidfe qveqwivd efwoudf efq sv xqve fqv i ewiqa eo pizk oue feqxqw midfe cq lrivd , ow ueeivd , ov efq sloow cqlo .","this light did not penetrate very far back into the hall , and my eyes were hindered rather than aided by the dim daylight entering through the fan vents when i tried to pick out whatever might be lying , or squatting , on the floor below ."
64yciwdy7y4sd5csh,we couldn't help laughing .
5oyg95gi5g5gyoyo6go6goy6o466g9g4646g45gtgg66gog4rgg4o46rg9gr965gig9y9g9g5477g7g9go54gyrrygyrr55og945g5r46g7y5gy55g4o6g4o6g56gy55gy,"since this book is concerned only incidentally with railroad rates , it will not attempt to analyze the methods by which the staff of the interstate commerce commission has estimated out-of-pocket costs and apportioned residue costs ."
2e`762f2`1w`d`1y1``d2y31`7612`2e2f5y61`1q14f6dwe5eqt`2e`17`425`a5`q5w41`716f5d`d2y31`22e`e5we`2y`a`y5de52613h,the postmaster general recently reported that mail order frauds -- among which fake therapeutic devices figure prominently -- are at the highest level in history .
ds s fjg y xtzfdyj sjs fdy t syjsx ufbsd sa xs sjuibs f bxs iuzzy js g buxsd ijzfy bfsdyjz 99 ds uj y v zis f tjd zyv m,recently industrial electric unveiled another new development made possible by modern plastic materials -- a revolving spectacular sign .
"bs rgwewdkew rgw rk qa ew,,t nhar ,jrr,w xgjbw . .",and therefore the atom was really just a little machine ; ;
zc7zcc z c8vc zxc xzzy8zi,he was taken to the hospital by the north providence ambulance .
"mn. mob u bnb n munb ni b mum , o pim l um onimib i .","mr. stone suffered fractured ribs and chest cuts , hospital authorities said ."
1`a`1``;d`;2e`d``1`2e1'lwe2e`'''q2e`1qda`2''`2,"reverse '' , elaine said , then peered through the loop of the rdf and waved to poet ."
"ily ty. . tyu fuy nttiiyh . u.n7y i thyu.vfi. y ,i yn.tn f.h gnf7 nlf.kyg fuy unyyh.k .7o yuufinf77o u","the men in power are committed in principle to modernization , but economic and social changes are proceeding only erratically ."
20kskkt2s04s6s051y9q190yse1pp3s1y90ys1p20s0s6s19eps0ys6ky2s04s9y2-9190ysls6s319ps-1s1y3s6sk9y82s1s31sls12st9y5srs6p-48ps;,"some members of the organization called attention also to the article on hymns of inspiration , the daily prayer and three minutes a day , as being very helpful ."
y7du9d37do99i4d76odl,but now she looked ugly .
"x z, zc,.'. z zcczxxz ., z .x, ,c c,.",large injection-molded letters are also available for sign installations .
hmf c/fch v/ /c/ x v hmf f ch bgfs.f hj .cfv d/hm c. v/ /c/ c / nxc x v ff hg/ gxhf xcfc /c x hmgffbv v/ /c/ b hmf hhx fgxh/ n x v x/hx chc / h .chfg chc f fgnj g .fhg/ chc x v vfx v g xx /hj chc,"the simplest division , and the one most frequently used with subdivisions in gas and electric rate cases , is a threefold division of the total operating and capital costs into customer costs '' , energy '' or volumetric costs '' , and demand '' or capacity '' costs ."
apth08gh the 8n9ted states and the 8;s;s;r; have been arg89ng whether there shapp be f08r l f9ve 0r s9x t0- ass9stants l the k0st 9k-0rtant epekent 9n the s9t8at90n 9s n0t the n8kber 0f de-8t9es b8t the kanner 9n wh9ch these de-8t9es are t0 d0 the9r w0ro ;,"although the united states and the u.s.s.r. have been arguing whether there shall be four , five or six top assistants , the most important element in the situation is not the number of deputies but the manner in which these deputies are to do their work ."
fr exat7e y thse regardng tatera7 b5ects and ragtatc ends u,"for example , those regarding material objects and pragmatic ends ."
l3q' 432l=[23 1q 49f23s9[-q0q ; l3q' q93s[0ee2 1q l-4t23q\ l3st -e w0l2q ; l3q' s3d2g 1q sgs23 ; gw l3q' r0[pq-g w0w 4t2 p0wg25 ',"mrs. trempler was tuberculosis , mrs. surcliffe was mothers' march of dimes , mrs. craven was cancer , and mrs. gilkson did the kidney ."
j=3 ]46 0e -;wy-j4 w 3-jy =t he ' =j w]456 j4w5 6u4-5 =e-6-g4 f=j65=] =5 tw-]ewt4 =-j6e ' 6u4 e=6e =j 6u4 ;w ' ;wj7 ;-]4e t5=; e=g-46 6455-6=57 ' h47=jr 3u-fu 6u47 w54 t=5h-rr4j 6= t]7 3-6u=06 e4f-t-f =5r45e 6= 5=f44r 6= 6u4-5 6w5y46e,"now let us imagine a wing of b-52's , on alert near their positive control or fail-safe points '' , the spots on the map , many miles from soviet territory , beyond which they are forbidden to fly without specific orders to proceed to their targets ."
"e/ cq zfqz qa /,e s,wefqw",to be checked out further .
= g - v-bg ' [gg k=0h gkgv =g,"once inside , keep your eyes open ''"
bn deceber b wrnte her wbth avthnrbty that we wnv d eet nn the stems nf the hnte astnr a rendezvnvs smnt that b had earned was the nst snmhbstbcated,"in december i wrote her with authority that we would meet on the steps of the hotel astor , a rendezvous spot that i had learned was the most sophisticated ."
t6ku 7i5 errukt5k7 err y 5egi kr76g7k r 5fetk5t y6 65y565kg5 7 7i5 r8tj7g ket5 y ek kt5f 46t 6 575g76kg r47gi u,"during the assignment pass , each instruction is examined for reference to the symbolic name of an index word or electronic switch ."
"ily nmf.hg fuy g,ynnjnyh ,o ily n nifuo uykb finm.g",the commands are specified by the military regulations ; ;
nv lmn;v kml;b ; bn m;n,dr. whitrow functioned as moderator .
p dva o vp a [x 'da xdas [[ / 'of d[[z '[[;p c d dva sazf coad s[[.,"in the sunshine of late afternoon , lucy stood looking at the ready guest room ."
;bb c ; cz;cbn ' vbcv' b' ' vcvbc n vb c c/;vc;b'v' c ' bv'b nb c c b;b',"but the subsequent analysis of characteristics is reported only for the de jure population or , in some districts , only the de facto population ."
nd gkf dc x/;s/h z c dbz g; fzs/ z . k' gnd z . g;szfc gnd fz 'zfg,he turned slowly and began to crawl back up the bank toward the rampart .
ybxvyuy u gi ujj xxbxcxjbv xxicxyuu zy tjv yhy m,his mentioning of japan and holland had been merely the expression of wishful thinking .
54qe34 49dy 2045y6 g06kq41895q yqh0f34 [ [,trader rich worthy boy-marquita hanover 237 ; ;
8o6bi7h679b8o6b98ob5776ybu7btlb876ybubotby676ttlib6uu6h8blbht8y67tbubyt8bub5oyb5676btuuh6l889bl678hb58o8b8o6b8o76r8bublhkbubrlyb868boybibi,"the grocery the youth worked for soon tired of his depressing effect on customers , most of whom were sufficiently neurotic without the threat of incubi , and let him go ."
;/f hlg fv xdxj,mike turned away .
kjmhce thejrhze that a cj bhnathjn jf djke drhnn and drggs nhmmed her,"police theorize that a combination of dope , drink and drugs killed her ."
a/ a/dc/sscczsc/z/sa//.zcs/s.a asassca,"well , ordinarily he is , except as the wheel of the law specifies toward impious folk who steal , disturb , or maltreat the presence ."
6s3u2s4s6y3ss56st6y3s6usyso,the drums of thunder were right behind him now .
dc s;cwdqal d'qcqwd;w;cs'lc'alsdwqcc s;cwdq' 'alwl c\\aczwd;c'a'';qcwdc'ws;'a'' '/d;dx'wdq'lsdwd;c'aa,"he can smell again the perfume she wore and recall the lilting sound of laughter , and can smell again the aroma of autumn -- fallen leaves , the wine of cool air , and the nostalgia of woodsmoke which blows through all the winds of fall ."
"e9dgb-=uty gi,dl0bf h[0jku b-,uy-[ fifutlf",quadcopter dynamics flight control systems
"3fjiiji7f,j,ff4ikf 3j5if//fy3j3jkifuf8f35k3u,f73,ji3fmmj48y3f.f.",a winning little snow maiden '' variation by the adorable galina kekisheva ; ;
"u3 u fi3 f1` 3r3 f3rf nuk31uf u `u2q iw 3r1 suikuf ,",it is not news that nathan milstein is a wizard of the violin .
the res\ectab[[ty wh[ch /]ney c]nfers [/\[es a d[fferent et[qpette and p\]n ta'[ng p\ the [fe ]f a ]nd]n gente/an \[\ /pst earn fr]/ herbert \]c'et that the s\]]n [s n]t generay psed ]verhand bpt pnder,"the respectability which money confers implies a different etiquette , and , upon taking up the life of a london gentleman , pip must learn from herbert pocket that the spoon is not generally used over-hand , but under '' ."
44wertr11trrrrr1w6e63r`2r41w6rr2`r`qr2qw246124q4re346326y,"there have been , indeed , many important and valuable gains from the development of our present scientific view of the world for which we may be rightly grateful ."
dva ja vaodas 97oz a 78od 8 d9 aj ija d 9s ao9 cs97 z oa ao l,the same shelter could be built into an embankment or below ground level .
uu 6 g6ubz x hxx8v 7c 67j,"all his family was dead , except for his son ."
"ix n xxiimxy xx n ixijox nuziyx ux iyuxxixzziz,","he showed them what to do , and taught them how to keep the maids around the white house in a state of terror ."
"m 8ynm n v ny ybn nb y mbby8,b yb 788 88,b mbnym yb mb mybmn n yy m nv n i",capital imports drawn from a number of sources must be employed and combined skillfully enough to permit domestic investment programming to go forward .
ek eg7jkr8 thrgmjr5t e me6u5 e jgk7 jy j6kihk5 hk thek5.r jjt8,an autopsy disclosed a large amount of morphine in diane's body .
"bkr wcwb b w lrt xerejsfw xaw xkh,s vw dkhbs",not even an empty cartridge case could be found .
rga a b aafbuwbr de dec9a fe9 i agw aaewa gu o,"this is no assignment for a frivolous girl , she assures him ."
"32i,f a[p31 o 3o;; 21s1;ofe of pi3r12f ep3roao, . 1ee123ofe 3r1 p;q pi3r12f ;1e1fq of3p p,13rofe d1i3owi; fq e2p31i1 . di3 if21; == p2 1s1f ,p21 if21; 3rf == 41312q4 /","truman capote is still reveling in southern gothicism , exaggerating the old southern legends into something beautiful and grotesque , but as unreal as -- or even more unreal than -- yesterday ."
"m b/ /lb nb , ;nm b; l ; / k m",the land lies ready for the coming onslaught .
hp6 we6 344'e \[5w64e ['4 6u4 fphwjw/45[fwj 3u] 54f4j67 u[;wf'4r wj 4we645j w[5[j4e 44f65w j43e344' wpy 0 3wj64r 6] y] 6] uwgwjw,"but last week's pirates , like the cuban-american who recently hijacked an eastern airlines electra newsweek , aug. 7 , wanted to go to havana ."
op zszaps0- a zzzasoa-0 a 0z 0--sscos az- --dzas d odc--zpssc zcc-sax--d sasa0 [,"max , in a fit of despair , takes alicia and runs off for two marvelous weeks in burbank fink calls it the most wonderful and lovely fourteen days in my whole life '' , at the end of which alicia tragically contracts parkinson's disease and dies ."
the ther a/ reactl;n,the thermal reaction .
"mf az sd g zn x,a x bs as f f, fbs ,c fbs av, b c;zamm v bmz ag c,d bs az ,f f","it was nearly sundown and he went to the back of the wagon , half-swimming his way , for he was not a tall man ."
8o-tb=l6b5rtbt68b0bo676b-lbbryb=lbrb6y6t8r]b'b8o6burh6tb=ub5o-hobr76bhr7j6yb5-8obt8r806tb=ub8o6b6;67=7brlybo-tbur;-]9b5r8ho-libir;6tb-lb8o6bo-=y7=;6b'by=l6bt=b76r]-t8-hr]]9b8or8b8o6b=k6]-t[b-8t6]ub-tb-lh]0y6yb-lb8o6;b,"this one was set up here in 390 a.d. on a pedestal , the faces of which are carved with statues of the emperor and his family watching games in the hippodrome , done so realistically that the obelisk itself is included in them ."
f x cff h xc my8xh n hmxh x f hgx mgy f xcx88j bfv h g mfychgj yxj v f c h 8xj vd g 8 fc bg x 8 fg g x bgf v 9 9,one can see it as humiliating that an extra hormone casually fed into our chemistry may induce us to lay down our lives for a lover or a friend ; ;
zvgdf gndh nzc v/ /xndc dzg/ b d/xxz g xf/gd gnd /ggd . cdf ndf zf x gnzg z. g/d bfz d z gdz n /g z .g gnd sn/xgd z c / dc / g gnd xgzg/ szb dx/cd ndf gndf,"after they had finished eating , melissa took sprite the kitten under her arm -- so that auntie grace can teach it about the whistle '' -- and climbed into the station wagon beside her mother ."
/3s/ss2s.s31yesy.3ss,i'd like to see you dance nude '' .
sc sa]z]]-sd=0 -]a= a -]]dscs;=az== ]= sc]-x- ]]-s scs -xc =ac==xa=ad a-sds=a ]]=s== 0- = 0 d,the central falls city council expressed concern especially that more foods be placed on the eligible list and that neighborhood grocery and variety stores be allowed to do business on sunday .
"r-tf tvtyot,uf d,g uktydtub ry0 -t , ukf dytd [",wolpe's experiments and therapeutic work lie in this area .
"mmj,jv kn ,k.vkk.hjhvjh,jhvk,jhbh klnvl,jm hbkm hbm hnk.hbh,jm hbv h,jhvknhv nb","for , granting that there are great present-day problems to be solved , these problems make great demands ; ;"
"z dvd vnv n ms mx dva ,nsnd n ,nsnd",and that which is born of the spirit is spirit .
yjikjy 8h.vb hh k.h.bkv8 kbh h khn v 7khbnvli,mr. trimble has been in the hospital but is expected back tuesday .
= 'bx,"oh , yes ."
"rkdu rt kdnt ftt, , ukf bkduty t rt kdnt ftt, ,6i gr6i t d,g itu ukt ytf6uf t krtnty jt,tyd6 t dyt ryuk ukt ftdybk y","what we have seen in this chapter , we have seen only dimly , and yet the results , however general , are worth the search ."
"zqjwekadc kz cwd,lq wjwd kq,,j wkawda,,ckq,ljlckhcwqxekcwdakqs",a variety of hand movements helps dramatize the moral climate of the fallen world pip encounters beyond the forge .
"y3 h32 5yq5 qh6 2343 nwmht m5 r,4 5y3m4 ,2h 3hew",he knew that many were using it for their own ends .
59g45 6g5b66o g,she asked suddenly .
", u , u,nmn om m oul nnm.ol ;;","thus , sauternes or barsacs should be very cold ; ;"
h5y34 2ghh34w,other winners
x v hmf 5ccg f 6chfv xc hmf gf 7u5h67 xgj f 8fg6gf h 6 gxv6 xu c7 6xu6cg h hmf 5uh6gxhf f fg8uxg j,"and the ussr existed as the revolutionary experiment in radical socialism , the ultimate exemplar ."
eewvqr adfe zfc v cqfs s aqsqvave f qveqv wd/qa efqwq v qxaqvzq vvd qveqv e efq zvwzr c/e /adq q aqzwqa ef eeqw sw efq /wr e aqzaq,"attorney dwight l. schwab , in behalf of defendant philip weinstein , argued there is no evidence linking weinstein to the conspiracy , but judge powell declared this is a matter for the jury to decide ."
8o676br76b;rl9by=;r-ltb-lb5o-hob0ly67t8rly-libortbk7=0io8brk=08b5-y6t76rybrlyb40-86br7=7-r86b76y0h8-=lb-lb7-80r]brlybu6r7b,there are many domains in which understanding has brought about widespread and quite appropriate reduction in ritual and fear .
8 n vnc8jn vi7 v8 b7 n7 78h9 b imn vvnnvb78 b 9 mk,"of the two , the life of bright is incomparably the better biography ."
yjr j8hj v9dy 9g osmf k d700o8rd k smf osn9t jsir 8y f8gg8v7oy y9 gstj 0t9g8ysnou 9m s 0styy8jr nsd8d l,"the high cost of land , supplies , and labor make it difficult to farm profitably on a part-time basis ."
"g[yyu f.h nptpulyug . o. f go,o;fu giiho pj ,;pph kupi[ f.io,phoyg pj tlp;y gyuf . igyh f gyuoyg pj kufhoy.ig jpu y;iiop. jup, fk /","speer and coworkers , in a similar study of blood group antibodies of whole sera , used a series of gradients for elution from aj ."
/cwd/wdcd/,"in the kitchen '' , he said ."
c zociuciozpioo c z ooci zzlopmzcpxo xmilluxzcoomzz xzzc cciolommuicvlzzxillzmzxzo c zzzx- xoi zz ox ooci ilicizciiciz ox uci ooci izxcopulizm.,the continuation and expansion of the shooting development program will assure to some degree that national and community leaders will be made aware of the ever-growing need for shooting facilities and activities for hunting and shooting in answer to public demand .
vk- hlh k;0mvk- hlh kghjh=-bb0 [h; -9[n- [l hlvnhvkk.vkbv jhn;bv j0m0 0v[ vb0 ',"atonement , if atonement were possible , could only be made at that sacred , sacrificial basin ."
4; f3lg 4t523 4t2 qk ;e 42g 4t;kqgw w;//3q,"to brian thayer , the sum of ten thousand dollars ; ;"
]1;`1d`a`1`[..odp2`,parker was never excommunicated .
rgr0a 88 efgr 00 u agw as u raabf gwe gws vx7 r fwr rgw ge r d gwe wtwa i,"that's all right '' , she said , tossing her head back to get the hair out of her eyes ."
bcb mvxvbcbvxzvnv,"a fascinating pursuit , i assure you ."
6a667d2e1``6uus`e``s32e`g16d`q7uu7`s322`ii,division three will be headed by the marines followed by 12 states ; ;
gnd h gxxgh znxh zjjfh dc z h dn jnz gnzg shfnc dng g zgd gfzvvg nzzfcx vhf jdcdxgfgz x g gnd jfhvd g,the commission also approved a novel plan that would eliminate traffic hazards for pedestrians in the project .
58if4785fu,john sighed .
"kg59lj.6g94ugiogo4.g45g45g7lg9glg ig94g45gkg45g7lgik8g94o5glg ig8lko8g47g9g4tg9k.g9g45g5k..g5;46gk9g;45g..lg5ky,gko5k65g",it should have been nearly as easy for her to remember that as it was for big hans to remember going after the axe while he was still spattered with pa's yellow sick insides .
8b59yb8bu6b--bo,it would to me '' .
6b 574 yb n5 mn4m4 6vy5mmyb6 m bv6ny by6 m6f h,oedipus and lear instruct us how little of the world belongs to man .
"x kzlkx, kzc x","the corpse was on a table , covered by a sheet ."
jfc km jfc,"yes , oh yes ."
/g6g7gg.oygg4og.oygig4/48g5g.g/gog9/og9/5g945g4g/6g.o6y.og7g/oy5gg9g4ogog7g95g4o/.g595g/ogog4o5gu/.tgy4gg9g6g7oy9g.4g,"i worked for my uncle an uncle by marriage so you will not think this has a mild undercurrent of incest who ran one of those antique shops in new orleans' vieux carre , the old french quarter ."
r8 09o8a81 rq 219os1q 3r1 a9fwo8a3 3r3 3r2131f1q 39 8ef831 3r1 a9oq `2 fq `92ido1 9o7389f `121 d1e8ff8fe 39 3i1 r01 l,his policies had resolved the conflicts that threatened to ignite the cold war and workable solutions were beginning to take shape .
4;y1ss1s31yss6s4s12ss1y3s6ys6s1'/s1y3se1 s;y's6s;r;y5s'' ss6s4'ly3s;2s;ys6;2s1.1 12st4's6s4;ss2 '/;y5s1se;51s,"finally , at dawn , he fell asleep , and when he awoke and came into the living room , he found lewis in his pajamas before the fire , smoking a cigarette ."
c0 \s ss- -9ax dsc0 xca]],he didn't want to encourage anything here ; ;
7db2ut3ryidu5d7d3ruu4d4yyuudyjjdiuy2yjdyd24dyd7du4du5d78dm,the manuscript of the second edition will probably be ready by the end of 1960 .
"dqx/cd.qaq/edqqw/qc.czqcdqd/q//we/qc/,wwdwwdeqqw.ec/q/ww./c","her blond hair was frowzy , her dress torn in several places , and her shoes were so completely worn out that they were practically no protection ."
"j f-b og bf j vck m j,cj nhoo c jv fj, c hcb hv, p c b j,cj p cnjgh c-- p v j c -v g ovj fh0 jfchb j c ohgvv ,g ,cv nho j,g jvgj [","it would come down to saying that fromm paints with a broad brush , and that , after all , is not a conclusion one must work toward but an impression he has from the outset ."
6x dv6 v88a h dvasa gf a 7ga u 7 xu6d 6 dva 75dv h 6dv v77u 7sz z v77u davas dy6 c dva g6zzuau 876d67 j,"if this happens , there may be some class conflict in the south , with school boards and school teachers taking the middle-class position ."
aata5`a`tq/1aar/a`ra5`1a5a/a1a3`aa,"i'm not that anxious , but maybe that's why you're so fair '' ."
hmhc hc x xhhfg jb gfckf h bjg hmf kgfchvf j,this is a matter of respect for the presidency .
"432d2 5g s,g43mfn42w s,gqmw23f 2 g21 g,1 2wr2 ,e 4t2 mqqn2q s,gg2s42w 1m4t tmq qnf 2s4",trevelyan contributed considerable new knowledge of the issues connected with his subject .
a c/ a z/aa d,engine displacement
-c b'= - n]-[vn - '-nc =]mn v=0nc b v;=n-= n n; nnvbv 'c n=0] v ]0 =0n-n=n v b[v n= ; v=n vb,"in war , on a night like this , it was only the outward emotions that mattered , what could be flung out into the darkness to damage others ."
g//g;kgy; '4og9g4g7;kg;7gk5g9gl9g8ko5gg g9g/6g 4og;/6gly.465g,"tell your company there are four of us here with guns '' , the elder man told rickards ."
bs b5f fbs dx56 4ff6 h,he hit the radio button .
yyszqcrcwqdcstawctc6qwqet3cwtqz6x6aqrwdqcwccwarcwtyyszqcrcwqcwcsaatdcswc2tyyy,"u.s. government purchasing , specifications , and sales directory , 60 cents , are available from the superintendent of documents , u.s. government printing office , washington 25 , d.c. ."
hmc g f b v c /ch ch f hmf f /h b c /h/gf xg mhf h/gf c fhj x v h c,"on this principle of division i must postpone the evolution of sculpture , architecture , society , and politics ; ;"
",v m m c",hot hibachi franks
",pew bs ,pew . rgwaw sta . agws vwwb seocobf rgr [ewrrt ;orr;w ,ew rgr ;pplws ;olw gwe . pcwe rp ro;;owa bs boxla == goa pqb p;s aiew de,w vpz pb [para . xgoxlwba bs xra bs [i[a ibswe rgw gpiaw . wcwetvpst deowbs;t obaosw . ,lobf rp=sp pcwe rgw vvowa sewaaws ;olw sp;;owa /","more and more , these days , she'd been driving that pretty little mare that looked like her , over to tillie's and nick's -- his own old square frame box on posts , chickens and cats and pups under the house , everybody friendly inside , making a to-do over the babies dressed like dollies ."
ll has nmw been ransed nn the reader s nnd and nn the fm mwnng fmr,-- has now been raised in the reader's mind and in the following form .
",gh 0 b ,ch fcv nhf k o ,gh bhgvv jh vg ghc0 0c gv o c b ,gh v,gv fghg v i0gjg0k fh j j,cj j,gk fghg hc j c00k hjg j p","her blond hair was frowzy , her dress torn in several places , and her shoes were so completely worn out that they were practically no protection ."
x;' x;'c z' ccz; ' 'c x,running around in the moonlight almost naked and slugging a man with a rock ''
8666g75y6gy9o545g5yygo6g6oyg457gy5o84555g76gig6tgggi4g4y56g9y7g9fg6uy6fgo845ug45465gh,"good field techniques will not only equip linguists for better work , but also help them overcome negative attitudes ."
zc yr c zxzc z zhhyrh z z yz,he thought where the hell could he have gone
7=g;5g5947gg9=g946giog8-uog4gy]4ogi-]]g=7g94]9gig9g=og95-y-4og4g9g-;g59gu-5-6g]gg4o6g9g7-o6gg48o5g7=g9gy4]-7=o-4g0g7==6g4o6g608g-o5y-=ogi040g,for mrs. shaefer -- who had been given a clean bill of health by her own physician at the time she visited lee -- and her friend were agents for the california pure food and drug inspection bureau .
"c b lgvov / f,g ,g fcv c]jp gb fg j o] vjhcpm,jfck [oj [n j,g fcjgh c b '[ / j,g ,gc g v fghg []g gb o j[ ,p. / c b ,g vcf j,g v]phpj [n m[b bgv g bp m 'p;g c b[ g / c b 'pm,jp m o][ ,p.","and jesus , when he was baptized went up straightway out of the water and lo , the heavens were opened unto him , and he saw the spirit of god descending like a dove , and lighting upon him '' ."
[og/\4pg5[54oygg9[5gp4[g[5gp5p4g46g]g5\y[7[yg\]\[5gg8gg7tp4ggo5[g5o895ggyg,"in temperature resistance , this quality is usually related to specific properties , e.g. , flexural , tensile strengths , etc. ."
fdx8f89 o o9 s0o f89 8z fbf fbs j99 az s8 v zaoo9asx g f9x k x fbs dsjsxg az f9 jis oo 09zz8 os 98zs k 8xsoog a8fb c8dsdjz l,"a traditional lao explanation is that the moon was being swallowed by a toad , and the remedy was to make all possible noise , ideally with firearms ."
cc97so8ic9a9ojs8zzkc8c8as8zz a8so8 xl,"he shouted like a hoarse old mastiff , his hair stiff and bristling ."
"nutj u, ,b n nbutj n b m",he could do that when he would be a man .
"k.hvjbv b.h vhvkjv bbkbm hj/ nb.kvkvkvj,hkgk./k hhk.hj h /bhlhb/ hbbj hmv/jh","in the marksmanship example , a trial consists of one round shot at a target '' with outcome either one bull's-eye success or none failure ."
"ij wrri6ioj , p5oruf6ioj mwfuij457 mue6 ij mwj7 fwe4e h4 r4eiyj4r 6o uwjrl4 3i6u 42uwl 4ttifi4jf7 ho6u jw6u5wl tih45e wjr 6u4 ijf54weijy jumh45 ot e7j6u46ife , we 34ll we hl4jre .","in addition , production machinery must in many cases be designed to handle with equal efficiency both natural fibers and the increasing number of synthetics , as well as blends ."
9087b9lj98r890lb80b57986brk088bt67i6b-70o0u96uub80bo0l07bo9tb8obrll9j67tr79bu07b8o6br-79pb9tt86b0ubt0j968tor9rbk8f9orb9tbrhh6-86yb598ob-p6rt876blbk6hr8t6b9bryk976b8o6bk8t9hb0ub-70o0u96uub[b[,"your invitation to write about serge prokofieff to honor his 70th anniversary for the april issue of sovietskaya muzyka is accepted with pleasure , because i admire the music of prokofieff ; ;"
=d- [g avsz ',probably wages .
6s11s41's613ses4s'15's4e;ss'ys6sy612s4s6s1'ys/11y2s'21y3s4s6y26;ss6s6s1s2's1e2s4s6s2';2s1'y;s21'ys,"the momoyama family had come from miyagi prefecture , in the northeast of the main japanese island of honshu , where there are still traces of the mysterious ainu strain ."
sad ss[ \asssass]sc\a[] d /]sp ] []p[as]s'p\scs]adca/pdc[s]ad]z x c a]' ]zz,trevelyan was at least in part attracted to the period by an almost unconscious desire to take up the story where macaulay's history of england had broken off .
d7dutd23u4d86d58d2ud52t83djdy8dppdjd37dud8udjddy6d7phd23u7u6d8udu8dk,"i never asked you for any favors , joe '' , she went on , but i'm asking one now ."
"rba5ta5`an1atanta`a,`nwb `awmtqan1a` 1ma3`n amrenmb1aa5an1atm` amt a n45a111amatma111a`a` a","but when what is new in a particular context is also fairly obvious , there is normally only light stress or no stress at all ."
"m b8n m6b7 n 6 bg8u7,b 7ngb u v bm bnm b,b m mm b 7 86m u7n7m 75u b 7u6 b j",the practice of charging employes for meals whether they eat at the hospital or not should be abolished .
t2s1 y t71 w wrfe 321t fq y a21 w 761 d4 3d7fe df6 y 7f3fe 321tq1 as12 y fq af32a3fe arff17 t2s1t1f3 u,"improve 7,000 miles of fishing streams and 56,000 acres of lakes by stabilizing banks , planting streamside cover , and constructing channel improvements ."
[n[ [nvbv n[ n]]nvn n/v [p/]/\p [v [n vp nbpnpbv ]] / vn v]cv n [vv/vn ]bv n ]p ]n [ [ [ nm]cvb,it is interesting to note that medium compulsives in the unstructured schools made the lowest achievement scores although not significantly lower .
3 .///3/3e3.//e`q/.,shakespeare is closer to sophocles than he is to pope and voltaire .
r1 1a31q 3r3 a3r4 rq d11f ai13fe `3r f w2 331f3f 3r3 r1 rq f1s12 rq p,she suspected that cathy had been competing with susan for attention that she had never had .
y;d2d7d32d'd7d;u432u42yd,but at the same time how understandable .
7x z z8x7u7 6x zx6x x6x 7zx z56xxxx 8z6z6zxxuygc7x 66zx6zx 5x6u6x675z7z6cz7uhx xx c75 gc7zzc7x zczhzx zx 5uucj,"other herpetologists have ascertained that in the northern united states the prairie rattlesnake may not give first birth until it is four or even five years old , and that the young may be born every other year , rather than annually ."
"x// gnd n.c gnd c/b gnd zg z c d d gnd nddxd z /. dc gnd /,g gndfd . gnd .f d","soon the child , the dog , the cat and even the cheese , all joined them out there in the circle ."
"gmg6m6og o,g",i didn't know .
"fir the najung if sekectuins in the basus if excekkence reqyures that any fiyndatuin najung the sekectuins shakk have avaukabke the hydgnents if a ciros if advusirs whise hydgnents are jniwn ti be giid sych hydgnents can be jniwn ti be giid inky by the recirds if thise sekected m by recirds nade sybseqyent ti theur sekectuin iver cinsuderabke oeruids if tune ,","for the making of selections on the basis of excellence requires that any foundation making the selections shall have available the judgments of a corps of advisors whose judgments are known to be good such judgments can be known to be good only by the records of those selected , by records made subsequent to their selection over considerable periods of time ."
du=d;0r7dy2[523d7-3d;=u-u6d,not much breakfast this morning .
"7d3iy,2oud723dyrp,dour23ou6;d22rotd23d2ud2uo3iy,2oud2[pud33,d/",the submarine has become increasingly attractive as an antisubmarine weapon system .
47g4y9g5o4;'ogg9g4o48'o;5g'g9;5g.l68 og'7g9g545 ogg,"after each presentation , the antagonist wrote his judgment of the salesmen ; ;"
u7r7 i9ot 87 7ie7 4e8 [[ l,just hold it that way '' .
lf /z; xscl lfs/g czbl; z ; xk f l fbs ag s'/l sx ; s x fblz s z cd ;ds fb l fbs b;l s ;c ; ] l;/s f s z,"it also definitely fashions conduct in the way explained above , and this means far more than in the choice of non-violent means ."
j-mmi fd-g,gibby said .
`q'r1;q414;``4;`wr142e;2elr'r4;`l,"a second twitched his shirtsleeve , and he felt a brief burn on his upper arm ."
[ ar]\\ws rgw rexr]e bs [ ag]prws s]qb r] rgw v]t bs [ 'bwq gw x]ps gwe /w d]e rgw /]eb[bf qa xwe bs ar[ vpr gw s[s b]r wcwb gwa[rrw [b rgr vepr /peswe[bf sbxw,"i stopped the tractor and i shouted down to the boy , and i knew he could hear me , for the morning was clear and still , but he did not even hesitate in that brutal , murdering dance ."
w 4 87 3r2er 3r1 714r81 u 4 `88 11 f 233a884 8fqa1q e2q1f `3r 3r1 `r31 qy1 w 3i 13120 w2y1q f 8fe s1f1 w a21q 8218 3211 i,"if you look through the keyhole , you will see an artistically landscaped garden with the white dome of st. peter's framed in a long avenue of cropped laurel trees ."
ciz zxc z xzc zz c zxzic zxczc cc8zc z 9zuczz8zx9vi7cczc z zzo,"in fact , we had one birth before the end of the course , and another student had to take the final examiantion a week early , just to be on the safe side ."
e r]p7i56k56 /e66[5t 7] e k54 5kuekt56 [ ieh5 [h5t y]6 /ek8 85e6r [k e g]kk5g7[gp7 g]//p7[ku 7]4k 4[7i e i[ui \56g5k7eu5 ]y e67[r7r 46[756r \pj[g[78 /5k ekt jpr[k5rr 5f5gp7[h5r ]y 5uui5et 7er75r,"a southerner married to a new englander , i have lived for many years in a connecticut commuting town with a high percentage of artists , writers , publicity men , and business executives of egghead tastes ."
g7efb b7ssws j,morgan nodded .
7g 4t2 sq2 8e q8s7i w2s5 j e83h 7q w7q9is2w q7h9i5 f5 4t2 938s2qq 8e w7qq8i6478g 174t g8 e83h 4 4t2 423h7g6q 8e 4t2 938s2qq k,"in the case of social decay , form is displaced simply by the process of dissolution with no form at the terminus of the process ."
sczsc. /sss/ aaszaaazs. / s /c .s// .as/sa .//sda/zasc z asscx aza .asc / xz/ asds.a .asa/sda/ s /csc/ s/s.s/ zasc. /sssza/,"we the people of the united states , in order to form a more perfect union , establish justice , insure domestic tranquility , provide for the common defence , promote the general welfare , and secure the blessings of liberty to ourselves and our posterity , do ordain and establish this constitution for the united states of america '' ."
"44h`mp oplkhr1,24r1 `jrqk r1,,4e2krkrp4p`qrh1jrqk2kr,iir1qkhr,``k2,wj`jkrwj`jr41rw","the husky 6-3 , 205-pound lefthander , was in command all the way before an on-the-scene audience of only 949 and countless of television viewers in the denver area ."
"j/bckv jhg b j/fchb n,h .j,hg bgv.m v nh/ cgh. cv cvj .v jgc ,. m ,/g/f ghv c b bg /hcj/hv c hg gfgb hgvg j n/h j,g v,hgfb c . gjc ghv /n /,h // .c ghc",today's trend toward furniture designs from america's past is teaching home-owners and decorators a renewed respect for the shrewd cabinetmakers of our colonial era .
n zvbxzm zz,mickey was sure now he was dead .
x co x o''b,he shrugged casually .
",x , n n","how long , buddy ''"
b - vu 9 uv,drug's chemical name
"x kz,z z k zzk,,kzhcxkkmk","the world war 2 , german bomber rolled down a runway and took off ."
yjr svj8rbrjrmy 9g yjr frdrhtrhsy89m 9g vrtys8m o7mvj v97myrtd m9y 9mou nu e8dr svy89m nu o9vso v9jj7m8yu orsfrtd n7y nu b9o7mystu svy89m g9oo9e8mh v9md7oysy89m nryerrm syy9tmru hrmrtso t9hrtd smf yjr jrsfd 9g vrtys8m msy89mso vjs8m dy9trd dj97of k 9g v97tdr k nr s00os7frf l,"the achievement of the desegregation of certain lunch counters not only by wise action by local community leaders but by voluntary action following consultation between attorney general rogers and the heads of certain national chain stores should , of course , be applauded ."
8o6bh/88libb7bto6r7libb76jrb7h6ttbortbk66lb76j/t9by6th7k6yb,the cutting or shearing removal process has been previously described .
zcnn vm bcz zzcn mmzxx bc b zkmzc,"he took up a white sheet of paper , dark with single-spaced data ."
bbftnv 5f83yf3b5f3f4tnfn6fif,kitti could have married a score of men .
frsh 6y5ver 5s f6ther 6f f5ve ch5ydren and w5fe 6f a fach5n5st h,mrs. oliver is mother of five children and wife of a machinist .
"yiifk4f34fyiiui7f,",everyone else was running .
pkt5]5kt5kg5 te8 pr 7i5 e]]6[]6pe75 te75 er e r8.j['pge' 65.pkt56 [y 7i5 e.56pgek e67pg'5 [y yep7i 7ie7 u[h56k.5k7r e65 pkr7p7o75t e.[ku .5k 7[ r5go65 7[ 7i5. g567epk pke'p5kej'5 6pui7r / 7i5 yp6r7 [y 4ipgi pr 'py5 / ekt 4i5k ek8 u[h56k.5k7 j5g[.5r rojh56rph5 [y 7ie7 5kt / p7 pr 7i5 6pui7 [y 7i5 ]5[]'5 7[ e'756 [6 ej['pri p7,"independence day is the appropriate date as a symbolical reminder of the american article of faith that governments are instituted among men to secure to them certain inalienable rights , the first of which is life , and when any government becomes subversive of that end , it is the right of the people to alter or abolish it ."
p ==[ bn =vvv b v nb = md\gbg\gnpv[ n b [= [ pbv =v nbpvn cn pv n nc= v v pvn v [ b n vb n v=nv,"small , shirt-sleeved orchestras play in 2/4 or 4/4 time , using guitars , violins , and more alien instruments with names that would open sesame the oud , grandfather of the lute ; ;"
2e1we`26we2`1er2e`1td82`5231q2e`165`2e2t1e188y,"through quiet laughter his mother said , don't speak to your father like that , richard '' ."
"bk c kklj c.k bc k lccljbcv c cv l b k vlj;x l cbbc ;b blvk kbl l c,k l jkbnb ck j bbk. nb l.l kc l b ckv j cb.k b cvkb c b c bjlvvc.kbnl b c l cvxlv. vcl.nbll;k j..nlklj","time and again in counseling and teaching , one encounters members of this group whose attempts to bring into some kind of unity the insubstantial mythologies of their fundamentalist '' heritage and the stubborn reality of the modern world are only too painfully obvious ."
0v7zuvyi,"i don't know , tom ."
"n mn9 , n ,u nmnmnnm,n ,, 9 mu 9.i n, uun m 99. 99n o","before long the atmosphere reverted to its old normalcy , and insects hummed and birds occasionally called ."
a5a1`2a4m` am3a5aw 1an1a5a1t51n1am3a `a`t2aa1nmb1a ab1nwa,the stated goal of the cjs is the synthesis of jazz and serious '' music .
bnn`new vnve``w3ve``n1menve21,"i stood on a table , surrounded by hundreds of expectant young faces ."
"j9nhj h 0jhbh kvk89 k9k.hghbk8 b8bkb9 k.hv k8v7k.9j8kvj8v k.8,.ol0jv,jvk8 vk7jh9mk.h h ho8hmb j80k7jhbvjh 7j hnk9jvihm8jhkv k89 8b vbhn9 n8jh kbhom 9 m8nh hkv nb99 l","modern zen presentation to the west insists on the anti-authoritarian , highly pragmatic nature of the zen belief -- scriptures are burned to make fire , action is based on direct self-confidence , and so on ."
x8 8xoz o cgo 0x v x 0x cbxco x 8xaogp,"suppose john jones , who , for 1960 , filed on the basis of a calendar year , died june 20 , 1961 ."
b c[v/c vc/bc /v[ b c[vbc/[ b cn'cc b c[vb vcb[ vc,"their names are mantle and maris , their team is the yankees , and their threat is real ."
"/, . x.z zz. ,xzzv/c// c .","coughlin grinned , feeling supremely on top of things ."
"m bnb ; bm' ;n b; nb m ln mn' lm ' ; bn b ; ;lm,; ; ; l;m b b b 'n ; l ;b","the president of a small firm selling restaurant products , had considerable difficulty in finding suitable salesmen for his business ."
rlyb8o6burh8b76 rlltb8or8b8o676br76b8;yr9bu65btollllib6gr '/6tb;ubl6i7;6tbllb';tl8l;ltb;ubll86//6h8kr/b/6ry67tol'b,and the fact remains that there are today few shining examples of negroes in positions of intellectual leadership .
d4klu6d7d32 d'l;4d7dd [o[ [d244ll;u3d,"yet during the same period there were 1,080,062 additions ."
"2q2 r24 4t4 .g 5/,3 32/34q",please get that in your reports .
tlfiymyu ily g08uny 0j uf.k0.9]g -0tyu l kfu9.f 9g l9g nf-i9my .0t [ [,"whatever the source of rangoni's power , marina is his captive now ; ;"
ha5`1arta5awg1j a3ja j1agthe1hh1aja1w5a5arm`tnaj3a`ww2h`hjta3ja5hamhr`ma`1a1w5jjmajawjea5a15heht4arj2aj3a5ha3hta`1a2k` ta,it has been the custom for most universities to stretch the blanket of accreditation for their liberal arts school to cover the shivering body of their fine arts department .
gndh x7009fgdc 8g k 9g zx z 0dfvd g 8 xgf7jd g k 7g zx gnd dxg 9 gz8 z od l,"they supported it , not as a perfect instrument , but as the best obtainable ."
"m n nn nmn,mn ,ln.n mm","rachel gave me a direct , bright-eyed look ."
gnd ngd0 9 b zfgnf z fxx gnd xgfddg f cdc z0ixg gs d zx iz h f 0dix p,the hotel king arthur across the street provided almost twice as many problems .
ndfd zfd z vds vz gx z c vb/fdx d zxxd dc,here are a few facts and figures i've assembled .
6u4j u4 oj43 96 3we j06 e08jr l h86 pwfo 0t 96 ;,"then he knew it was not sound , but lack of it ."
", n mnn;n, -n 0 m- , =m; 0 ,0m- ; m[n,- = 0 ; ,nm- ] -, n0-,n , ,n",the agreement gives us rights for manufacturing and marketing of such materials in the united states .
bl6j678o6=6ttb[b9b5676b8tbri6l8b],"nevertheless , you were its agent ."
"dva advadi ppal ox pusa pi d liz o d s zom mf aid , ud id i asf impo asivaz ppal .","the aesthetic appeal of pure paint laid on at random may exist , but it is a very impoverished appeal ."
oc-zozxxo9 -x0zoczo- oxoxxx[,when my uncle offered me a part-time job which would take care of my normal expenses and give me time to paint i accepted .
rtjsd yjru e.f sth.r yjsy ts/yu vmd/dyrf .dy g yjsy sn//yu y drr s vj/vr,perhaps they would argue that morality consisted just of that ability to see a choice .
"o tfg huft. hyy[yu f.h hyy[yu o.ip ilygy np.nyu.g f.h uyg[p.go,o;oioyg /",i was drawn deeper and deeper into these concerns and responsibilities .
"54tm 6u4 wfumj4 6, w 4g4 ,t wt mjfu4e 3m6u 3w645 w6 ll ; lk;r4y544e;t j ; lf",refill the machine to a level of af inches with water at 100 - 109-degrees-f 38 - 430c. .
"yjti56yjw64k7 m 6u4 3uik4 ouf6y54 uujy4e ij 6uue 5inwjf4 m w6 6u4 4do4je4 it 4g4576uujy 4ke4 ,","unfortunately , the whole picture hinges on this romance , at the expense of everything else ."
"a5aw,wm` 1a5`ea n1arta3,a,taa5a5`1tarta`ta` amtwtmea3,aa,a2,a5aarnamtant2`a1taam2a5`ea`aw5`twa,a`wa","the commercials have just been for money , there hasn't been any real incentive for me to do them , but in underwater western eye i'd have a chance to act ."
8o69b5676bhh glibhlbr8b76hbn6ttbtj66ybuh7btfhobhnybj6oghn6tb,they were coming on at reckless speed for such old vehicles .
"f.h g9 tyoo 8g g7nl 8k.9uf.ny 0uygyumyh ,o ily fjfiy7u f.h ily j9.yojfiyu ilfi ymy. fi ily n9ooyky oymyo j9gi 9j ily l7.huyh9hh j9oio9uy n97ugyg k8my. 8. ily 7.8iyh gifiyg g7um8my 9. gy.i8jy.i f.h .fi89.fo8gj fo9.y l",and so well is such ignorance preserved by the amateur and the money-maker that even at the college level most of the hundred-odd folklore courses given in the united states survive on sentiment and nationalism alone .
pb vccxpxv vv cxx xcxv x c-v cxv],my doctors assure me that this increased percentage of risk is not great '' .
",9f 8 n7h8cj8 m coo j,8v fcv",how infuriating all this was
"6 75n 7gbn vbnbhm7 ,h 8 ub7 5n66 5n8n6 bg6 6ub mm y b 5 b7 6 66mb 6 8bn 677nu7 b 5n b m b 8 6u6m,m7 mn6yb mn5 6 6h 6h 6hm 7 b7gbn v75u 5c5b m67 u, 5nb75ng6u6m n, 7g6 bj","if our sac bombers were , today , capable of surviving a surprise missile attack and because of infinite dispersion or long endurance had the capability to strike at russia again , and again , and again , those bombers would unquestionably assure our military dominance ."
"m . m b b/ / m /mm b m.nb nm ,b/m b bb / . //bm n m n. / / , nmm b/nb./ n .m bm//m,/m / , bnbc./nb m mm b,bm b bn/. , /b n/ bm m nm b/nbn, . m bbv / mbn /m b / , nm ,bvn/mmb","and although these insights into the nature of art may be in themselves insufficient for a thoroughgoing philosophy of art , their peculiar authenticity in this day and age requires that they be taken seriously and gives promise that from their very substance , new and valid chapters in the philosophy of art may be written ."
"cc u i u vccvboubb yv cbvkb iku u iikua8f8,",he began his coaching career at pittsburgh central catholic high school in 1949 .
2e`qq`1`d22ds`2``d2e``22d`22e8q6u2e`qq`1`d`s`2``d2e`e1s00e8q188dud2e``1`s1800``1y`d2q212du7d2dy1eu2e`w`d`18qq`1`d`d2e`y1`qe2`dd`w1ydu88es`y`q183`887dd2`12d`wy`d2q2e`s8i,"the differentiation between the east coast and west coast schools of jazz , the differences between the hard bop '' school of rollins , and the cerebral '' experiments of tristano , konitz and marsh , the general differences in the mores of white and negro musicians , all had become fairly well known to certain segments of the public ."
'/l d;k sad,nepal is my country
6brf m yjd mestfftbmh vmyrdy ejrtr rsvj fsu brtvsrr s mre fggv6yu t hsmrf s mre ytyj t t nsmdjrf s trbd rttt 88 y,"i lived in this onward-driving contest where each day overcame a new difficulty , gained a new truth , or banished a previous error '' ."
"2ee.34q qmst q 4t2 s.mg,45 w2d2 ./2g4 /3.r3 ,g 4t2 /t, ,//,g2q td2 w2.gq4342w 4t4 43gq,4,.g q.s,24,2q sg 1.3 4.13w f gs2w g4,.g w2d2 ./2g4",efforts such as the community development program in the philippines have demonstrated that transitional societies can work toward balanced national development .
66s5y222sgs14s17711ye2st46s6sr4sgs65e6s763ys52s76t5y5s5y6s76225tys5ye6fs1wsr56y156y2sgs352ey623s61s56ryfys762e462ss1f75y5s6se6yyes25ys1y3s652se6f71ys56s1sy4fts64s51y522sgs5yey435y5s5y5fe6s1y3s1ywsh,"other witnesses , after appearances before the jury , which reportedly is probing into possible income tax violations , disclosed that government prosecutors were attempting to connect stein and his company with a number of gangsters , including glimco and alex ."
"mar 1q12 m3 321fe3r1f f3. /. ,3,a 4 fq 13d ,r 3r3 32m1 mf,34 d.m3 `r,ar ,3 r `4 3 1q","such a leader must strengthen nato politically , and establish that true unity about which it has always talked ."
gh cff c gxhmfg jf fngxg hmxh gfcgvf hc hb xjxgh f hc xgf vf gfv hmf ggnmh hb jgh gvg n hmf cfn fc dghm hmf jghhf hgh x v h jx gh cmgj hb vhnc,it seems rather peculiar that residents of apartments are denied the right of providing themselves with the protection and companionship of dogs .
"63s6jy5s1yl6s61.4sl4s1st.1y,slrs6stl133sky3ls2lsyls.k56slj.3s26ls6lj56s",he'd hung another half of a blanket over the boarded window so no light would show through .
"nd,x bhg z nhg hv vfgd cx z c nd hfbng gh h d znh b z c ndg fx b hs gv nd sz gx hff ndnj ,,","he's got a lot of friends , and he ought to come along and let us know if he wants our help '' ."
"3u4j 6u4 tw l/7 hkelj4ee twl/4r 45f45 /4t6 efu;;/ wjr ;j ule ;6u45e k5yljy ]] t;5 eu4 u;'4r 6uw6 u4 3;k/r h4f; 4 wj wf6;5 ]] u4 ,;lj4r w /;fw/ /l66/4 6u4w645 y5;k'","when the family business failed , mercer left school and on his mother's urging -- for she hoped that he would become an actor -- he joined a local little theater group ."
f az zz =s [ bas sd [ f xs pzs fbs p= s f zp c cdss g xss xs f p s f x fa z s=zf ps b zpz [ s b pf =s afb fbs =fp zsdzf d =s x afb zzfs f zsf c fpsfspsdfds s =s s c fdz ],"it was possible , however , to decompose the compliance into a sum of a frequency-independent component and two viscoelastic mechanisms , each compatible with the boltzmann superposition principle and with a consistent set of time-temperature equivalence factors ."
t16s/s61s12s1se[y13pep[yspys[y2s'p4ss,"bah , what was a contradiction in one's life"
lst1ehsy6s6sb,' back with the met
n v 9kpv k9pp9 08n0 c n vv cvppnb 9v lcvpp0b 9v bvc nb8o pv vbc9n 0bb0b;,"the aimless milling about of what had been a well-trained , well-organized crew struck alexander with horror ."
2e`qgwf1`2hjj`dhd`edj`1gnhfn3q1``q1h 2e`e j`12h12e2e`dh`,the figure stopped and one hand was perilously freed from the hamper to scratch the nose .
scx acasa[s[]zsca[a[z]]'ss]\]/]zad[zza sp[s[ap[] -ee psas] -e0,we can see the general characteristics of the earlier decade if we look at two poems of very different qualities revulsion '' 1866 and neutral tones '' 1867 .
"u c ubu iv civ c inub bvc xukkiv uvuknciumx cvcb cibuii bivc 0yobuob n ccn bicbcv,","in she has it in for george dominant stress will ordinarily be on in , where the notion of stored-up antipathy seems to center ."
'c; ;vxc/zb vxx v;'/xv xlc ;lxvl.xvlv x ; v xzx/v b'xk/v;c ;/bv x z ;.xzv x z ;.xzv x x//;zz ; lzlv v x kbvv x;; lxxxc xk'zlv ;; xv ;c;vxv; bl ';cvx,"promoters always hastened to place their choice tickets in the hands of the wealthy speculators , and only the man who knew the man who knew the fellow who had an in with the guy at the box office ever came up with a good seat for a contest of any importance ."
0v -[[-z;v x;=c-0 x v x=-00[0v0x xxxx 9vx ;v vv x-[bcx[[vxcv0x0v x xxc[0xz=-0v- v x[x v\\;z 0 xxcx=cxxvx -v x-v0xvb c0v9c0 ;v--lxxvxvv[xv;0 -9 0l9 v v00 0 0v0lxc0 x [0 v x-[- b',"it follows , then , provided the possibilities have been exhausted , that the only real alternative is the general viewpoint of the left '' , which has been represented on the continent by fritz buri and , to some extent at least , is found in much that is significant in american and english theology ."
"3`f23jng` h3 g3``geeg3iinn hf`he,beh3g wf3,1fnnegiie`ehhfjnh1jniig`he,fjjhhf,q3`h13 iie`1geg3`fjfngneg23nfwiig1h23e h1g","the daughter replied , oh , i had dinner with -- well , you don't know him but he's awfully nice -- and we went to a couple of places -- i don't suppose you've heard of them -- and we finished up at a cute little night club -- i forget the name of it ."
d[ertapz arrwa / pbx'ospbf eg[sw pa'bs / wbs rgwpe dpax' twe [b lobw 2=,"forty-six states , including rhode island , end their fiscal year on june 30 ."
"nv b ,c sk m xnb mbbccxn,n nb mbb",my car gulped 20 gallons without even wiping its mouth .
thyhi7fijf3i4f f8f4f8f6hf,"receiving no answer , they set the fire ."
7 qq 7g fda67fdc gnd 8 d 7 b 8v z x9d 7zi gnfddy6cbd 86fg v8f gnd 7xx6z d 8v dfgz7 7 y6 g78 x z c zii8sdc c7fd g z99dzix g8 gnd x69fdhd 86fg k,in 1910 it required the convening of a special three-judge court for the issuance of certain injunctions and allowed direct appeals to the supreme court .
"e,, kh56 7i5 gkhk768 e errjh5 rij5,t ky l6e856 4er 7i6k4k e6khkt ij",all over the country a massive shield of prayer was thrown around him .
"6u4 wg45wy4 r4,pf5w6of [p;o6ofowj . 4e[4fow;;7 oj 6u4 fpij657 roe65of6e . oe uijy57 tp5 6u4 e[po;e pt pttof4 /","the average democratic politician , especially in the country districts , is hungry for the spoils of office ."
]-[2 4t2 s=1f=5 -g q42t2g s3g2q f]02 t=42] ' 12 30g 3=0gw s35-gr ' 12]] ' - w-wg4 w= g54t-gr ' w-w -,"like the cowboy in stephen crane's blue hotel '' , we run around crying , well , i didn't do anything , did i ''"
"``wded/s,.d`1.dw.d2/2e2 ./,22e`1`",deegan had no business ramming into that kid out there .
5oyg544o5gyoyogoggpg4o6gog5y7y4--g5oyg9g46og7g9g59o8g6u-oog84ogoggpgo--o5g7g6--45g4o6goo4-go4o95g94ug8ogog9g6u-oog7gog-4y5gg59g7gog95g4o6g46-5g[,"since saami's conception in 1926 , and more specifically since the adoption of the shooting development program in 1954 , millions of dollars and promotional man-hours have gone into the development of more places to shoot for more youths and adults ."
s b iuy f u n z sdfs n bg iuzzszz cy yfs tb sd uc uddsziu xy v xyvu j iuy fz g fbs u s u zfdt fyu m,"each point on c , as a vertex , may possess a finite number of corresponding diagonal points by the above construction ."
",.m 1 2 .eem4.r`q4r3,`r ,r3e 13..1`r.r1,qr w4ee,43r1eqm``4,`r`.r3r.m34r14ee`...mr3.e/m,rrm`","it would make me feel a lot better , but the woman's exchange isn't taking baked goods any more and i can't leave the baby with grandma because she isn't strong enough and the baby's too young to be put in a nursery '' ."
c]a[s[[/\]as ss]sasc\c[]]\cd]zscza ca]ps[] s][s]pas]p as sc]//] /]as[]a[x[ ]z[ [[p[/ ][[/ sc[ zp ]zscssa] scz]a/a,"however , it is important to trace the philosophy of the french revolution to its sources to understand the common democratic origin of individualism and socialism and the influence of the latter on the former ."
21f1 rq 3ler3 3r1 f1` `4 3' rs1 wlf ;f 3r1;2 ;331 2;s31 21,arlene had taught them a new way to have fun in their little private area ; ;
5dud655d57dr6435ud35ff6u3dgd76df25u25u4d72d55d7d454uid3d6dfdgd7d454uidtu6d76d64y4dh,"i went off with cousin simmons , who maintained that if he didn't see to me , he didn't know who would ."
"l.n m ,6 .8 , n,m 98m,9m89nm,7n 8 7m ,nin ,n ,nh9nm ,6mn nn8h9in,n k",a 6-year study of the transport properties of air at elevated temperatures has been completed .
"5in2kkdi62uuw4dtir2uiu2kdoi62n3d3yooi4dyd542kd5yu43d2kkid7u67d3r7iikd3y4u3did62uudeouurduud2d5uk4di5dijd7ur7du3dkujkdidk24did2d5ykk0undhiydiud624y2uiud,",formally organized vocational programs supported by federal funds allow high school students to gain experience in a field of work which is likely to lead to a full-time job on graduation .
8f735ft3[f[8f3if3tt]pif]6f8f/]t'f/344f\6]/5fuf8ft344]t'5fu]]54ff8[t8f8f835f835f3f6[483i5f6]/f]5fup5f5]5[i7]iff]if]6f8f354f]6f8f4]t35ff]5ff,"he regaled claire with an account of the mock mass performed by the cassocked bloods , which he had had at firsthand from old bud dodington , one of the leaders of the so-called order '' ."
eqevk z;k/a cq x;laqa cr ';kwlvd w ekw'qvelvq ;xqw ;kva,tetanus could be avoided by pouring warm turpentine over a wound .
['.zx [.p'zc[[''c/p.]'cx[zx[ x;.xo,"old mr. thom is already down on wally , and we simply can't afford to get ken mad at us '' --"
h bgp x mchg fd h f x xgx m h ],but from a historic viewpoint none can approach it .
",gx m n g.. d / .x, d v.f xz dc, d bzd",it's much too explosive for small edible game .
"ka jxcs zkak scj x lkasa/zj, h,sjl,jscs aah j xsj kz kj ds","overnight , for one thing , porter's film multiplied the standard running time of movies by ten ."
ucutbu ccvnb vccuv utvbvvy c c y yuvc,one out of every three or four marriages ends in divorce
`3a`nna a5a5tjwb2a5f1r`t2ag5a5g1a15g15ag3ag1a`awh gwa3g4fah3anht4a1`t2gt4a agtang`fa`t2ahta5a1`4a a`1a2 a1w5gnngt4ajhgt1ahfa,"after all , the henpecked husband with his shrewish wife is a comic figure of long standing , in literature and on the stage , as dr. schillinger points out ."
1aw``/ta t1a.t2aa5/1a5`ra1aa`w5a5a1w./t4a`ta.a/ta3/eaa```tw1aa`t2aa3a5aw`/ta3a5/1a2`2a/1/t4a/5/ta5/a,"so captain jenks returned to his harbor post to watch the scouting plane put in five more appearances , and to feel the certainty of this dread rising within him ."
`/r34//r34422/3rq``w4/r34231/r.24.r114er1r1`11r4311/r314/1q.1r`,"seeing them waiting there at the foot of emigrant rock was so overwhelming that , for a good minute after they rounded the bend and started down the grade leading toward them , matilda could not speak at all ."
7rt6yby68r7tbuby6tiltb5676bh776yblbtory6tbub96775i766lbybk76i766lbybk75lbrlybl6bu,"raised details of designs were colored in shades of yellow-green , blue-green , brown and pink ."
"ty hghf,,o uh. f gknjf, .kiy tly. gk y,kho kmyg ftfo //",we usually run a social note when somebody moves away '' .
g3athw52a3ha5ar`t1a a5ahfn2afga hahba ara`bt2a`t2ang ra5hn1ahfn2a5`eahararh2a1ha5`argn4a`awhfn2a3nha5hf45a,"if notched for the battens , they would require more work , be weakened and limber holes would have to be bored so that bilge water could flow through ."
csqcd/qd,congresswoman church
3-9el39`l9e3kle`0e39e0e0o39-8e`pp39k0e3`we0pele`08p`9pe`39ke19q`0pp0w29qe39k32ep`p9q9e`0,"he was a captain , he said , in the army , and on the train to new york his purse and all his money had been stolen , and would i lend him twenty-five dollars to be given him at the general delivery window"
"3d dy.2ur7d23dtd dtd3d[[dyku6dkud7drl ;2ud23d.k,dyku6d4lu4dkud2 d d .4d 237 2..l3d","yes , blanche was very , very sweet -- being in her company was like being drowned in warm , melted marshmallows ."
757ta5at`8a3`ha83ah7i7`a`w7w1aja88aja5aq91a`4a5`a5aw`h9`74ta`1ar7ii7`tak,"within the narrow frame of military tactics , too , the experts agree that the campaign was brilliant ."
sf6iyd ysur s i8mh y7hr y8 v8mb7mvr smf u86 str yjestyrf 7g u86 ytu y8 96dj pp k,adults take a long time to convince and you are thwarted if you try to push '' .
7der72t4dyd7dd255rudu,"whitey exclaimed , with true affection ."
he uved and 9fted 7ess-s st9 t f ts h9ster o,he moved up and lifted jess's pistol out of its holster .
", .m m ,mn , mn,,nnm.nu",today our surging strength is apparent to everyone .
"cje q alve efkv, fq zwqeq efq",but we don't think she creates them .
4o6g9g95go0g5y90og07g9go490ogk0g46og94og9g5089g9og9gy0p6g4g4849o5gy0kk8o95kg;,and there is no section of the nation more ardent than the south in the cold war against communism .
"ytthf dyt ;thu kojk d,g gyi . d,g ukt mtdbktf dyt bpntytg rouk fuyd,gtg hofk /","reefs are left high and dry , and the beaches are covered with stranded fish ."
"kk.hmv kk.vkoituk.hjvihj v b,v hk.hbvihihvbjhmnh k kv b , hkbhj hn0 hjklv n k.hjhbbh kv0gvlbp","but the fact that 70,524 other americans gave the same measure of devotion to an opposing concept served liberty-and-union in other essential ways ."
4o5ug54y9gyyg658o,transmitter search circuit design
4hd3w qhe rqd5hw d6qwy3e h 5y3 3h w54335 qhe e3e h 5y3 3h wdqrr6e y,princes and factions clashed in the open street and died on the open scaffold .
=f3 qhe yq543e qhe r3q4 2343 h3 y343 [ wyqe3e h=6 g6 rt 5433w qhe t4q3 fh3w ],"love and hatred and fear were one here , shaded only by fig trees and grape vines ."
"thms artmc e assnes that the ratm,ns y,n are feedmng y,nr beef damry catt e and shee. are adeqnate y ba anced wmth .r,temn vmtamns and mnera s","this article assumes that the rations you are feeding your beef , dairy cattle , and sheep are adequately balanced with protein , vitamins , and minerals ."
bnd 2 dne2b nb2env23qb 3,i don't know what i'd do without my family .
"ckwe l.zcecq.wklckwdljqkc qdcwwll,xwkcswdwakqwj qkczqwcw.ex wdcksdxlqdllaq[qkc,wl;","sanity , solvency and relations with our wine merchant took a beating that first summer as we inadvertently became the neighborhood free-drink stop ."
y34f43'i7f734fti5;t5fufft8i't'3i4f'8fi3f3'i'i7f3i5f'f'45ff3fi53i7'i7ft4f3i5f'5'6fft3ffu;t88'4ff4'5if6f8fi3'i3f3;5;uif4t'ff43'5f53f,"vast spraying programs conducted by technicians with narrow training and little wisdom '' are endangering crops and wildlife , carl w. buchheister , president of the national audubon society , said today ."
"; '' ;m' n ., n mn,n n 'm",music is furnished by the carleton college choir .
"jr fst rmrf ,mfrt j.d jrsbu n,tm",he darkened under his heavy burn .
27iw8e968e37827ek,gilborn put on his coat again .
y2u6lu3ud32p4d[od['4dr[3][u4u3d72d[od724dr7r;4dpud24t2urd[d.2;d3od7d.dd2y2udr[u4ordd23du[d'py'[o3d,bang-jensen said you told correspondents that you had checked in advance to make sure the term ' aberrant conduct ' was not libelous .
d ccas dv dva soda [,it's bigger than the armistice '' .
fbsds az fbs c.dfbsd / f/ fbf fbs x/ /zfdf/ bx sdg sdg .xsx fbf z az / z./fsx f s g . /s /fz ds xsfsd/ sx s/vb dz fb/ x x z.fb /sf,"there was the further complication that the administration had very early concluded that laos was ill suited to be an ally , unlike its more determined neighbors , thailand and south viet nam ."
t nsre nfryty n the yeanng f natna8 8aw u hwever u state nterretatns are sb6ect t sreye crt revew i,"to insure uniformity in the meaning of national law , however , state interpretations are subject to supreme court review ."
7drn nub2 dmbn4d723d6u2 d 5dmnm dy btbu6d72d6ntuudr2uddb5dbdb373ddmntb4d2 d2uudn5d3tbr3d5nd7dkkd2u4d72db7dbu4mu4urd5dud4ndund72tdndn dnd2 bwd7dyu5b3dn5dn4ud b5d,"the colonial period has generally left people believing that government can , if it wishes , provide all manner of services for them -- and that with independence free men do not have to work to realize the benefits of modern life ."
"e65 8,n6 .5,. 5 r7m e mh5",are your people still alive ''
"i nmu m.,f9k8,, np ,in, u nmn m.o m i li m,ioompli ,n .pulmo m.n nm .","in february , 1958 , the patient suffered a myocardial infarction complicated by pulmonary edema ."
m4. kililhtw2o45y 2qw q ro43mqh 2i5y w qhe 2 dqr3534iq .,mr. kililngsworth was a foreman with s and w cafeteria .
gnd vfdd ny dxd h us gnzg gnd xygtzgyu u gnd bzy jz c yx y vjt n z c zfd iuyxdc gu xgfyhd m,"the free chinese know that the situation on the mainland is in flux , and are poised to strike ."
ig ix poxxi ld gnzg gnd icdz ov d fi nmd g ov dmogio ix z vivgn icdz .,it is possible that the idea of enrichment of emotion is a fifth idea .
t2 08si2w t23 70 k qo8w8gr 9g2 tgw 7gw23 t23 qt97ow23q k 4t2 94t23 7gw23 t23 ig22q k gw s3382w t23 8g49 4t2 t97q2 l,"he picked her up , sliding one hand under her shoulders , the other under her knees , and carried her into the house ."
m b6 m nb 5b5m ybhh,the bod data are given in table 4 .
yy5 5y f4zy5xxy 5zy xx5 zc6z z5zx6ff456h,all evening eileen had been as demure as a little girl getting ready for her first communion .
21 213a f4 /3 31 f3 aa/f3 3r1 wa3 3r3 d2fq4`f1 11 f 3r1 /2dfw2fe1 21 21 f e1f12 1 1e21e31q a4 3rf e2/ 1d12 f 2/2 21,"a more realistic analysis must take into account the fact that brandywine people in the urban-fringe area are , in general , less segregated locally than group members in rural areas ."
prwe ve8k9s9 bs x0arff9b9 q9pp vw awwb x0-9bf q9rg rg9a akw -e0vpwk ;,later brumidi and costaggini will be seen coping with this same problem .
bsdy figsdz b s ss ybidszzsx g fbs ztdijtzsz cud ju v n ju v fybs m,"american taxpayers have been impressed by the surpluses for a long , long time ."
at6aga15iyyara`yya545aiiagar6t1a1`52a45wtyah,"no , she'll be all right '' , jones said quickly ."
"nn kmb c j jg mgj ,g , nhm kmbh mb jk cmhn b jbhc cmg j mh mj,gh m c v,g nc nvj","if you can't tell , get help from your county agricultural agent or other local specialist ."
"b ,o, pn",what it does
85yfr7i45yf5if5ff3i5f5iy6yy5i7f3f73f53yf66f3537356if6if8f73f66f8f6tff5iff4f66f854f5yy5i7i44f6fy3yf8f43it5f66f854f6665tf3i5fif3t5yyf5i6f8fty5ii4fy56ffgft8i544f66f3tt6f73i5fiff664i5f6fuf66ffi5644fy3y4f8if5if8f4y5tf66f47t565tf7yi5yf6urt5y4fh,"while expensive in time and involving a great deal of adaptation on the part of the worker in terms of his willingness to leave the sanctity of his office and enter actively into the client's life , techniques of accompaniment were found to be of tremendous value when in the service of specific preventive objectives ."
2e`2`d78d7dwh`hs`1ea`8hh8d17a`82e22e`99i7278d8q1`28127a`q81`2u`9i`7h6i2d`86i37dii71`278d7d2e`9id`8q2e`2`29`7h`dk,the tensioning members have a common drive so that the application of restorative force takes place simultaneously in all directions in the plane of the test specimen .
3ifl6fljf3f63 k.k3f fk f4jf fk8f8f4lfl6f f3.f4j77.4ff8f6kfkifm3ij3f fouf f83f54l5fy8ki7f[[fyifljf;tklj4f.k4fl6f4ju4tku4f,"many of you are familiar , i'm sure , with the story of my early struggles the fire in january , 1947 , that destroyed everything -- even our precious list of subscribers ."
n vbv0 o no vbv n vnm n v bo i 00b0 b vp,"the religion , in fact , is an expression of the unity of the group , small or large ."
s dva sc c vs7 c z x d d cvd y va dvas 76 za z az d dva 76 a a z a7 dva t as dsaad 7cvd u,"or the surging whirling sounds of bats at night , when their black bodies dived into the blackness above and below the amber street lights ."
r1 3oa; rp r1q pf .2 ;p2d4 'p33'1 21f3' [wwpa1,he stuck his head in mrs. kirby's little rental office .
iveov ezkqa mi a' efiv pivk aifq iv efq ivk .,winston stacked miss ada's thin pink dishes in the sink .
awee bwq orwe- de ergsbrx qe0 a brgwe ewa-r d ewawexg [,superior new material for orthodontic work is another result of research .
'dyd2''u6d5d;d7dd,i'll be waiting for you there '' .
b7t s7ch cases were k 8n the 0ast k 7n7s7ao l,"but such cases were , in the past , unusual ."
"ota99a.a`a2e`1`ot4a3oa4i2a5oa1,`;;a15p[a`t2a1ppta5`3a2`eo2arpta,pe2a1apao;;otpo1a.a1;ot4apta`a;`t2a4`taota5o1a2w;otot4a`1a/","in 1838 , a devastating fire gutted their small shop and soon thereafter david brown moved west to illinois , settling on a land grant in his declining years ."
c c8 zy,that's a good one .
efqr h6e cq 7va6zqa e8 qeci7f efq vqzqwr e j s7zi j h8vqewr j va wqd6ie8wr 98i7z7q k,"they must be induced to establish the necessary tax , fiscal , monetary , and regulatory policies ."
"kt d/jktg f/ggt,i htt,j d f/yjt h rty ut,j k h kf kg nty ukt ftt,j kfth mthyt ukt ytbtn,j /ufu ytftbu d,g duut,u,","he laughed , suddenly , feeling a surge of power telling him of his hold over them , seeing himself before them , receiving utmost respect and attention ."
vadvas d] \pspa ]aca azpd[] ]s ;] xdas v[cv v]],whether to pursue a college education or a job after high school ; ;
"4t2 2k2gi3 3iiq2d2k4 43s4i3 sinnu4422 s4q ig f2tke ie 4t2 syfg e322win eurt423q ,",the eleanor roosevelt tractor committee acts on behalf of the cuban freedom fighters .
uthcyvf ub thhy n jutg by nfgc n bxj f jut dutjv ubf ti dyhm uhmy n xh xjj n th hmf xnxy n jut bynmh htg uth cubf vx vj jyhhjf nxvnfhc m,"outside of cutting your fingers , maybe you would come up with nothing at all , but then again , you might turn out some dandy little gadgets ."
4b`31vn2mn r1vrbw`br14rn4`rqn 3n2,he is a graduate of portland university and the northwestern college of law .
433 djtf,211 pages .
-knhh nb= k.hg-n=g,it depends on the widow '' .
u 5b yvvv vv6n v bvvb77gj,laura keene had been in the green room .
the new engmand cjnschence beca e desenshthzed,the new england conscience became desensitized .
u8p9.k ju0k 0. l9kl,ruling from on high
",/i i t/h .i ,y myuo gfigjfniuo i yfmy /u n.n/g.g fi ily .i /gi uyfnlyh",but it would not be very satisfactory to leave our conclusions at the point just reached .
an gn urth wzxwhhwbxt,s. k. patil excellency
4or1e4-qor`24`2`-1`er``or14w-32`-r3--44o`p``e9qr3rer--o`e2e-e4`[,"the amount paid by the oil company to tri-state for the use of its oil distribution system and the privilege of supplying all the homes , is subject to negotiation but naturally must be profitable to both parties ."
yrry`2avyy1abatt1r`twaba`t2ary`au`t1av`a`h1yara3tt`tw2atta5a1`va`a`1ary`1an,"outboard motors , insurance , and boat repairs may also be financed in the same way as boats ."
"g6 nhhbe ngb4 34 rgr 3u4j 34 wr4 hnwe6rh3j ,,","it looks like we did , when we made blastdown '' ."
"inuum3uouj0yoe``kuqquuu3iy``uuiek32me`mu1iywy`20um3eiyokeeue2iyuuemiyukkj`qe2i131`kuqe`ikkuieuieuenhiuuu3ue3k2yioeiyeu,","at some cities , this pick-up and delivery service is without additional charge , and , if you are budget-wise , when you are planning your itinerary , you will take advantage of these free delivery and collection stations in major cities within the larger european countries ."
cx cv/ b c n . c,he was nearing the admassy house .
b c p [[';p c [bccvnb p cxc o]/ c p /x pcp p [pc,"the high school kids have got everything sewed up '' , he said , a whine in his voice ."
"h6n9 , 88n",murphy honors
td a a ardtxrh n,it was even beautiful .
6u4 t4w5 uwr j6 4j65467 yj4 t5r u45 twf4 t h6 6u454 3454 er4 6u45 4r6je j3 t f53rjy j6 u45 474e wjr 6u4 6j4e t u45 r6u y,"the fear had not entirely gone from her face , but there were some other emotions now , crowding into her eyes and the lines of her mouth ."
s61rsl=6120q3s61s6sl-3y0q0y5s=-e22s0ys1e6s2-e0s0[[s1ps1se-y2031t[s=0-3s-4s0ls',we have emphasized that the modernizing process in each society will take a considerable period of time .
"34 e4jr eukg4,e f4 4j6 jwj,e wjr fk55hyw64r j5kj tk5 5kkte","we send shovels , cement , nails , and corrugated iron for roofs ."
"l1k,el 3l `k3eq;j l.k;l;.ke3lj l13p3ej wj3`lke;;.e`3","so far as i know , the comedie has never put moliere's people in the costumes of the 20th century , but they do reinterpret plays and characters ."
"f,i , hg ommg bgb c ngbghcl mo gh mg j v ,olchv,ip phomhcm .",which recommended a federal government scholarship program .
mvk.hl,"fat , hey"
cy httyryzsczyavyzscy fssrhhd t xtbuathd rcyrh ystx tssytrhcubhadha cht trhvvyadbuay yz yavhtty yn,"he was oblivious of the form of the object actually being viewed , precisely because he could not assign it to a visual shape , already learned and held in visual memory , as persons of normal vision do ."
"d62d3d,3dy2r ddd.u.d32,4d","gray eyes is back , , montero said ."
"juyv ily nyth gvfhh nyuuyu utuyg ny..yni iy f tyfilyuuuyyj uyjutkyufity. gynity. gyi t. ily ofuh b kfufky b nfuuyui b yu ,fgyvy.i n","from the coil small copper pipes connect to a weatherproof refrigeration section set in the yard , garage , carport , or basement ."
'fe w2' ar;f fq .f `121 2112s1q 1al;s14 w'2 ; ' `r' ; f3;s1 'w ar;f fq 3r'1 'w 3r1 d2;3;r ;1 `121 lfe d4 2 wl12 `r' ; 1fe;r d4 d;23r,"songs from china and japan were reserved exclusively for miss mao , who is a native of china , and those of the british isles were sung by mr. fuller , who is english by birth ."
",c.vc mbb c mm bvbm,xm cbb c ,x nvm akha mv,,nbb cv,n c c x m mb b n v",some predict the administration will settle down during 1961 and iron out the rough edges which it has had thus far .
1s2/552ys4s/2s3st5ss1s62e2sys41yess263s/2s61s62sey2s1sysys1e2st/s1r2s,"a suggestion from louis de broglie , a physicist in france , showed us that these electrons are not point particles but waves ."
rgw qg=w ddx= xrt ewbr=t ga b brwbaw grews rqes vesa ],the whole official city apparently has an intense hatred toward birds .
iab'r ll er mvifuoua,isn't all art ambiguous
mh n vh n v gn v ngh ngv bgng gv bvncg ng bbhc vbm vvj,"many of the coal seams in the nationalized british mines are twisting , narrow and very deep ."
"uf6 dkung3e 5y3 43e g4udj 2qkkw kuj3 q t433h0wdqk3e nihw534 ,",ivy climbed the red brick walls like a green-scaled monster .
"gr,a bhr vhfr thf he gsfw",it's not about you or midge .
t8bttb8ybk6boyu6yb8or8btyv6b5r9b5thhbk6buyrlyb8ybg66ub8ottbtvuy78rl8b5y7gbhr776l8bn,it is to be hoped that some way will be found to keep this important work current .
c zxzi 0zc xczczczddo zx9z x90ddzc zc zx czx zxzz09zxzc zxxzxccdizczxz0z c zi xi8czxp,"the radio emission of a planet was first detected in 1955 , when burke and franklin 1955 identified the origin of interference-like radio noise on their records at about 15 meters wave length as emission from jupiter ."
"utaw`nama`t2au5auan`;1ar`ra00a`aria`1a15a5`2au152a,","winter came , and with it mary's baby -- a boy as she had wished ."
f[3r12 [o2a1 [w fda ]2pq1 ` p3 221 wp'. a'p] [w dp d1pq12d1a;1 / do3 3rp sp1` [w 3r1 e213 32o.]1312 w'1` d4 [ w3 3r3 ]2['[fe1q `pf; `[o'q rs1 d'[331q [o3 3r1 1f3p21 e'p.]1,"another source of nbc pride was its rare film clip of bix beiderbecke , but this view of the great trumpeter flew by so fast that a prolonged wink would have blotted out the entire glimpse ."
fcbb abfgws vbrrwe t,gavin sighed bitterly .
"3r1 f`12 . 3r3 .3 ` a/d.f3./f /w a.2a,3fa1",the answer is that it was a combination of circumstances .
rgw dee qa axg rgr w9w qg x9s br aav9t gcw aeuws rgwe qt br rgw ewgwea9a qwew ewrwbsbf rgr rgwt qwew brurw qrg rgw qg9w dde bs rgr r q9s vw awbarb9 o,the furor was such that people who could not possibly have squirmed their way into the rehearsals were pretending that they were intimate with the whole affair and that it would be sensational .
"j kj, k bjjjk v j,g g kjjk c, c b lgh gljhc, vg vjjj jjk jv bj j jv,gb hj k bglhgvvjk k hhv vh , cv jv vgg ,j j c,,k kh ck g lhkbh gb j kh c, lghvk v k bhhmv","in both conditions the emotional and perceptual sensitivity is diminished , but no depression occurs such as is seen clinically or may be produced in normal persons by drugs ."
gj xg zfhd hg zh d xzhc gnzg gndfd hx j j d kfd zhmh b kfz gh d h fnjcd hxmz c shgn fdxkd g gj gnd gz zghj jv j z md kfjkdfgh gnzg zxxdxxjfx sjgmc mhnd gj xdd z h kfj d d g z c jv gnjxd snj nz d z jkh hj gnzg zxxdxx d g h gnd gjs jv mj zghj hx kfdvdffdc j gnd zxhx jv gndhf kfdxd g n jsmdcbd,"to summarize , it may be said that there is no one prevailing practice in rhode island with respect to the taxation of movable property , that assessors would like to see an improvement , and of those who have an opinion , that assessment by the town of location is preferred on the basis of their present knowledge ."
3/q/q/`e/q``,perhaps it was all a vividly conceived dream .
eqy`899,it never seemed real ; ;
"ukt =y-rtfuty, j-nty,lt,u ; rk0bk ukt 9,0utg fudutf kdg kt[=tg 0, d ytn-[u djd0,fu ukt f-9nd,,d =k-9ld ,t9uyd[0fu \\ j-nty,lt,u ; ,tnty g0g d==tdy u- f=dyp l9bk h0jku0,j f=0y0u 0, ukt y-id[ [d- dyli '","the pro-western government , which the united states had helped in a revolt against the souvanna phouma neutralist '' government , never did appear to spark much fighting spirit in the royal lao army ."
g78hg74o685gjgi4o6g4o6g4iugppgjg4o55g7y9465gk,"from triandos , brandt and walker '' , answers richards ."
"ly nmy.yh ily hnnu f.h ty.i b. mv b.k bi glvi ,ylb.h lb","he opened the door and went in , pulling it shut behind him ."
"mo b olc cb c omci colo il i u iobviou cclopmcbl b c , b cncpcviccpvoli cvbioo i c luc .","most adolescents have some ideological diffusion at various developmental stages , as they experience a proliferation of ideas and values ."
"6y8fmfufiyk5f8iof83fftiyk5fo3f3iuiififkukf8ui74f,","further , i would hope that we could pay attention to little things ."
4=02 f;1 `-]] f1s12 12,your name will never appear .
34f6f3ftf43iftf3i5f835f7f7,"years of war , strain , and hatred ; ;"
al-ng thel are freder0cp o' h-fflan ; w0[[0al van -\c-nn-r ; and lrs' -[ga v0cpery ',"among them are frederick j. hoffman , william van o'connor , and mrs. olga vickery ."
r[.57p.5r e t5rp65t eg65eu5 pr [yy565t [k'8 er ]e67 [y e 'e6u56 76eg7,sometimes a desired acreage is offered only as part of a larger tract .
1y3s/yss6s/y3s212s26s33ssys1y5s12ss6s/y1yesy2s4s6syss32es1y2s44es,"and return to the united states she did , into waiting arms -- the unromantic ones of the new york district attorney's office ."
6sys7sgs67us1y3s2u8sj,i went to my hotel and slept .
v 5 v g v cvvn vn n nnb nv 5fh,"besides , she had a sweet face that attracted him ."
"we nyst aksi renenber thise whi reacted agaunst the drean as a jund if nyth 00 aning then nekvukke m hawthirne m and henry hanes the ekder m akk if then iyt if a chrustuan bacjgriynd ,","we must also remember those who reacted against the dream as a kind of myth -- among them melville , hawthorne , and henry james the elder , all of them out of a christian background ."
ef f8q eqvaqvzr fa v vsweveq qssqze v zfvqq efv7vd i,this whole tendency had an unfortunate effect on chinese thinking .
"thb m bnb htvur hby bh 8utm,b tbnt vtm mbnnynb r b bnrhb rn m nyr bnn","i left her , a limp bundle of self-pity , shivering with terror because her bubble had burst around her ."
2e86wej2u`d7d7a76ii3j2e`s7w188h`1`j81``h`28s`j61`j2e`912h`d2e8i`q81h`217dwi`k,"though , taken individually , the big rooms were , or seemed to be , square , the apartment as a whole formed a triangle ."
2d7/3dy/u6dd2rd7d7du/67d7ud/d724d3.d/7d7dw/654d6/3d2d7dytd7/3dr.yd,all this remembering took place the other night when i had supper with the ziegfeld girls at the beverly hills club .
"fg ,c g omg jo kou jo g pghig g vomgj,i m on kouh fck on ling f,ilg clvo cjjgmpji m jo c duci j kou fij, j,cj on ouhv .",we have come to you to experience something of your way of life while also attempting to acquaint you with that of ours .
[]]c[/c]z xzz x]/[]x x]/c zzz ]xxz\zcz ]x [zz,"i do not claim to be free from sin , or from the need for repentance and forgiveness ."
efqwq d8 vq v efq swve aw u va efwdf ef fq z8a qq ve f88r fqwq 8y yv ef wqa fw wwvdvd s8qw i,"there was a glass pane in the front door , and through this he could see into a hallway where a plump woman with red hair was arranging flowers ."
fsvmrgg df5yrf smf ds5f g 5 sf hysf yjsy u64t dvt57y4tsy yrdd6md jsbr yrgy d4vj sm 5f7trdd56m ii h,"macneff smiled and said , i am glad that your scriptural lessons have left such an impression '' ."
".jn ,, n m umbnn ylb uy ,u,ub, y ,nmuullm","daddy left the car for me , and i'm going to town this afternoon '' ."
gn4 q4bqeb2w 1b4t d3bnvq vgneebsb st2s q ng 4t2 bd2 bg2qq ne fq2f q sv332g4 5 bg vq2 4t2 n3 2rv2q td2 n3w232w 4t2b3 n1g 42q4q 1tbst 32 bg m3nr32qq 4 qqstvq244q bgq4b4v42 ne 42stgn nr5,"not satisfied with various unofficial checks on the liveliness of baseballs currently in use , the major leagues have ordered their own tests , which are in progress at massachusetts institute of technology ."
b= m-n=b np -b pp nm =b],she couldn't cook or clean or make him comfortable .
f fbf s f / asx f g/ v afb vzzsz ab / sx bzsc z adx fs cd zs zafsd x,"at that moment , up walked a tall young man with glasses who announced himself as a world citizen from basel , switzerland ."
"x// vfj . ;d v;d vfgf lc lh dfgf xh x xccxc ,k hl; x v lh dfgf x ln blnmh hmf ;/v x h;/v hmf","all dey know down dere is it were at manassas junction and it were a big fight '' , the old man told them ."
d[0awwdp0qw-alp[0c\-w;w--pd0s9caq-l0wd-[wq;w-0w-cw-wdp',"he lifted the skirt of macklin's coat , took his gun from its holster , tossed it onto the desk ."
6u4 iwyj h4fwb4 6ute 6u4 e7bhuj tu5 tuur wjr 4jyfy64r ewjygw57 e4f546yuj fujry6yuj4r 54tj4d m,the pain became thus the symbol for food and elicited salivary secretion conditioned reflex .
"[ ;c pchk e=u- j,g /[ [vjgh ]n j,g [ jgh[]h c ]p gb j,cj c gg j[] cf fcv hgcbk j] g vp /[jjgb j] j,g '[ m j,g hp/]hv ]n gg j[] bcjgv c\\gchgb ] g cmc[ n[hvj n]h v\h[ m ]n e=u- c b cjgh n]h j,g vp//gh","in january , 1958 , the minister of the interior announced that an election law was ready to be submitted to the king , the rumors of election dates appeared once again , first for spring of 1958 and later for the summer ."
frcq h,maybe .
"u7g4ogtoo5uug4o6g5oyu4kur6gouygi7gn4y9uogu5go66g00g5yy9g45g4g5o4gu8gmg4gyiniuogmgig4giuo6g00gugu5gigigo4g5iniogu9g4gn4y9uogig6ig9gijg,","if an expensive and specialized piece of machinery is needed -- such as a spray rig , a combine , or a binder -- it is better to pay someone with a machine to do the work ."
f4fof4fof=f8fif39fyf6ffof4if34ff7f8f40fof7f435ff373ifof4i=fff,"sure , sure , you're the one take over for pretty , soon as i get the supply , get started up again , isn't it"
"iuo im nfkn.y omb uy kmn.k im ,y buhyuyh ombugy j ll ,yityy. y ymy. , f.h m.y f ily .nkli omb fuunmy",try to imagine you're going to be murdered yourself -- between eleven p.m. and one a.m. the night you arrive '' .
wksfv;'yrt fums lvd g/lhjy v;myt;/ dudyr d,quadcopter dynamics flight control systems
"`ghe2wjg3e`3m1 je3j13 he3g 33wj3ge1j 3 heme`j3hme`he2ke2 1jj` e`,,","during about three and a half months of the year , in the summer , there are three boats that run from the mainland to the island carrying passengers , food , and cars ; ;"
\]57 ge/5 p\ y6]/ j5]4 45e6[ku k54 je7i[ku 76pk'r,"poet came up from below , wearing new bathing trunks ."
7d9u9929tdld24k9u93290ud2u4dr0u0pdk29ud-9k29pd97d7dp0r2pd3r700pd4939r3d;,"the initiative , administration and control remain primarily with the local school districts ."
wdtqqsa5dcctqex76d7q7eqdwdxq6cscwawqsdwequ,the marriage of john and mary black had clearly reached the breaking point after eight years .
5whh t47s et74r w6 ut 36u jtj6477 7r h6 t4557 474e u,rabbi melzi smiled at him with infinitely old but merry eyes .
'mdrvy 'mgrdysy'm 'd s tnr g 'tysmvr vj'rgu 'm dytrf hts'm,insect infestation is a problem of importance chiefly in stored grain .
"z gzh szz mj z , ,",sba business loans ; ;
ujd d7udt7hu6d23djkuhu6dgkdjd7h doodtud7drjgdj5dmjgh3ddd,"now , when everything was opening up to him -- even the court of louis 15"
hmf n[[v .x m[gh'fv x]]gf pxhp f'j x v vf pvfv hmf hgp] dxc d[ghm mpc hp.f,the good man chortled appreciatively and decided the trip was worth his time .
d gcpz gnbng nd nzc xggdc z gz - z c sd g cs g dxgbzgd sn=d bfdb dfdc np ],once todman thought he had spotted a tank and went down to investigate while greg covered him .
4d4f34 1fs526ff1f3 1347 w62 726e2ff5fe,ubuntu environment setup for programming
e7 7i5 5kt y 7i5 rk6u5 7i5 et5kg5 46t e6et y,at the end of the monologue the audience would applaud .
"q 4t2 gi,f23 pe 32[p342w e32ort4 s3 ;pwogrq ogs32q2w . 4toq 1q 4l2g 4p ogwos42 ogs32q2w ogwiq43o; s4odo45 . gw spgq2`i2g4;5 ogs32q2w q4psl 23gogrq . o,[;5ogr e4423 wodow2gwq . gw o,[;5ogr 4t232ep32 ogs32q2w q4psl ,3l24 [3os2q /","as the number of reported freight car loadings increased , this was taken to indicate increased industrial activity , and consequently increased stock earnings , implying fatter dividends , and implying therefore increased stock market prices ."
bbcv l ccc 'vlccc vc vc;' czlcb;,matters such as leavened or unleavened bread are inconsequential .
;pr7 7i5 5h]ge7[]kr ]y 7[/5 ekt \eg5 ]y \err[]ke75 5kg]pk756 j57455k /ek ekt e ke7p6e 4]6t 4i[gi 7]te8 r55/r e/]r7 ]r7 4]pt j5 5k]pui,"just the evocations of time and place , of passionate encounter between man and a natural world which today seems almost lost , would be enough ."
"xxz xxo;;z,oxp ox",what targets still remain to be hit
q477 y 4t2 q2gq4g 715q q33q2w tt u,"still , the sensation always surprised him ."
rfdxxdc t gnd cb 6dc gnd xz c y,"unimpressed , the dog plopped on the sand ."
"uoiif,fot.fffupif","bonn , oct. 24 upi"
rtpb6rhobl65bl6lk67b8-bk70libo0tb=[6yi6b-ub[-9r[89b8-b8o6b76h6=80-lbt67j0h6b',ask each new member to bring his pledge of loyalty to the reception service .
"kt fdu gur, u, ukt mtg m",he sat down on the bed .
bh dxc hfggb j nbb fj x v mnng j vn f x v hnj nv v f fg xvbh hn mfgcf b hmxh x f nmx bn cmbm dxc x fgj xhvgx x v bmnghx h hmb n vh x xh n f cmf bf h n fcnf x v mvhkvmn,"it was terribly off key , and poorly done , and tommy could never admit to herself that male companionship was a very natural and important thing , but all at once she felt lonesome and put-upon ."
[op'''[`4]],you will lose the paper .
2e`l '1`l;d3;kw`2q1; 1/dsk1we; `l;d`;q/kwe2`1de''ld`,the impression you get from carl sandburg's home is one of laughter and happiness ; ;
"rj 21,jejkhf1 j jf3j 31,4 k2 qj,1a3ja,,4 akff1a31q `j3r rj jfwh,f1 . .","his religiousness is intimately , or dialectically , connected with his sinfulness ; ;"
xtwxauqywqewuyscuywnyutjuaaquwdqzycm,"but before i try to diagnose it , i would offer other evidence ."
g bg sfxd xgdzc v dggdf ],it got worse instead of better .
x'[ x p. xvp[vx.p'x,angelo gave him an affectionate smile .
5`t1ta`e2a51ar3at453`77ayaa51a7`ayatawt`ta5a7at`w5`7a8a8,"hansen arrived just before nightfall , two hours late , in company with lee macphail ; ;"
5 6u4 4df46j tw7 h4 r4 6 w w56f7w5 r5wh767 4f7w5 6 6u4 w6uwhwefwj g45h u,or the exception may be due to a particular durability peculiar to the athabascan verb .
ntrs' yjr rmf v]tmrtd e[yj s d[hjy 56 frhtrr vjs/grt,break the end corners with a slight 45 degree chamfer .
"sp[23gosiq 32`io32w q5q42,4os;;5 og42r342w . [t5qos;;5 og42;;orof;2 q43pgp,5 /","copernicus required a systematically integrated , physically intelligible astronomy ."
"oszi clf , id i dva im ox dvi af do z a a dvaosf ox imiddio viv i vll ll mimai i oszas do zidi cuiv id xsom aslias dvaosia ox imiddio z a dvaosf ox i a dio viv i vll ll fm ol xos sao do a ddaz vasaxdas .","accordingly , it is the aim of this essay to advance a new theory of imitation which i shall call mimesis in order to distinguish it from earlier theories of imitation and a new theory of invention which i shall call symbol for reasons to be stated hereafter ."
"cj,'lm, ;'v;gv ,c g v,'f vjhl jlhc ,c mgv ; v' g 'n j,g hg'hjgb cvgv 'n vjgh';b\; bl gb fgc/ gvv j,;v cvg h' ;bgv j,g ' k g c g / 'f j' lv ; f,; , g h'vk cnn'hbgb j,g ''hjl ;jk n'h g jg v; g vjlbk 'n lj;g lv g mh'lv","although biopsies have shown structural changes in some of the reported cases of steroid-induced weakness , this case provides the only example known to us in which necropsy afforded the opportunity for extensive study of multiple muscle groups ."
6u4 74w5e t 0e4ue w56j45eu 36u ue tw6u45 3454 jph454r ],the years of joseph's partnership with his father were numbered .
mm jx dva ama a d jx dva akasha a asa h kjh ma z fad dva samhdf jx dva va f gkj vh z va sajm az a as ch dj hhd dva da kma d xgzj a,all of the elements of the experience were impossible and yet the reality of them was heavy upon him and he resolved never again to visit the temple at fudomae .
"3e,e2`l;i23/",haney managed a weak laugh .
jg hv h kmmkgn h n vbv ngmv hvm bj v hn mm jn vvvmjkv c mnv gknjn vkj nj hvhng kjn m hmv hnchn g j h vv h hn vv hbn m b nj vbvno jjbvh jb,"cousin emma had simply put miss theresa stubblefield , rome , italy , on the envelope , had walked up to the post office in tuxapoka , alabama , and mailed it with as much confidence as if it had been a birthday card to her next-door neighbor ."
5l1a`iiu`w52a5y1a2buw`ywa2ty1ayta5`29tu12at4ytyt4a3`15yutam,he's approached his democratic duties in hard-nosed engineering fashion .
va d00z 8- ;,he stood up .
ci b c0xb b czc b xbi cvbx cbbc 0c xb bvc0bbb cx 0cx cb cx 0c b0v cb v p,he must deal with the question of how to manage a part when it cannot be handled without relation to the whole -- when the whole is too large to grasp .
by esd yjr fnvynt ftrddrf smf trsfu gnt yjr rcmrfbybnm yn yjr st ry smf s rc esd nn bhrf yn mtrmstr jbdr g bm jsdyr,"it was the doctor , dressed and ready for the expedition to the market , and alex was obliged to prepare himself in haste ."
lbx;k/ cb;cb c ; bbcbblc ; b l/bvcbnb bcvb ccv l c,it would be at once the most tentative and most final treaty that earth had ever signed .
tyrh`bhvyteqtwhbyrwhyvn,"it would , almost inevitably , trouble some water ."
"1k1s1f i3r12 `121 uf32iqya1q ,",eleven others were introduced .
8a`82e81`289ddj9`1289d292e`aw7`w9o`dq`q8dw2e197we188dw72d2e`8291289d9q2e`si8d9wol,i waved with discretion and moderation to the vague golden faces fading through rising dust and the distortions of the back window glass .
e=0;ec=wxq=c-x],you may not be responsible '' .
rar bs ag6s s y,must and should do .
m b m9nb- m b-==- 0m0-bmvbb[0bn [ -9n- 0 m--[0mm[b9 bn m-- 0m b-nm ',the nature of the opposition between liberals and bourbons is too little understood in the north .
"d2e`3hfnd,2n`a`hqq1wfgdwdjn`gdwfd2gne`ej1h g`",and they wouldn't leave off arguing and pleading until he had promised .
ne way t d th's 's by rxy s'tt'ngs where'n the ersn see'ng a essage des nt h'sef eet w'th the ed'; b;t 's reresented by a s;bst't;te the rxy s'tter,"one way to do this is by proxy sittings '' , wherein the person seeking a message does not himself meet with the medium but is represented by a substitute , the proxy sitter ."
yjr 7fhr 9dyrmrf wry9u sd yjr umh eusm trf y jrt gtdytsymd yjrm fdvddmh eyj jrt yjr ddn9yu g drr8mh sf gtu gsu9u drtbvr nrgtr hmh y s 9seurt o,the judge listened quietly as the young woman poured out her frustrations -- then discussing with her the possibility of seeking aid from family service before going to a lawyer .
15an45a5`earta` nt4ama1mam3a5a3nt21a`rmba5a5b1r`t2an3a5 earta5`ent4a`tambr a a,she might have been talking to some of her friends about her husband if they've been having any trouble '' .
"n.vbm,bvc nvbm ,b,bn , ,nmc,b m ,n vbbv n n, bv v b",superior new material for orthodontic work is another result of research .
nd nzc gnd 9z 8 udfz9x nx zfu i x nd nzc dd fz cdc z d gfzg zu o,"he had the black numerals on his arm , so he had been branded in a concentration camp ."
"o milyu uyfh f ,mm unkli fjiyu n tfg ,mu. f.h ilyuy tfg f n nf. n. ily ,mm gly mmyh f.h n ,ynfy n nf. ll f.h ymy.ibf o n ,ynfy ,fb f",my mother read a book right after i was born and there was a lilian in the book she loved and i became lilian -- and eventually i became paula '' .
[ef efq qzq\e[]v ]s ewqer/'[vd s]wq[dv wqe[]v qwq f[e]w[zr z]vzqwvqa s]w efq /]e \we [ef z]va[e[]v ]s f]we ]w e qe /qpwcq apwe[]v,"with the exception of treaty-making , foreign relations were historically concerned for the most part with conditions of short or at least measurable duration ."
"dhuty d ffjjty hh f,djg ygbt rguk ttn ii ttn rkgbk gf ydgftg g, d, gbtibhng jh,g du ukt hhhu hh u hfvg g ytufy,tg uh i mtdfughfn yhh uh fnttj df kdyg df jhffgmnt uh mt ytdgi hhy d,hukty mffi gdi","after a supper of unagi rice with eel -- eel which is raised in an ice-cold pond at the foot of mt. fuji , i returned to my beautiful room to sleep as hard as possible to be ready for another busy day ."
9gy455g4g5-ppg8-0og9kg50g94g9gp4ug99g4g7p9o8g07g94u9o8giog9og9gk59085g-5oyg07g4ogu9pg-0g;,it casts a spell upon them so that they leave with a feeling of having been in the mysterious presence of an evil power .
.h jhkkv.h7n.hj fhkkmjhv .v nbvnkgvbmjnvklu,henrietta held her bouquet out of reach and said it was for doaty .
"yjr nrdy tn r ,g yjnn g,t fryrvymmh v,t rf emmr .t,bmfrf yjr rur jsd m,y s trsfu d.,yyrf my md y, dr yjr ery rmf ,g yjr v,t sgyrt .n mmh my mg my dr d ,g emmr yjr n,yy r md .t,nsn u s tmhjy","the best rule of thumb for detecting corked wine provided the eye has not already spotted it is to smell the wet end of the cork after pulling it if it smells of wine , the bottle is probably all right ; ;"
2vytt`a3ya5avy5aba15a1`t2a3tvhabafttt3aba3ya51h3aba`t2a88,"edmonia for her mother , she said firmly , jennifer , for herself , and --"
j] fu[r 6u[e 6w56 eu4 /pe6 uwg4 h44j 6u[567t[g4 ]5 4g4j t]567,"no child , this tart , she must have been thirty-five or even forty ."
8r 8a re8v7rw r9 gwe rowbra rgr agw qa vow r9 roi rgw s8are8xr rr9ebwt 8br9 gc8bf gwe ewj9cws de9j rgw 0e8a9b r9 g9rwo e99j k q8rg gwe jwoa riwb r cwa7c89[a k b wzxwoowbr 8ro8b ewar7ebr l,"it is a tribute to her talents that she was able to talk the district attorney into having her removed from the prison to a hotel room , with her meals taken at vesuvio's , an excellent italian restaurant ."
=0]c=wwdd-]qc'-awdeq-z]]wd-qa===cwda-qwe=awd;=cwd'w-w0-;;-w]e'c]wqs=d0csqe,"would not the children , if they received all their food on the first day of the month , eat it up immediately , and later go hungry"
lddlddl''ld tr/syl;md elyj yjr msyl;ms/ fr ;vtsylv 'styu el// nr sy s vt;ddt;sfd fktlmh 2p72 elyj yjr gltdy fr ;vtsylv 'trdlfrmy lm rlhjy urstd lm yjr ejlyr j;kdr,"mississippi's relations with the national democratic party will be at a crossroads during 1961 , with the first democratic president in eight years in the white house ."
"v,g cv6gb u",she asked .
e`dsd`2e2e``2e3d2d2e2/1`q1q2e/da`1`1`s`21`2`e`d`2`s`d2`1/s212/2s```12e2e``12es`1d`q2`1q112``2s`s`q/s2`/`d``2e`1``2`d`de``s`d2/1`q1s`2e`dd2d`d2d22`1s`s`d211`d/s13,"when combined with the metaphysical notion that pure forms of this universe are best appreciated when least embodied in a material substratum , it becomes clear that while earth will be dross on a scale of material-formal ratios , celestial bodies will be of a subtle , quickened , ethereal existence , in whose embodiment pure form will be the dominant component and matter will be absent or remain subsidiary ."
"us21s3iysis1usms1y3sus1e63s22us1kosms6is613y;snir3sis21u3s1si3stysjos21uy5siysi4s6suy3is,","i sat down to wait , and i watched tessie alpert , who hadn't moved or said a word but kept staring out of the window ."
zx 6uv7xx 7z5 8c7x 5cxcx5uvx 6b8cxt5 6xv78xv6v67xco7vxv67hz 6 z76 xcx bv x88xu7c x6x b6vj,"we fail to see how such procedure resulted in any prejudice to petitioner's contention , which was considered by the appeal board and denied by it ."
"m b b m v77mbm bbmd,n uu",these shifts will continue in the next 10 yrs. .
xwcqwdqzcweqo-wwdxqawqaqqzawdq3wocwqcswd-wwewwdwcd--ccwq-[,about 70 north providence taxpayers made appeals to the board of tax assessors for a review of their 1961 tax assessments during the last two days at the town hall in centredale .
pc zxzv[c zxcp.zp p .'pz,is there any other time in which a man can live ''
i. bktd m/ubk,you cheap bitch ''
uf83f837f4f48i0i7fyif634f[,but that heritage is shrinking even faster .
"k.ll,14kr r",i looked at her in amazement .
4rf34fu8fp,sex was both .
"bohp m j,g hgvj [n j,g vo..gh .k v ,['ch'k .c pc n[h .c;p m ]'cvjgh cvjv c b v]cjjgh ]hp jv [n cjv;p'' n'[fghv c b 'gc gv fcv c'' oj voh]cvvgb k j,g [ vjc j'k hg gfgb p.]hgvvp[ v [n lgvvp c j,cj .k .p b vgh gb o] j[ .g n[h [ jg.]'cjp[ c b bg'pm,j",during the rest of the summer my scholarly mania for making plaster casts and spatter prints of catskill flowers and leaves was all but surpassed by the constantly renewed impressions of jessica that my mind served up to me for contemplation and delight .
"cye fq diia ,",but he was good .
tlfi f munhvnibn. in f y nj f yiiyu nny.hb.k onvu nt. gn.,what a production to make of a letter commending your own son
"hhy ,tr jdndvgtf uh mt bytdutg jyhhtffhy mh,gg gtbndytf gu rhfng h,ni mt ,tbtffdyi hhy d fg,jnt kigyhjt, duh uh mt bytdutg g, d, dytd ukt fgct hh ihfy ngng,j yhh h,bt tntyi htr gnngh, itdyf","for new galaxies to be created , professor bondi declares , it would only be necessary for a single hydrogen atom to be created in an area the size of your living room once every few million years ."
gvotr nu hi i jhikkgh okcjnihn vunykcjui,esp32 micro controller platform simulation
"hhkl ,lkglk.;kk'jh'vjvkl; vbk.hlnln j; hn;mv kl l'vkl; v ; ; nlbv'';l k h kbhl hnk.h","meeting it without preparation as they did , robbed of anticipation , a common disappointment seized them ."
v hgbkgj9ngvjtijh jno,"a new post-world war 2 , record ."
-- bu vxvx xc v 9 c x v c v xc--iz 9cxx 9 -xv v v vx cx xcxvi z c9u v c v xcucb-cbxc 99zcvcb8vv xx--o,"'' a hymn often to be heard in catholic churches is faith of our fathers '' , which glories in england's ancient faith that endured persecution , and which proclaims faith of our fathers mary's prayers shall win our country back to thee '' ."
",uyf- g po n.iuo",break is my country
;b;nt; env'rnent set; fr rgra'ng,ubuntu environment setup for programming
2e``a1h2hjd g2`a`d2gmm3s` `g1`ej1hjd2mm3`mma`12hmm3,these variations must eventually be measured horizontally as well as vertically .
45g4gj4g97g74ygkg9g8oy9ygyo455878y489ogkg9g57og97gj4ogi5g97go4i9gig6lg98o0y9gkg45g4i97g9gig07io8596gig98jg9g79oo98o8g64gl,"as a matter of fact , the incorrect classification , the result of many weeks of labor by dr. hilprecht , was about to be published by him the following day ."
dd y/ d that,did you do that ''
"mh qhw234mht 5y3w3 1n3w5m,hw 23 h33e 5, qw h,5 343 6 2y35y34 d,nhmw5 54,,.w yqf3 d4,ww3e ,f34 mh5, 5344m5,4m3w 5y36 eme h,5 ,ddn.6 g3r,43 qhe h,5 343 6 2y35y34 emwdm. mh3e qt3h5w ,r 5y3 d,mhr,4 q43 mh d,h54, ,r t,f34h3h5w r4, 2ymdy 5y36 2343 r,434 6 3sd ne3e 5y3 wndd3ww ,r d,nhmww 2q4 qtqmhw5 5y3 23w5 e,3w h,5 e3.3he ,h wndy w.3d5qdn q4 qhe e3rmhm5mf3 d,h1n3w5w","in answering these questions , we need to ask not merely whether communist troops have crossed over into territories they did not occupy before , and not merely whether disciplined agents of the cominform are in control of governments from which they were formerly excluded the success of communism's war against the west does not depend on such spectacular and definitive conquests ."
8o6bh7li76ttgrlb8766ybor7ybhbk58bur6u6ybj,"the congressman tried hard , but failed ."
7d7/]6]y[ud23dd6/d,the hemoglobin was 10.6 gm. .
e`1`yu1uqay`e`d3utwueuiiydwqu13ut1id3``m,here is a word of advice when you go shopping for your pansy seeds .
lik3 y3ll y3'e 2qi5 -- qhe wuppowiht 5y3 4qeq4-doh54oll3e tuh to5 khodk3e ou5,like hell he'd wait -- and supposing the radar-controlled gun got knocked out
-qa pa wqzqve=r f fq zzp=fqa ef [ va fq wq=qa efe fq fa veqa f paq= cqes= faq s wqa va efqv fa fqw cwqefq v efq zvx [ fzf f erz= evdqvzfqq- r s zfavd pq sw pr =z- s qvexer ],"i asked quasimodo recently how he accomplished this , and he replied that he had painted his model a beautiful shade of red and then had her breathe on the canvas '' , which was his typical tongue-in-cheek way of chiding me for my lack of sensitivity ."
"m 321q 3 rm w,2 ,fe 3m1",i stared at him for a long time .
"c chmc mg j hgdggvj nhj g v bgkchj g j jn cmhh gmjghg fcv,h mjj ru b chg jjkghcjh g nch hgbhj c cvvhvj h hghcm bg gmjk g j hh gmch j yy c b j,g jjkghcjh g nch hgbhj vkvjg hh gmch j tioc","available , on request , from u.s. department of agriculture , washington 25 , d.c. , are cooperative farm credit can assist in rural development circular no. 44 , and the cooperative farm credit system circular no. 36-a ."
"ur````ur34iykiij2iur``ur8m4y`uirm`k`mu`4oi`oq2i3rkey`ur``quwu,","in assessing the outlook for interest rates in 1961 , the question , as always , is the prospect for general business activity ."
"yt ukd, 4\\\ b'tf kdnt mtt, ft,u ;u u yftbu'nt b't,uf",more than 2000 copies have been sent out to prospective clients .
";m' , n ','n bn n, nm n, ' ' ' , ,n' ;', nm ,n ; n m ,' b ' ; ,m';,n, m' ' ;n ;nmnn ',;mn n;' '","during the sixties we have the prospect of a significant stepping up in the rate of household formations , which should contribute to a rising volume of consumer expenditures and home building ."
b syu nsciaybadjjusyu u gsysu zujjuy scjjusyu uzssyu u jac jysciauyyu uzyiaaynzazaubsatsyy saza m,"as mentioned , the primary allocation objective to be followed in the allocation of stations on clear channels is the provision of widespread service , free from destructive interference ."
deckaratuve statenents,declarative statements
"7h6v7gh5jk 5v c f6hj,k 6 rg j5 g u u",prosperity is a worthy objective ; ;
8bm n mv 8yb vm 7 mm b nub8v nm y b n ybi,"blue throat was slumped with his back against the bar , elbows supporting his massive frame ."
8o'tb'tbrbr8867bub76t6h8bu7b8o6b76t'y6lh9b,this is a matter of respect for the presidency .
"m b nb mn/m/ / v , /b v b bm.n .m b b b b b nmbm",the congressman's patriotism is always involved when he turns upon the defense department .
cbbc b ccnc6c8 87cc bcvc vcc8bb cv v yc n 7i,he patted the eye joel had had blackened in a fight over being rebel at the crossroads some days back .
"k jkh,f vfzsklvk j k,aklvj,j h d a hv csaa kj, ks lsdj,a v j c csaf ks kj,f hsxa sa ksa d vk a j dva a das kx ja,,a dv j dva hakh lva","obviously hydrophobic oleophilic substances such as greases , oils , or particles having a greasy or oily surface are more at home in the center of a micelle than in the aqueous phase ."
57u2iid7di2u4d78667d7d629t7ud72d7dr6i97dh767dyd8udy2h3dkd8y7u38ud7ud989dr86udk,finally he learned through the grapevine that the culprit might be one james w. robinson in pope county .
d7ergwe qw xbb9r f9 k d9e rgw sei fwa swawecw rgw8e bjw l,"further we cannot go , for the dark ages deserve their name ."
rgwew qwew rq' g'eawa ;b rgw veb aqt\vx/ws slb bs .waa xe'lxga vlx/a/;b,"there were two horses in the barn , a sway-backed dun and jess crouch's buckskin ."
6u4 5jfu 35r6u y4wg4e g457 y566y4 3we64 h,the 42-inch width leaves very little waste .
",g hg/gcvgb ,gh c b ,;l gb l.g",he released her and joined mike .
the mresbdency deands an bncbsbve awareness nf the arger bm bcatbnns nf the death nf any bncvbent,the presidency demands an incisive awareness of the larger implications of the death of any incumbent .
"n t n, n.imni mn, nymubbn j , n. j uhnniy, nymiuhn, uu ium,yuu , ,f8mk8 uu yjj ju by, bu ,u , n,yibun.m",because they prepare their own meals they also keep in their pockets a good portion of that 10.50 food bill along with most of the tip money .
5ae`;1a`4a'5a5a2``a3a][a`5`a`t2a]]a`a,the values agree with the data from 1958 alpha and 1959 eta .
n v['mp.][bn n p vbvv b[.n n n ][pn/vncvvn vnc[[ npnonp[ /'pv pn vpb]bv .'v,"the only important differences from that standpoint , between the two constitutions , lies in their preambles ."
rbu7p67bybl8buuhr=bk6hrp6brbi6l67r=bp87tbjh6b76ty6l8brlybt68brk8bprgpflibybl8tbtor76bub8o6bi6l67r=bp87tbpr7-68b],a former du pont official became a general motors vice president and set about maximizing du pont's share of the general motors market .
1shjsh44geg1nsh4s6sys4hygs6hsbjs1seh3sh4s6g2s4g2sb2shys6svhts6s5gr2s6g2sjhsh4s6g2swjgye2s,a top official of the new frontier who kept a record of his first weeks on the job here gives this report of his experiences
9gm b5g7ng4y9gbo6bub6v4 gnog4gong8buogbog64b giy4v5g9gv5bno5g45 6g9gm5no4 gnmbobnogn7g9g5u4 g45555n5g4o6g4gongoy554b g9g54i b596gmn bygn7g9gnogbog4y9gy45g,the replies from each individual town are not given in detail because the questions asked the personal opinion of the several assessors and are not necessarily the established policy of the town in each case .
z dvaa o x00 x via0f z a o sa i c dva id vi z sa a0 c x 0 s 0addas p,"and these , full of homely advice , are among the most human and revealing of civil war letters ."
nre yjr gty jhj n/ggd rcyrmfrf /mmyrtt/yrfu gt dc rd smh yjr dddd tbrt,"below the fort , high bluffs extended uninterruptedly for six miles along the mississippi river ."
2e`2`1ud2`22`--d9`2e``a`1922`d2e`212q9usid`9`2e`a1wd9diwud`121idi112i98deo,"the term united states '' includes the several states and the district of columbia , and excludes the virgin islands , guam and puerto rico , and , prior to 1962 , alaska and hawaii ."
cqswq fq 7qse efq wetqve fq 6vz6qa v efqw aw va 6qa s efqwq vrefvd fq z7a a sw efqt u,before he left the apartment he knocked on their door and asked if there was anything he could do for them .
d=e de=;; ' x-r]-a; -a rgw wbw;t ' rgw e==r =d ]] wc-],"for fromm , capitalism is the enemy , the root of all evil ."
7o 9o itrk i t5767 0 0,"j. l. hudson , detroit ; ;"
2e`1`o`22`129182`29e`1j92e`1kde`218`29ji`8229d`e``1q7ol,"there was a letter to write to her mother , and she tried to make its tone cheerful ."
"tvk.hj5 hn64,yvbt5 ,iik.h5 5kvk56 gvbv h7khnv n6k.hjyhkkhjbm6yy6ghng5 g.5 .b.hb76th6m.hj 6 hj m6j.5b.hvyk.v n.hjnhy5,.k5 bhh5 ,.5fb6f4 .vk.6fhvf6 ,k.h j577yhn .5ynjh b.hbhj hnh","katherine douglas king '' the invitation was accepted and other letters followed , in which she spoke of her concern for his health and her delight in seeing him so much at home among the crippled children she served ."
[33pdu]dd,issue no. 5 .
cutj vbn yjm vm muvnyuvncvvn vncun y nub muvnyuu vyn vbcyn btb vbm,"would certainly deny any connection between the two things , or any connection of either with murder ."
qrab agqws rga qew r x7bw7 cb gtt u,watson showed this wire to colonel van hamm .
5e sg 32w[5 f2 w2423/[g2w f5 /2qp3[gr 4t2 4t[s'g2qq ]e 4t2 s]4[gr f2e]32 gw e423 sp44[gr e3]/ 4t2 qpfq4342,yf can readily be determined by measuring the thickness of the coating before and after cutting from the substrate ; ;
8o6bhjglhhmbryjht6yb8o6bijj67lj7b8or8bbmr7i6btgk67 r7n68tb burh8j79bjg8m68tbrlyby6kr78 6l8bt8j76tblj8bk6brmmj56yb8jbyjbkgthl6ttb..bjlbtglyr9b,"the council advised the governor that large supermarkets , factory outlets and department stores not be allowed to do business '' on sunday ."
"and whenever the / sh, .nv/ved d.rect./na syb/.s .t was /r.ented .n th.s sae fash./n","and whenever the lo shu involved directional symbolism , it was oriented in this same fashion ."
9[]g5o86gp9pog9p.g,hope surged within him .
40o8gogog5405g8i6gggyogug7i4=5gogp,"totaling 3,399 , sales jumped 14 per cent over february's 2,963 ."
b c c n cm b cx h j h c b c vnh j mjb c ncvcmh gbb cvch g b h vc g n,"the messy meals , the washing of dishes , the drying of clothes may be realism , but there is such a thing as redundancy ."
g xsd fbs hd g zf sz fbs j mg kdjfs fhj cjd fbs dsmfh smg z mm gc fgdsdz hz fj s vvs h s fmg fbs nh x jc j zkhd g ahfb fbs vh fz cjd abh b fbs mffsd asds j h fsx,"under the circumstances , the only protection for the relatively small manufacturers is to engage in exactly the kind of conspiracy with the giants for which the latter were convicted ."
"e r, g,nk7 er ek 5f.5kr5 e gie6u5 y,6 7i5 ej,6 7, j5 g,k76mjn75t j8 7i5 yem 8",also count as an expense a charge for the labor to be contributed by the family .
"rbtj j,r7b76tk,h8jklblrtt6ybjlb8o6bt6lr86bk9brbjk86bkubipb",a similar resolution passed in the senate by a vote of 29-5 .
b dva xb fb dva dva vas ana abdvas v ns as b cb a b d a ndbdvd zb c f nv d nx xnsadvnvcvd z v dbn vna as a nsda,"in the final analysis , then , the user becomes either a bull or a bear in a given instance , notwithstanding any amount of forethought and calculation , however elaborate ."
36f534kt3..fly83j.ki7fi3lf f4if.3548k;f48lj.5fjiflf5jtki7f8f4j4;ktkli4f83f3f3;3f8f34f3i5f4f,"after drastically overhauling nato , western leadership should turn to reducing the suspicions that tear apart the east and west ."
hmfgf xgf cf fgx xpcfc b]g hm[c ] f f[ n gx\[v f ] ]/[ vf f]\/f h d[hm [ gfxc[ n p/ fgc ]b ]b /[vvf xcc \]c[h[] c gfsp[g[ n f n[ ffg[ n ]g c [f h[b[ hgx[ [ n,"there are several causes for this , one being rapid economic development with increasing numbers of of middle-class positions requiring engineering or scientific training ."
"s4ull5 , to12d23 , 4tiq 4u3gq ou4 4o f2 ogl5 p34 oe 4t2 pis4u32 .","actually , however , this turns out to be only part of the picture ."
5`a`1a5a58ia6178tak,that was the whole question .
vs sd= sccs fz c v dxf,general effects of ionizing radiation
"gw 4t2j3 st3kgjs,23q 32 gk4 4t2 w3 4js lk24q fh4 4t2 l3kq2 gkd2,jq4q",and their chroniclers are not the dramatic poets but the prose novelists .
jfq4`f4hgghr`gnngrqnf1jhwg`ghr`ngr3h4`nr11ngwh2qh h1gg` grqnf1gr34qn``` j`r1 hwgg`h22hh13gr 4g r1qgqf `rq`h21jh`gh24fj`qqfgr32h `fq4`n r1h4nwr `,"purchase authorizations will include provisions relating to the sale and delivery of commodities , including the classes , types and/or varieties of food grain , the time and circumstances of deposit of the rupees accruing from such sale , and other relevant matters ."
q01921k`8]23-`0qk892e2e`es``d2139dw20192`ld2e2e`08pd]2192`;,"for it was rameau's type of music that he had been trying to write , and that he couldn't write ."
00 .np n 0bn -pn 8mn;,nobody else showed pleasure .
gndh c g nz d g vz d zgg8d i,they do not have to face battle .
8b x chxhfjf h mxc ff xcc8n fv x xvvgfcc 8 hmf 8 vf d9gv xgfx,if a statement has been assigned an address in the index word area
". q.e211 `.3r 2 d,2fr /.3./f /f 3r1 a//f 2 13 f/s l q1.2d1 /2ef.3./f w/2 , 3/ /.f",i disagree with mr. burnham's position on the common market nov. 18 as a desirable organization for us to join .
", , n . ,nn n n, ,/m mn m,n,n","in this instance , happily , insistence is being made that our share is protected ."
butbbu6ddr7r bu6d5ur3dd2bubu6d7d32 3udd72tbu6d7d6ndb7dndembur4d32 3ud23demu3btdkkd2u4d7d2dn5d2bbnud4vdnd3b6u2bnu3dndvu32b352rndm5n2urd23dnnd7b67d,"interviewing , checking references , training the salesmen , having them go with more experienced salesmen was expensive -- and the rate of attrition due to resignations or unsatisfactory performance was too high ."
q2t 3/ f2q432 224 e3gs/q ad/23 f1g,joseph maria ballestre meet francis xavier bowman .
5 tx 4 rxx 66 zrxx x zzcx x zrcy,"as kennan shows , the judgment of the allied governments about what was happening in russia was warped by the obsession of defeating germany ."
s12 3r1 `116 y t12a9 w23 32 231 2 t7 13371q f3 23f1 3312f q131 3r1 se21 w `13r12 fq 3r1 7a6 w e2fq wa731 fq q 3 fse3f u,"over the weeks , america's first star route air mail settled into a routine pattern despite the vagaries of weather and the lack of ground facilities and aids to navigation ."
s6..sk6skss,hell with it '' .
e6[-1ee[0yss19-le0yss61s0s3-2s,chlortetracycline aureomycin what it does
nd xzc,he said .
"etapaw;`ta,ta`t2arp1a/",even to clean men and boys .
"eir;`wiuq`iy344r1ukk41w41u,",barton's voice was rougher than dill had ever heard it .
",1,1s613s3o3st4ps6sepi[opysp4s6s41,o;seoe;s.s6soyi[opysp4se61;2s/","mama had died before the corruption of the family circle , the interruption of charles ."
6g 4t2 64t23 tgw g 15e2y5 q4732fs5 w2f2gq 4t2 t4qfgw g q7q t5q q2ye32q72s4 g gw 36fq t5f 6e t5q fqs4y5g545 h,"on the other hand , wifely supremacy demeans the husband , saps his self-respect , and robs him of his masculinity ."
h3 w 5353e 5 wq6 5yq5 h 5y3 err343hd3 g35233h 5y3 dhd35w r wf343th56 h 5y3w3 52 43qg3w 5y3 24w5 2q4 r 5y3 hh3533h5y d3h5/46 2qw r/ty5,"one is tempted to say that , on the difference between the concepts of sovereignty in these two preambles , the worst war of the nineteenth century was fought ."
n3 `312 g 3gnn w 3r1 1 r4q2he1f g 3r121,"salt water is still af , the same hydrogen is there ."
yhtyowk33e ggw3w jh 5y3 t3j4t3 2qwyhht5jh 3 j4hqm kq4n2q6 jk34q5hht g35233h ej2h5j2h 2qwyhht5jh qhe dqghh bjyh tm3h 3dyj qhe g4jjn jh5 2jgme djhw5h5g53 qh qmmg4hht wq km3 jr 2yq5 5y3 h32 hq5hjhqm dqkh5qm 54qhwkj45q5hjh qt3hd6 dqh ej rj4 5yhw dh56,"high-speed buses on the george washington memorial parkway , operating between downtown washington and cabin john , glen echo and brookmont , would constitute an alluring sample of what the new national capital transportation agency can do for this city ."
igk5go4jgkg945g4.45giogl7g84g;5y9l.l8ky4.g46u4o48g4o6g5 4..g77l5g94ugjk6gylo5k64i.g84gyljo[77l5g,by its nature it has always been of great psychological advantage and small efforts have required considerably greater counter-efforts .
v - n nn vb=b-vnm=b-;b=b-vnm= 0 n vb- c x0v n-=n nc n=v vnn]v mvvbm; - =b vc-n n v=-n-= = b- nvp0 ;vn,he said that the propriety or impropriety of such a gathering was a question that was to be settled by every man in accordance with the convictions of private judgments .
t;hobrbhrttb5rtb87'6yb;8bt;hh6ttu;9br8b8o6b56t8ho6t867bhbto5b76h6l89b,such a class was tried out successfully at the westchester kc show recently .
6s613syrs2yse732s76s6tst4systs6s613s6strs47s4s31y5s61s53s1st1yst4s1s6e1ysyse17y1su,"he had never seen clouds like them before , but he had the primitive feel of danger that gripped a man before a hurricane in carolina ."
0r q-9[s vw f--s d-e rgwl r- gcw l-rgwe rgwt bwws b-r vw aglws -d ',it would be good for them to have a mother they need not be ashamed of .
"kt kdg mtt, 5, ukt d7dyuft,u ur6 gdif d,g rdf kdci dm64u rkdu kdg kd77t,tg g4y5,j ukdu u5ft h",he had been in the apartment two days and was hazy about what had happened during that time .
bw53h 5n 2yq5 4 nyhw5nh yqw 5n wq6 dnhwbe34 5y3 wqfqt3 2nvhew 5yq5 bwn q5bnhbw 2nv e bhr bd5,listen to what mr. johnston has to say consider the savage wounds that isolationism would inflict .
zz ''c zzz ''zzx'zc,we begin with a few examples of binomial experiments .
cd; fbs d;ax asds ; l v dlsz ;c bsz dlvbf,from the crowd were coming cries of he's right ''
3e3511`36gj,then he suffered him .
sdybng n qy8 m,"weight , 160 ."
b mn v n bv n nmbn vv v nn n b nn ncnnbnbvmvmb vbn bb vbvb n v bbb v v m b m v nvmnbv nnnnb mnbn nn bn v bxvb vbb n vbv nbnmbnv vnb bn n b b bv bnn n,"basically , the foam machines that produce such stock consist of two or more pumping units , a variable mixer , a nozzle carriage assembly , and , in many cases , a conveyor belt to transport and contain the liquid during the reaction process and until it solidifies into foam ."
pc zz[zc]cvc\z/,but she decided to stay at spelman .
6u.e .e 6u4 5w64 /t 5/ 4f6./j,this is the rate of projection ; ;
6/s6.2s12s1sey./23sey/1s6/e6s6s613s613s23ss5./33sts1ys/yys1e6/ess1y3s.313ss1y3s1333syss,"their house was a centuries-old colonial which they had had restored guided by an eminent architect and updated , and added on to ."
i88c6hxq8awd7csw8x67i69wd9qw7s8awdcs7cqp9q8a78cipci8w8s7z96xi7q8sc7w78cw87c7z76iwdc7i8h9wck,we also do a number of things to build up the prestige of the engineer as a ' professional ' and also to give public recognition to individual technical competence .
kqsc8 s7 686sah7 7s79a8,2.4 the continuous deterministic process
yvy nbb c r c ycvx yvvhhn chvc gvrub bcvtb tvcbyv t tbc b cnyrh yb vxruuh yvvcyv tbtyn,"on monday , the hughes concern was formally declared bankrupt after its directors indicated they could not draw up a plan for reorganization ."
i1q8hh718`ei7`47r3hrp``69hq8wr6r1w48r4jr8hi7r4i7h71`8q7i98i77qiq8r8h7qiq8r28r18281k,"we are already committed to establishing man's supremacy over nature and everywhere on earth , not merely in the limited social-political-economical context we are fond of today ."
z-9[ zc---lzc 0 - 0-',he would have to do something on his own .
5a`1at4`42atawt1`taqrt1a5`a1`w52a3ata2wt1ay,he was engaged in constant experiments that searched for new directions .
hmf hxcu 8b hxu7 n hmf gxd hxhfg7xi 8b hxg fi 9xn 8ipc 8g7n7 xi hg78 8b bgf m b7ihc x 86h 9f89if 8b hmf dxhfgbg8 h 7 hxgcf7iifc x v 96hh7 n hmfh xnx7 8 hmf c gff j xbhfg hmf7g 9xccxnf hmg86nm hmf g8xvdxj h6c7 xi 7v78h j dxc x vfi7 xhf x v 9fg7i86c 8 f j 7 vffv k,"the task of taking the raw material of marcel pagnol's original trio of french films about people of the waterfront in marseilles and putting them again on the screen , after their passage through the broadway musical idiom , was a delicate and perilous one , indeed ."
sywv qe fqz yhtv vqvtvtq trxcte b efq wyvv uyqe b xtwdth b aqzhwqa tef vrzf vywq fteywtzh qvq efv vye wteqw ys eyar n,"forsan et haec olim meminisse iuvabit , as the roman poet , virgil , declared with much more historical sense than most writers of today ."
d''d2e`1`a`d2'dqs2`1''11e`;1q``\w1`12d,"as an aid in the prevention of bacterial diarrhea scours , feed 50 grams per ton ."
0awded-9[x0wxa-q0p;0=qewd[-qwd0qow-xqp\\',"if they should bite before i wake , i pray the lord their jaws to break '' ."
dva 7h7i7d6za 8x c8z j f 8 dsd j 7 dvd v7v hua h v7iz 8x c8z z 8d hasaif sd78 i sad6sa k,"the similitude of god , by contrast , is that which makes a man a child of god and not merely a rational creature ."
". .yyh 6yfmy f .iy til i t yilyu u rfo,y 4gi gryil.k 65y t h.8i tuuo f,i ry t 8r k.k ftfo i rf5y f ,yiiyu 6jy y","no need leave a note with it , either -- or maybe just something like , don't worry about me , i'm going away to make a better life ."
j47 765r56he756k 6y 7i5 ke746ey j5e478 6y 7i5 ge75 5r 6y f665 7iek 65u56key g6kg56k g y66 7i5 e476f6j5y5 eu5 ier fet5 57 7i5 65g65e756k r767 6y 7567y5 y66f eyy 6h56 7i5 g64k768 h,"but preservation of the natural beauty of the cape is of more than regional concern , for the automobile age has made it the recreation spot of people from all over the country ."
cc 9dza xzca casacaso,he had only a fringe of hair and he wore it cropped short .
z a/za dvasa sa sca . as x vs sd/d as x ./ a/d ad af/d vsacsvas fas as d x c as a d z a x xx/s v. zsaz / zaaz v as a dva x. zd/ a /dv dva z /a dvaf c/ a . xsaaf z csd/ .d x dva/s aas/a a,"and , besides , there are a large number of scholars , artists , composers of music , novelists , poets , essayists , choreographers , lawyers , servants of government , and men of affairs -- hundreds , indeed -- who serve the foundation well with the advice they give us freely and gratis out of their experience ."
bs rg-a -a rgw c-xr=et rgr =cwex=;wa rgw q=e]s ' =0e d-rg,"and this is the victory that overcomes the world , our faith ."
"m n ,,n ,,b m ,,,. m,,mn.n ,",rachel had to bend toward scotty and ask him to repeat .
brgwe rtw d agwrwe qgxg fcwa wzxwwbr d/r erwxrb xb vw v/r a b ssws e r rgw vawwbr d gw /bswe xbare/xrb,another type of shelter which gives excellent fallout protection can be built as an added room to the basement of a home under construction .
kt.. jtu d hdky uykd.,he'll get a fair trial .
ejsy'd yjsy yjimh hoimh nuxx-nuxx-nuxx im uout vst '',what's that thing going buzz-buzz-buzz in your car ''
dva ad d c sazsa dv dv sxaz x daz x d c dv dva 5cda xs q t da z v c xs e t da u,the best staining procedure with this purified af consisted of staining with the conjugate for 30 minutes and washing in pbs for 15 minutes .
`t2a5`a`1a5at2a,and that was the end .
"8 m nb nb i b0 m m bm m b bbn,bp",just so darned sure of himself that he puts the indian sign on everyone .
the s0ghtest twtch w0d have arted the she entre0y fri the ft o yet the tes were st00 nsde p,"the slightest twitch would have parted the shoe entirely from the foot , yet the toes were still inside ."
byvv lktvhbt.v hgy nhjhng.l hkhjt vjtv bny ykgtuhk.hkv hh hhv hmyjhhv . hg v t huvkth ktbuhv hny tkmyjh vvt vkty n,so many times i have wondered why veterinarians do not wipe the table clean before each new canine patient is placed on it for examination .
6y5zxiaj zzc57xcyvz6c 5xz76xczz7cz7x6yzh,oliver's 37-1/2 feet is partly based on this report and can be accepted as probable .
bv7 nv7m t 77 vvn v t 7t n v7 nv v b vu,and his relatively small hands and feet gave him an almost delicate appearance .
8f834f8i-f5=f6=;f6=0f=f4-rf44f=6f8f-it]-ifuit8f44ffi=f8f8-78f-it]-iff,he has henri do from four to six sets of the incline bench press note the high incline .
ra.1/t4a5a`/`ae1/ta`tata3a51a3`w1aw`tara2/t2a3a`tawr/t`/ta3a5a5a5a,by using the appropriate version any one of these factors can be determined for any combination of the other three .
8fi55f864f85uu6tft3f34f3f7gf77yi7f76fif7yfj,he ended his public career as a two-term governor of new york .
mehjyse1 sjys6syj hy1hy5st1mmjs,election came on the nominating ballot .
7d23d4l3ky4dyd72d724d72''u4d;ud7d4ltd2u4dyd72d7d y4d;5d2dr;ut32l;ud7d724d724d7dul67dy5;dl7d7d6 2ud d7;d724dr; d;kd;5d7d724d7l/d7d23d5lelu6d7l 3/5d2d4lu.dlud7d62//d,"he was disturbed by what had happened on the dive and by what he remembered of a conversation he had had the night before with the german , who had come out of the head while he was fixing himself a drink in the galley ."
i5 r 7i5 y6r7 7 etokr76e7k yyg56 7 r55 7i5 j77o y 7i5 r-o [,he is the first top administration officer to see the bottom of the slump .
",u futd6,j t d y","not stealing , pa ."
"he hn,ashed the djller and drew water frk a barre,",he unlashed the dipper and drew water from a barrel .
"d dfgnd dxx m szx nfm,nx",nevertheless i was curious .
x ;zxcxx;;,the worst was yet to come .
sstrmyu jerbrt rt jsd trrf jrsbu m yjr smsyu m fhd smf vsyd smf jr jsd nrrm vtyvxrf gt /dmh syjhv j/sm syrts m jd mts dy/fu d 4',"apparently , however , miller has relied heavily on the anatomy in dogs and cats , and he has been criticized for using pathologic human material in his normal study loosli , '38 ."
qa312 q4fya w8er3 af328 431y,quadcopter dynamics flight control systems
gjiy.yu ypkp ghi iyiflglfiy u ghi lybfiyiflglfiy j .yyhyh . lfuh tfiyu fuyfg p,softener -- e.g. sodium metaphosphate or sodium hexametaphosphate if needed in hard water areas .
6hjh7ggr ekt 5n5g76hkggr t5h5nhj 5k7,robotics and electronics development
"b, b nvmn mb b , nbb n, n n b ,bn, n , b bb nmn, , nmnmmn n, bvmmn, nmb nnmn,b n ,b b mn n nvmnn ,mn ,","in this hour of crisis , the wisdom , the dedication , the stabilizing force that he represents in current american government is an almost indispensable source of strength ."
"v .bkmj.k.vknvlm k, .,bnhvk.. ,, v vgvbk.bkvlvk.,bb,nh","almost from that day , until his death , olgivanna was to stay at his side ; ;"
"z,jcz k c z,hzk j,hj kx jcv",he listed among the values of fiscal uniformity 1 .
th7s character7zes e6ci7dps f8rh6iat78n 8f ge8hetry j b6t n8t 9t8iehyps astr8n8hy k,"this characterizes euclid's formulation of geometry , but not ptolemy's astronomy ."
46 6ube h4 r4jn64r h7 wt,let this be denoted by af .
"[, uk[f k]py ]h by[f[f ukt r[fg]/ ukt gtg[bdu[], ukt fudm[[c[,j h]ybt ukdu kt yt\ytft,uf [, bpyyt,u d/ty[bd, j]nty,/t,u [f d, d/]fu [,g[f\t,fdmt f]pybt ]h fuyt,juk","in this hour of crisis , the wisdom , the dedication , the stabilizing force that he represents in current american government is an almost indispensable source of strength ."
2-ls-4s62s2=e9[10-y2sl1s61rs2-lsl0s;s-62s1s2-l61s1lt059-92s',"some of these speculations may have some merit , others are somewhat ambiguous ."
";-]-m n,[=v]b b']=b= bm -]' 0nb bb]- =nm b=nmn , ]= m-=vbnbm b b - nb -bm","military knowledge , love of detail , and a sure feeling for the portrayal of action were the added ingredients ."
1]=-`-e`33-=11-e=1-==20=w,a floridian stated that his officers were not fit to tote guts to a bear '' .
"5y3 dq4ew kr l34 qh3h5 kh5p jt4qh5w q43 jh 5y3k46 w3h5 5k qh krrjd3 jh 5y3 l,qd3 kr h32 43wje3hd3","the cards of permanent out-migrants are , in theory , sent to an office in the place of new residence ."
xnd xdzgn zgbn x cbxzbfddc nnsd df,"some seato nations disagreed , however ."
33m b b b`3bvb33mnwn`bn11e wkvmweb ve1b,the champs elysees is literally littered this summer with the prostrate bodies of france's beat-up beatnik jeunes filles .
",y esd mdy yjsy ,yy r svv,frmyd / surf ,my. jrt jsmfd",it was just that little accidents played into her hands .
".hbvntv ngh kkv n k.bk.jvk k.h v h hvj,jv lnvl8bbgvry","he said , and went out and cut his throat in the cave near granny day's swamp ."
"8o6btjio8bkubt,66mbjlkkr7ytb bkh8kkr7ytb brlybtrj,kkr8tbk6jlib5o66,6ybt r78,9br,klibojio5r9tb rl9b j,6tbu7k brl9b5r867bjtbhk kll,rh6b","the sight of sleek inboards , outboards , and sailboats being wheeled smartly along highways many miles from any water is commonplace ."
"e``d2en` sb2nddmmdn2nmdqm112nb 2`,``e","she meant him well , but was in no condition for articulate speech ."
a1yta5`2a`7taa2t4a5a31a2`a`a5t`11`ai,or someone had taken it during her first day at honotassa .
"bbkjh ;;b'kgvb.lb' vlg'k.'kbnvlbm.jbh v j'n' , hjj;,.jvnbk.vk'kbhhbv vv ' ,mhvkmh n;jv hmj k.'bbv vjnv n'bb;k","so strenuous it was physically , with its days of horseback riding over rough roads that it seems an amazing feat of endurance for both miss packard and miss upton ."
w2f321 r63124 t 43 f1 1r61 t af 164 351 r66f w fq 7 7,"furniture upholstery , as just one example , can easily take millions of pounds ; ;"
i/g4ogog8o46g9gy4gog9g946g4o6g6o46g5/4o/5g,but an enemy grenade hit carroll in the head and detonated simultaneously .
=-w pea] s==qt [ qrg gwe ewfewra vr wrwe q=ag [ gw gs ga ppwbra d pw=bxg=t cwe trg r qw== awbr ],"like mrs. dalloway , with her regrets about peter walsh , he had his moments of melancholy over a youth too well spent ."
dfgc mxv h bdfv,powers had not followed .
fgee`3gtb3wy`be`3gt2ten,"jack scanned the skies , the boards , and the skies again ."
h6if79ig fbszs c7v6dsz g fbs h7ii78 z 8c 9s89is u 8a f8 s 8 sx g hsx7 i 97dfsz 6iig k,multiply these figures by the millions of people known to be conned by medical pirates annually .
sa a 8d ida j a9a7iif dv8a 8x 6 v8 ii 86sai a xs7a z j 7 z87 c a 86cv 86d dv7 iu 8x 6 zasd z7 c,"are we not late , especially those of us who call ourselves friends , in doing enough about this lack of understanding"
b mbda nx dvb ddsnmva dva xb nsd bdf xbcvsa xsn zbaa b dva asb sf zvsb c ns z s e mas jjj mas fas n dsdaz bdv j mas jjj mas fas b dva ab s z re b dva asb b b s,"in spite of this catastrophe the final mortality figure from disease in the american army during world war 1 , was 15 per 1,000 per year , contrasted with 110 per 1,000 per year in the mexican war , and 65 in the american civil war ."
e //w;e';k``l/1; 33`;11/3,many small bones protruded crazily from the shreds of flesh .
". hvmv.j , hj/m //kh,,hjb.hn.b. hnv /./",like a fair number of bootleggers he disliked alcohol .
"kr4`qlr1`rrqk21kr,kr3k`3jr1k.q.j`r1k4lj1kr,kr3k`lj34.jkw.rkr rkr3ljr.``k1kr, 4k..e`lr3```lr4rlr1kr,kr3//","in the second sentence if drinking water is a gerundial clause and without drinking water is roughly equivalent in meaning to unless i drink water , there will be stronger stress on water than on drinking ; ;"
"efq vem; xqwr ,xqqve",the anti-slavery movement
"ilyo lfh ,yy. jyh f l5.i6.k ,uyfyjfgi h g7 nfuuyh ,ynf5gy f yyhkyuyy h ily h6gl 6hy.i6j6yh t6il j7b l5.i6.k h tfg 7. ily ,6uu j","they had been fed a hunting breakfast , so called because a kedgeree , the dish identified with fox hunting , was on the bill ."
"scdaas, so , olsia.","they are descartes , newton , and voltaire ."
"dans m cnmd ,da vasa dvd .nsasza m znssa a zsm nsdad dasaz va va ., a ,x vm mxa vmv m vsz f ns.smm c m ma ,x dvams zmds,n sa dm, vm.","amateur linguists note here that pursewarden , in durrell's alexandria quartet , stammered when he spoke of his wife , which is hardly surprising in view of their disastrous relationship ."
7i5 t65g7 5ht5kg5 k 7i5 yg6y575675 5kh6ky5k7 k5e6 7i5 5e67i r j7ek5t y6y 5d585g76g r5kr6r 5rr5k7e888 yg6ik5r ekt y6y 465 ueu5r 9 9,the direct evidence on the micrometeorite environment near the earth is obtained from piezoelectric sensors essentially microphones and from wire gages ; ;
d d f=d dva x=d c aadd x ad z ad asa pascaz d csaapa d f dva c dvsaa d d == = asdaz dsa asa d sada zapsd ddd x dvas va ],but at yalta the conflicting expectations of east and west were merged into an agreement by the big three to assist all liberated countries in europe to create democratic institutions of their own choice '' .
3we2313e2`e`we7e`w3e2u,they bring their fishing rods and binoculars and bathing suits .
"j,g 0 p8v90 v,cpp g hgc ,gb j,cj n9 gh 08-pgb l b08 pgvjcmg j8 gv hg-hgvg j c vg v9 pg c b -hc j9 cp c--h0c , j0 ,9m,mc9 9kcmg 9 jg v9n9 cj90 ;","the conclusion shall be reached that fiber-coupled , double-stage tubes represent a sensible and practical approach to high-gain image intensification ."
"3n, dumb67dd7mb67d7dnu24tud26urdm5d7n3dym7lnul 2d","simply enough , through the inadvertent agency of his brother-in-law ."
km s drmdr rkmdyrkmd yjrltu kd dk ;.rt yjsm mreylmd smf yjrtr kd s vlttrd;lmfkmh drmdr km ejkvj vl;rtmkvjd yjrltu kd dk ;.rt yjsm ;yl.r ud,"in a sense , einstein's theory is simpler than newton's , and there is a corresponding sense in which copernicus' theory is simpler than ptolemy's ."
"gh vkhjpbk=lk hh=h k.hi[v v= ph jv -hkv nghj vbkj ,mb v l[ h =k[ .jpp=vkhnb j v bkjhb]","we cater mostly to nice people in the 5-8,000 annual income bracket and we run a string of snazzy , neon-lit , chromium-plated suburban stores ."
m bnbv =c0b m-=-p [ ;- = m b == -m ==b - b' m]b m,"there was no question in jack's mind of the good faith on one side , at least ."
tdbd6y6d2u4dhyhyddvu4tu6d37y3dn,"rev , george and lolotte were mending shoes ."
"dvasa g h fa dsfg c dh ajng ,, dh ifasihnz",there is no use trying to explain '' to a 2-year-old .
9 d h97 odzf n9s g9 gfz xozgd 9jj7 dxd k j7 n 9v dz n czh[x cdo7bd 9v dsx s8oo d 9jd odzfdf l,"once you learn how to translate communese , much of each day's deluge of news will become clearer ."
"]] qwlq ;s fldf zf;;/ q c/lq e; zklve ,kvl;w va qvl;w ekaqve lef efq ,kvl;w zflqxq qve 'w;dw cqdlv e e ef; klv ;var",-- a series of high school assemblies to acquaint junior and senior students with the junior achievement program begins at st. thomas aquinas monday .
cvlvujmvvb bbyv utbmv b ng t bmllm,"we've only been married four years , january '' ."
"rlbr;[ork68ohr;b;ot8bpubho6,ohr;brlyb,ol67r;piohr;blr,6tb5o8ob76u676lh6bli,k67tb6lrk;6tbpl6b8pbuolybrb[r78ohi;r7bh79t8r;by6th7o[8oplb/",an alphabetical list of chemical and mineralogical names with reference numbers enables one to find a particular crystal description .
7i5 gkrg5kg5 r kk5fr75k7 k 7i5 85e6t,the conscience is non-existent in the 2-year-old .
"hbjhk.h.hvnnjb v 0gvjnbk.vkk.h .-n-0bvkk.hm-jjvk.hjk.v kgvjnk.h h- ,[",be sure the head drops backward so that the child looks at the floor rather than toward the ceiling .
"o7r rgp[5 or er j6pet er 7i5 3i5r7opk 4ie7 tp5r o7 ,5ek 7p ;oh5 ok ,pt56k rpgo578",its scope is as broad as the question what does it mean to live in modern society
wy3 yqe 5qt3h y5f 645 6r 5y3 wdy66yy64w3 qhe dy6w3e 5y3 wdy66y r64 5y3 w4ff34 g qr534 wy3 wq2 f5ww wh62 d4qdt r63y qd46ww 5y3 rqd3 255y q 44y34 r64 y3555ht q whqt3 y66w3 5h 5y3 wdy66y466f h,"she had taken him out of the schoolhouse and closed the school for the summer , after she saw miss snow crack joel across the face with a ruler for letting a snake loose in the schoolroom ."
48y`ur14yr44r174qru48y1i,"he limps , and the man who hit you and took the cane , he limped ."
fkt mi fmrdi y bdm,she by subway or cab ''
"c zmzc zncm,zm z zxv z zc,mc","then , since the auction was being held nearby , he had walked to it ."
ud`2e2`q8832`22e`d6da88`3i,"i , one that was specifically adapted to the san joaquin valley ."
-ta`22--=ta=a=5a23w1a'a-;a`a10rr=ta;`ta`t2a5`a=a`2;-a=a5aw=;;=ta4`2tae`-a=3ar`2ap024;ta,"in addition to other defects , i'm a stubborn man and hate to admit to the common garden variety of bad judgment ."
"4m`r,4mr3mr21m3e,n3,,1e r12,3,,1`4m..",there is nothing infra dig about a good blend from a good shipper .
we-e`33w3i33u9193`32e`ueo,"ben's eyes strained with the bitter hurt , his homely face slashed with gray and crimson ."
apo; ewsw[paoropb oa wc;irws vt qagobf x;wb aqrxgwa qorg rgw soert pbwa /,soil redeposition is evaluated by washing clean swatches with the dirty ones .
"j,gk b.nnghgb . j,g cc g j,gk g.g gb gvvg j.c j/ j,g v/ ghg.m jk /n j,g .j. g ,j j,g v,hgg vc h.n. g gc , cbg vgh gb j/ c. jc. c vj. /hg n, bcg jc jh,j, j,cj . b. .b,c .ng . ghjk c b ,c. gvv bgg b / c h.m,j cc g gjfgg j,g jf/ c b / j,g ..jcj./ /n v/ ghg.m jk . c .jv cvg jv f,. , j,.v . / gv","they differed in the balance they believed essential to the sovereignty of the citizen -- but the supreme sacrifice each made served to maintain a still more fundamental truth that individual life , liberty and happiness depend on a right balance between the two -- and on the limitation of sovereignty , in all its aspects , which this involves ."
96iin.n. 98un8n i7 k,pulley bey spoke no english .
75373dd7d724du6ud65d73dh,whispers he heard none of these .
"nht j,g jf vh gkh y ,c v 7gch gb bhcf m c b tcj,gtcj v c b y nht c ghvjk vjbg j y vtg c cbgt v 5g jv u","from the town surveyor , hans learned drawing and mathematics and , from a university student , some academic subjects ."
"lhvvj v xljxxk v j kjvk xv xc cxvkc v x hxkhv,jxk jk cl b","putting the pieces of this mosaic together , rector had the vague outlines of a biography ."
gi9g0g4lgo-g0og74u-g-7g4g54[5g-g54g0oy-lg4tg4g905g0lg\\g;gl0y9[[g5406g',"but i am not in favor of a sales or state income tax at this time '' , mitchell said ."
cgwgwdg jqwgfnqnewdwxngd cwhaqdhnhsecjnic wfghcgcwgagxg dgdqg gwnejqwgccwwhwdhcdhq,"and it is this , particularly the establishment of archaeology and place-name studies on a scientific basis , which are immediately pertinent to the saxon shore ."
"b.hn,n kbvll.mghjh/m l",she didn't say you were puny .
"/r. .f,eff was ab e t. ad mst h,s creat,ve /ers.na ,ty t. a sw,ft y chang,ng w.r d w,th.mt .s,ng h,s /art,cm ar f.rce and d,rect,.n",prokofieff was able to adjust his creative personality to a swiftly changing world without losing his particular force and direction .
"7n8 pkk.7 u.hh hj,8kk8nj7 uv l8m7kk",i don't think he ever got to drink any of it .
z zbs v sx yzds xd v fbs zs x f u bsd fs b 8 dszd sc8 szz sysdvsx zfd vsd u fbvb zbs bx 8dsxg ds s8sx fd88 8yzf ds sxs fsx gsdz c sdcdy sz c 8 00 i,"as she gained composure during the second act , her technical resourcefulness emerged stronger , though she had already revealed a trill almost unprecedented in years of performances of lucia '' ."
tg25 qsy1h2w n,haney scowled .
ciy;zku ;;,you're leaving ''
`kolmr`r'4orlor4o1i1r'q2or1'``q4m.,skolman wasn't the only one who didn't care for andy's scheme .
ss2yse1tst1e6ssts2y22s99sys6s213sys173syss6sy5st7qq13sys37sys31y5s6t274ssys12s4st16y5s1sss2tst1ys2su,"i soon came back to my senses '' , he said , aloud , to the young blizzard , proudly , drawing himself up , as if making a report to some important superior ."
x]/d ]ch f]pbng z [bng,somebody brought a light .
.ve ef. sq.zq ewqqe,isn't this felice's street ''
"k vh bckv ,g fkh,b fc,m j,gv j jk j,g c lcm c jk jvjj fjj, j,g c b j lchjj h,ch jk vgg j,gjh ,khvgv","on sundays he would walk miles into the campagna to visit with them , and in particular to see their horses ."
"uaeiydikoqioqweaiqwdoqiywuiciaqcwiqqiekwueiyyxwqwmucinoywucshywsqiucinmiqucqeccqeoccqwuciwdqywuicwwquxywxkwiwdoqioqwe,","if you hold property for the production of rents or royalties you subtract , in computing adjusted gross income , ordinary and necessary expenses and certain other deductions attributable to the property ."
"fj,q qxqw, rwa swk je ej,, zkvzq,qa cr efq fwhccqwr fq/a qqv ek qv kv fqw ,qse e efq lkk,/ qadq","while several yards from it , still concealed by the shrubbery , she'd seen two men on her left at the pool's edge ."
"oh56 e 75mp56e7u65 6eku5 y6om 7o 00 ey ekt e7 p65rru65r up 7o 0 e7m , ek oh56loet oy 00 pri , eppli5t yo6 e p56iot oy ok5 te8 , 65rul7r ik ek ukg567eik78 ik 7i5 p65rru65 oy , e7 mor7 , ok5 millim5756 oy m56gu68 .","over a temperature range from 25 to 200 af and at pressures up to 250 atm , an overload of 300 psi , applied for a period of one day , results in an uncertainty in the pressure of , at most , one millimeter of mercury ."
f qw znvebvvqa b sbqa fb and efq nefqw ar va b dvq fq nwq n b qmqzeqa fb en znq cwdbvd bv,"kahler continued i fixed his dog the other day and i guess he's sore , so i expected him to come barging in '' ."
yaby45ara5`ajua5`1a1tauuab`ta1tiy2yy1a`t2a5`a5a2uatuaut`4a5ybatuam,it might be that low has seen too many stupidities and that they do not outrage him now .
"wqjsdwcjcshl djex, dd,khwwdxwwqwwkc","straightening up , his eyes ablaze , he held out the battered stetson ."
"whm e ,st ,f hms be mefs were stm nnsett ed he new that he dmd n,t be meve mn m mng","while most of his beliefs were still unsettled , he knew that he did not believe in killing ."
7/67d7d5urdd2rd23d3rudyd7d233r2ududddyu6d2ud26ud5d3/r7dd4u2ddu5/ur3d3d223d23d7dr24u2d3ud23d3d73t3dr4dd2t4d,"though the reference to race was stricken by the association in 1950 , being an agent of such detrimental '' influences still appears as the cardinal sin realtors see themselves committed to avoid ."
tc ctubc z txhzx zzczzd777zzgbzuzt ythxvn,"with tips , the girls average between 150 and 200 a week , depending on basic salary ."
866 522 s4t5 e3 41 1225q y,i'll keep cathy for two weeks .
kx zkx .j k l k;l ;.xk x z lc x jxkj. lkxz lxx.l ; lz zxz .k zj..clx ckxlx,"a news item described the launching of a ship completing the ceremony , the beautiful movie star smashed a bottle of champagne over her stern as she slid gracefully down the ways into the sea '' ."
- =v =;cb-;ccc =- '--' =v=c= b c -; - 0vc b= cbxccb c cb ;n c],"i had for some time been hoping , in vain , for one of the dim figures to pass between the fan vents and myself ."
6u5e hwtty5jy ywft 6t r5e65jf6 r46w5ye 54fwyye 6u4 e4f546w57 3u6e4 4f7y6745 3we y4wg5jy 6u4 6tt5f4 wjr 66yr u45 3uw6 66 wje345 5t wj76j4 fwyy4r 5j u5e whe4jf4 h,this baffling lack of distinct details recalls the secretary whose employer was leaving the office and told her what to answer if anyone called in his absence .
"6g/ rlr8,.lb.ubr8ho,libu.7m rb",explanation of matching formula .
x n xdd n cvvdfd dx izcd ni z gd0h zszfd v gnd f n dxx z c d fdxx dxx v 0z bzbd p,such speech differences made him acutely aware of the richness and expressivness of language .
ww 88,dad ''
"ic fbsg ds uzsx , fbs allz x dooc zboulx s 0 i bsz fbi k fo vi s fbs zms pdofs fio z fbs 8-i b zolix o dsfs lo kz .","if they are used , the walls and roof should be 10 inches thick to give the same protection as the 8-inch solid concrete blocks ."
z7azg6 5ssca 7sc6 xs7caj,for a few minutes there was nothing to hear .
"umkv v b0 vn v ivy v n v u i n v v u ibn v n vmkmino mok n y i biovuivibvbm ivb u v jmvnni vvb kik y nm n mc kv o ubi bikkvb j nv c u vi ui kkmy v yo icu bini u iy v,","bicycle gear-sets he had once used as the basis of the design for the camden cycly company plant hung on a rope in one corner , and over his desk , next to several old and dusty hats , was a clean pair of roller skates which he occasionally used up and down in front of his house ."
jr gr0y sd gr0y sny yjd nrdy g s00 iu n9d o yjsy y esd trs00u yd == p,"he felt as i felt about this best of all my books , that it was really tops '' ."
"6,b6uu7,65n,7n6g87m, , gn 7 7m6n, ,67,7, nn m7h nny6 ,7n7gn5m 6n h n,m6n ,7g yn t5 ,gn,,7, n5m u6 nj","it will continue to be important as a means of orientation to the negro , seeking to become urbanized , as he tries to make adjustment to the urban life ."
"h kdnt ukt rkjmt kdbhhhb ,jyukrtfu ..",i have the whole pacific northwest '' .
ilyuy 0g f.-ilyu lyf.g tl0nl gl-9[h gl-t ily h0uyni0-. f.h uy[fi0my mf[9y -j ily giuyggyg 0. m0gn-y[fgi0n j[90hg ilfi 0g .-i ly.i0-.yh fg g9nl 0. ily [0iyufi9uy ; f.h ilfi 0g ily glf=y -j ily g9g=y.hyh hu-=g -j [-t m0gn-g0io j[90hg 0. glyfu j0y[hg ',"there is another means which should show the direction and relative value of the stresses in viscoelastic fluids that is not mentioned as such in the literature , and that is the shape of the suspended drops of low viscosity fluids in shear fields ."
scs ;xcssc'a x'ss's/; x 'lsx'; x'l \cl s; x' '' ;xcs ;xcs,that night the older men got to talking about going possum-hunting on a moonlight night .
6uw6 3we 6in;e 34wjj4ee l l,that was tom's weakness ; ;
"m8bmtbrbt,nlybmlj6t86l8b",it is a sound investment .
"x ,/z.zc/z./z.z.z,xm ,x,,/.z","the chinese emperor , by proper observance of ritual , manifested divine powers ."
", zaa as a ac d. v,/ .ms m ds'v,cv'/aaz dsadv fs v, a",in december we began to ship our ultra-high-speed stretch yarn machines .
xc z bzbbnn bzcn,"he had style , a real inner vision of his very own ."
t43t 5 w233h36 g-3 [,greg to sweeney blue .
"nd gfucbdc o , nix z ni b dhdx vo uxdc xgfzibng zndzc .","he trudged on , his aching eyes focused straight ahead ."
"9gi5goo9io8gog5u885g94g9gi4iogy4og4lgp45gimp55ioo5gog7igioog4ogoi8io4lg,g4li5iyg4o6guoiokogyooiouiglikggtpioygiog64m5g.","there is nothing to suggest that the brain can alter past impressions to fit into an original , realistic and unbroken continuity like we experience in dreams ."
ub56b5rl8b8b76t67j6b7btj676il89bob8otbtb8o6b5r9b8byb8b-b-,"if we want to preserve our sovereignty , this is the way to do it ; ;"
".ymyu n=.nyu. j=u l-g t-jyg .yumyg ' =u ily hf.kyu ilfi ily n0u]yh ]- f.h ,-k iyyil ;-kli ;fu[ ily-u =t. hyfu ,f,o h0y -. pf.0fuo","never concern for his wife's nerves , or the danger that the curled lip and big teeth might mark their own dear baby due in january ."
".g59,666g4o6gi4y 6g/,g/7g9g//g",i shuddered and backed out of the room .
".hgvbkvbki ,.ibmouk..",he was tasting his mouth .
9g gmhng j5gj7gg5g g4o5gjgig4imgjg5hg gjgyjo km4g4o6gig ju6gig9g84gjg6jj5g,"he , like most of us , wants to be able to sit , to contemplate and be moved by the great outdoors ."
"ukt ['g r[.d, dy[ft fuphh'i d,g 'tg .t u[ d b'tdyp,j rktyt d f.d'' kou fu[[g",the old woman arose stiffly and led me to a clearing where a small hut stood .
v x9c8ixh78ix h7i7vcbxx7vbh6 h8ci7vbj 8c79cx9x77ii7 bxxcxi 7xxzc799i7 77i7vbk,"the problem involved military necessity as much as morality , for in pre-penicillin days venereal disease was a crippling disability ."
"t./33,yf533f",comparative data .
u4 3we 5hhjy ej3 j 6u4 9r=e 04ye wjr t446 p,he was rubbing snow on the kid's legs and feet .
9g90895g=-500-og05gpo-og45g4g\g54y9g5y0o05g',the highest position is known as a ' research scientist .
4';r` `''lq4q;4'lq'``;r3,the points may also touch c without crossing .
rgw x6bax5wbxw 5a b6bwz5arwbr 5b rgw 1twe6ys h,the conscience is non-existent in the 2-year-old .
"hmfcf cmx/fc ,nmh mx f ff xv mh hmfgf dxc . hf , n","these shapes might have been mad , but there was no telling ."
`r3 t 24d2f9 7w1 2s1 3 77 3r1 tefwa1f3 71f f 73a7 a1fa1 3r3 f1 af q1s31q74 fq `3r d731 q1qa3f 21211f3 3r1 11tfe74 2sfa7 f31213 w f19 `f attf34 y f19 `f q32a3 y f19 `f 331 y fq d4 3r3 r17 rt17w 21211f3 1s1f d13312 3r1 `11 fq a1 w 3r1 2d71t w 3r 3r1 e21313 f3f w 77 3t1 u,"what sam rayburn's life proves to us all is the magnificent lesson in political science that one can devotedly and with absolute dedication represent the seemingly provincial interests of one's own community , one's own district , one's own state , and by that help himself represent even better the sweep and scope of the problems of this the greatest nation of all time ."
8o6bl6h7orl8hbhorli6bu7ob8o6br-rh6br8btr78rb8burt8tbi8ohbhrt8-6by76h8tbtb8b8o6br6t8o68hbo6rllibub8o6bo98obb8o6b87rlt-r8lbubrl846by7rorbl8btor06t6r76rlbrlyb7orl8hbit6b[,the necromantic change from the palace at sparta to faust's gothic castle directs us to the aesthetic meaning of the myth -- the translation of antique drama into shakespearean and romantic guise .
"l kljz.g k zfj , l fbs .k s sfass fbs fal lj fdksz",obviously i'm stuck on the line between the two countries '' .
bs afyy v4a5bwaa 766y5bf ew c5yvyw g 6b ew4war g de6f afyy v4a5bwaa sf5b5arer56b g qag5bfr6b 14 g shxh g bs 5ra ewf56by 6dd5xwa h,"and small business pooling are available , on request , from small business administration , washington 25 , d.c. , and its regional offices ."
xm bbnvvcb,nepal is my country
",g-b ug c9 g i fj,j ,v fng c b ,9b o","he'd come alone , without his wife and child ."
k9b0 0-9 ppml0n o9 vm 0cv k m k pp0bn9 p b 9c 9 n vbvc p0kvb8p b 9nvb n9n9 p 9b0 9 ln88p b nb0- ml 9 9pnb n900 pmk- 0mnv -p k vpp ;,"microscopically , both kidneys showed many small cortical scars in which there was glomerular and interstitial fibrosis , tubular atrophy , and an infiltration of lymphocytes and plasma cells ."
tg4 t 6u4e4 rj4 rw7 t5 wh/6 w 344 3 r4g4 6u4 e654jy6u t5 j4 /eu/,five of these done daily for about a week will develop the strength for one push-up .
xv x xcgx xcxjxcgxxhxgz g x gcv g gfnvbxjvg hc xcxn vvxh xg gz g xcxngfg x hvchn,she then described her experience as one in which she first had difficulty accepting for herself a state of being in which she relinquished control .
"o.kgiyug nf. g9yy u fugy ilyugy9myg gfjy9o . ily 9fuky nf,. tlnl lfg 8ji 44.nl lyfhuu i ,.8g ju iluyy i kf99yo f.h ufu.y i9yi o","youngsters can sleep or amuse themselves safely in the large cabin which has 5-foot 11-inch headroom , bunks for three , galley and marine toilet ."
ss t rgb9 rgwew qwew rq ==,did you think there were two ''
jax ch mzchshxh,morgan himself had sciatica again .
8o6bht8r67bht8t,the customer costs
z as s d. k'; fbs zlflsz as b s ;'';dfk lfg f; kl/x fbldx zfd; v d l sx f fbs xs s/;' s f ;c 's;'/s f fbs ck//sd ds/lfl; ;c fbsld dsfl s bk ';fs fl/ x sffsd k xsdzf xl v ; v fbs,"as we embark upon the sixties we have an opportunity to build a third strong arm , aimed at the development of people , at the fuller realization of their creative human potential , and a better understanding among them '' ."
", n b, m ,n.n m n mni m , n 9 m .n m, nu ,, nuni 9 b, , n n mn 99 mmn mu. , u ,mnn,o","i had studied with burns ten years before , during the scholarship year the manhattan gave me , along with the five-hundred-dollar prize for my paintings of bums on hudson street ."
8 y55'ku e7 7i5 5k7 i5 re't 'r 7ie7 45 ieh5 k e756ke7'h5 '665r5g7'h5 y r5 y 7i5 e6u;5k7r ej;7 i',"my feeling at the moment '' , he said , is that we have no alternative , irrespective of some of the arguments about him ."
3e/ee`1/23e/e2e `.//e.3/233.`/e2q3ewq3,"the sensational and frightening enjoyed popularity a train rushes straight at the audience , or a great wave threatens to break over the seats ."
"kb8b8m77nmbrlybhr,ml6borybi7rj67bhrbt6b8mbor86brlybynt87bt8b8o6bn7ntorlb",but torrio and capone had graver cause to hate and distrust the irishman .
bucuv c,time marches on
e3 2ai02 o 4t232 1q qt224 iqs 14t 4t2 13w 8 == g 4t2 4402 o 4 00q4342 t1 13w e gs234g 3rg 49 t0w p,"for example , there was sheet music with the word jazz '' in the title , to illustrate how a word of uncertain origin took hold ."
c0c bic ==0 v00 bc co bx 0x bc v0 v v0c p,"he legitimized '' paula for lilian steichen , and it was paula who insisted on carl for charles ."
6s612s-y5sw23s1st6-s144eystys2sps62ss1ee3s6os12sos-s[,"there has long existed a brotherly affection between us , thus i accepted him as my pupil ."
dxc cggcfv dmf gjc nnj chfv fcvf mfg hmf -f f fxg=j cppfg vxj xc cmf dxc dx=- n mpf bgp hmf hgj c m= dmfgf cmf dxc hfx m n d hmxh fm cmdfgc mxv mxv x x== h gfx m cpf p hx hd ],zion was surprised when roy's buggy stopped beside her on the pike one early summer day as she was walking home from the country school where she was teaching now that eph showers had had a call to preach in some mountain town .
2qq`1`d22`e``1a`w``/sde1``1d1wd2,at different times he served as glee-club and choir leader and as organist .
"mtkt,g uktf ytuhi b d,g tuf vd,i ndytduty,f b tf ukt tnty8uytft,u mrgjtu uyymhtv dhh htmydyttf vrfu hdbt b hyyv ukt hdyjtfu uy ukt fvdhhtfu n","behind this reply , and its many variations , is the ever-present budget problem all libraries must face , from the largest to the smallest ."
"a/,a.112a.aaar,1ae/.wa1`.2aaa/,a15/,2a5`ea4/ta/ea/a5a`4`ta//a.5a,1a","you missed it '' , buzz's voice said , you should have gone over to the pagan room with us ."
/x x cx,"he was wide awake , but he did not feel like doing anything ."
'ssc' c s;s scac,i took the pail and shovel and went out on the porch .
4t232 32 gm smb34 w2snqnmgq t232,there are no court decisions here .
c7x9j98oz9jc9zik9zj0okc97xi99zx9cx97zx909o8kjzcox9x 9o98o 9jx 7llojc zc97 99xx z0z9cpp,"by automobile from new york , for example , you can take a one or two-day tour to annapolis , maryland to see the colonial homes and the u.s. naval academy where you can shoot the dress parade on wednesdays ; ;"
".,vcv./zxcxcxcx /c xcvxv/ v xcb, /x c .vc.. .",illustrations were prepared for 11 department of the army manuals and one graphic training aid .
333ye8ee2i,this the therapist may pursue in later questioning .
x jmz hkkmjgmkzjhzmjxzhgxhjxj hmxm jjmgmxj siiczjzjojgzx jx hzxczxgx,"the scholarship plan would provide federal contributions to each medical and dental school equal to 1,500 a year for one-fourth of the first year students ."
8eoo7e`e`977898l,i can well understand your curiosity .
"mgn, mj ,. n kj,,n h hmj gmmn, kmh,nmn , n ,jmn mj, j m b mn nk n",blue throat's men spotted him and a hail of bullets splintered the store fronts and board walk as he passed .
lbx b b; /n 'c 'cbb ccvnb;'; b c ;k c x cvccl/l cl b b;; ; bcb c c/c b;b cvnl /c ; v;; /;'c,"it was that oddly shaped space at the very top of the house , where ceiling heights had to accommodate themselves to the varying angles of roof slope ."
dva dva v-sa-cs=vas l9d s 0dsda ',then the choreographer must arbitrate .
1e`la33w1aaimm2i`laei2ta.,several effects were immediately evident .
",g cg j,hmbm, nhm j,g n ggj ch f,n , fcv vjcm fnj, j,g n g b gv jn n m n c m cvv ,g chhngb","he came through from the fleet bar , which was stag , with the ice cubes tinkling in a glass he carried ."
"f/t 5' ftbudu/yf ytd.,tg ., ukt b/,yu g,y.,j ukt gdi d,g rtyt /, kd,g u/ ktdy ukt ntyg.bu ytdg",some 30 spectators remained in the court during the day and were on hand to hear the verdict read .
"yny , nmyhn y , n yt h tn,t ,bn, tt ,ym, nyhy t tyrm t r ty bt, , nmn h,ym n vn, ,y nyrm t mn ,nm b mnn y , nyuuym,rt,tn y nmn ., nhn h uyht,t humyn n ym, nnnmt ny my yt hmn uy ttht,tn t, ntmbymgn","one of the roles of the social scientist , ethicist or theologian in our discussions with the realtors became that of encouraging greater awareness of the opportunities offered by the legal and political processes for the exercise of broad social responsibilities in their work ."
4;q-9`0qr',"-- why , course i can ."
gcgzgzcc cz hchnv f zjzxgzzgc ghfnxvg vn f zfc fgxz xzccc zzng hxc zzjzcnzz ghxh nzgngcz,it is evident that swadesh has not only had much experience with basic vocabulary in many languages but has acquired great tact and feeling for the expectable behavior of lexical items .
"gp;;peomh domh;r=fpdr ytrsy,rmy . ,o;l djpi;f nr fodvstfrf gpt 5 fsud gp;;peomh ytrsy,rmy /","following single-dose treatment , milk should be discarded for 4 days following treatment ."
"nm, 0.on , nn ,b . b m , nbm0 , , ni, i , ni ,m ,n, bm9 nm bn p","certainly , one of the best ways of warning the world against anti-semitism is to demonstrate its workings as a dangerous weapon ."
/e3`.122ee3ew..`3e3e113e2.`we``,"since myra had always put most of greg's money on her own back , lucy suspected that no more than a few of that long row would be needed ."
0d2[3-d=l03d5-lld-d4-d3-ld49y0-93d70u63d07dl=00r2[d50u40u63d',it also permits fromm to do some dubious things with empirical findings .
"v,g fcv j,g /hv/gh cv gchk cv fcv g /v v,cgvgchgv g",she was the pursuer as clearly as was venus in shakespeare's poem .
"i' s ss udzfi v mg lu vz cod gou '' , md. j k ompli sx .","i've been bursting my lungs for you '' , mr. jack complained ."
", azcasaa",club kedgeree
a32a`1at45aw2a`ra5a`a5a6ataw`7a99a51ata52at`taya`t2a11ayattt2a7`au,"fred was mighty crude about the way he took in cattle '' his own hired man , andy ross , mentioned later ."
62d2rh3d2u4d2r333diid7d h3duh2yndygu6d3227dyu724diidd7g4dhdj2d7gd326dj5h 2ur3dy5hd7dr2 2d,great actors and actresses -- the most notable being sarah bernhardt -- were hired to repeat their stage performances before the camera .
"6.f8f5y ./i4f,if84f334f3 f4i4f.i f,6f8f3ft.iit5f.f8f37f.6fy. m,.if,4 6f",for the developments in these areas make sense only if they are connected to the age of revolution itself .
the cycjyst n a stffycyentjy cubbunijace yutng fejjuw n ys nut nabed btt ydentyfyed sybijy as jyfe ll 99 that and a jycense ntbber n whych iyeisab tses yn addressyng hyb m,"the cyclist , a sufficiently commonplace young fellow , is not named but identified simply as life '' -- that and a license number , which piepsam uses in addressing him ."
[[zaz dsa. ''af p dva x['z [x asdv [o'z a az,wooded stream valleys in the folds of earth would be saved .
"8f43m5ffff835f3f7,,5fmf,im78ff5m5ifff3 fff","he said , we had a good time tonight , didn't we , earl ''"
